22:11:52.098 instance: ARMING in pid 103864 - marker maplecw-hook.multiclient present, this is the SECOND-OR-LATER client on this desktop, so the guard will be SUPPRESSED
22:11:52.099 instance: hooked user32.dll!FindWindowW at 0x7ffab1203bc0, stole 14 bytes (48 89 5c 24 08 48 89 7c 24 10 55 48 8b ec 48 83)
22:11:52.099 instance: hooked user32.dll!FindWindowA at 0x7ffab125ab90, stole 12 bytes (48 83 ec 38 4c 8b ca 4c 8b c1 33 d2 33 c9 e8 75)
22:11:52.099 instance: redirected kernel32.dll!CreateMutexW by rewriting its forwarder slot at 0x7ffab02855f0 (0x7ffaaf457230 -> 0x7ffaa8e622f0). No code was modified; callers that reach kernelbase by another route are unaffected
22:11:52.099 instance: redirected kernel32.dll!CreateMutexA by rewriting its forwarder slot at 0x7ffab0285520 (0x7ffaaf4a7460 -> 0x7ffaa8e61f90). No code was modified; callers that reach kernelbase by another route are unaffected
22:11:52.300 instance: CreateMutexA(name="Global\\WvsClientMtx") already_existed=true -> last error CLEARED, this client is a later one
22:11:52.722 ***** SESSION obj=0x6153a48 +0x2270=0x00 +0x227c=0x00 world=0 channel=0 -> no dialog (flag bit 2 clear) *****
22:11:52.904   291 opcode=0x03E4 elapsed_us=95.9 ret=1 flag=1->1 state=2->2
22:11:52.914   292 opcode=0x03E4 elapsed_us=98.9 ret=1 flag=1->1 state=2->2
22:11:52.915   293 opcode=0x03E4 elapsed_us=62.7 ret=1 flag=1->1 state=2->2
22:11:52.915   294 opcode=0x03E4 elapsed_us=43.5 ret=1 flag=1->1 state=2->2
22:11:52.915   295 opcode=0x03E4 elapsed_us=49.5 ret=1 flag=1->1 state=2->2
22:11:52.916   296 opcode=0x03E4 elapsed_us=41.7 ret=1 flag=1->1 state=2->2
22:11:52.916   297 opcode=0x03E4 elapsed_us=32.3 ret=1 flag=1->1 state=2->2
22:11:52.916   298 opcode=0x03E4 elapsed_us=32.4 ret=1 flag=1->1 state=2->2
22:11:52.916   299 opcode=0x03E4 elapsed_us=30.7 ret=1 flag=1->1 state=2->2
22:11:52.917   300 opcode=0x03E4 elapsed_us=31.1 ret=1 flag=1->1 state=2->2
22:11:52.917   301 opcode=0x03E4 elapsed_us=30.8 ret=1 flag=1->1 state=2->2
22:11:52.917   302 opcode=0x03E4 elapsed_us=31.2 ret=1 flag=1->1 state=2->2
22:11:52.917   303 opcode=0x03E4 elapsed_us=31.2 ret=1 flag=1->1 state=2->2
22:11:52.917   304 opcode=0x03E4 elapsed_us=31.0 ret=1 flag=1->1 state=2->2
22:11:52.918   305 opcode=0x03E4 elapsed_us=30.7 ret=1 flag=1->1 state=2->2
22:11:52.918   306 opcode=0x03E4 elapsed_us=31.0 ret=1 flag=1->1 state=2->2
22:11:52.918   307 opcode=0x03E4 elapsed_us=30.7 ret=1 flag=1->1 state=2->2
22:11:52.918   308 opcode=0x03E4 elapsed_us=30.4 ret=1 flag=1->1 state=2->2
22:11:52.918   309 opcode=0x03E4 elapsed_us=30.5 ret=1 flag=1->1 state=2->2
22:11:52.919   310 opcode=0x03E4 elapsed_us=30.6 ret=1 flag=1->1 state=2->2
22:11:52.919   311 opcode=0x03E4 elapsed_us=39.1 ret=1 flag=1->1 state=2->2
22:11:52.919   312 opcode=0x03E4 elapsed_us=34.6 ret=1 flag=1->1 state=2->2
22:11:52.919   313 opcode=0x03E4 elapsed_us=32.1 ret=1 flag=1->1 state=2->2
22:11:52.920   314 opcode=0x03E4 elapsed_us=32.2 ret=1 flag=1->1 state=2->2
22:11:52.920   315 opcode=0x03E4 elapsed_us=30.8 ret=1 flag=1->1 state=2->2
22:11:52.920   316 opcode=0x03E4 elapsed_us=30.6 ret=1 flag=1->1 state=2->2
22:11:52.920   317 opcode=0x03E4 elapsed_us=33.4 ret=1 flag=1->1 state=2->2
22:11:52.920   318 opcode=0x03E4 elapsed_us=30.5 ret=1 flag=1->1 state=2->2
22:11:52.921   319 opcode=0x03E4 elapsed_us=31.0 ret=1 flag=1->1 state=2->2
22:11:52.921   320 opcode=0x03E4 elapsed_us=30.6 ret=1 flag=1->1 state=2->2
22:11:53.053 install_once: our code IS running. env=false marker=true -> installing
22:11:53.105 install: .text settled after 51 ms (deadline 5000 ms) - the client's login dialog fires around 4.5 s after connect, so this margin is what decides whether the suppression lands
22:11:53.105 install: base=0x140000000 target=0x1415d60e0
22:11:53.105 probe: entries to 0x1415db360 will RETURN IMMEDIATELY - THIS IS A CLIENT PATCH
22:11:53.105 probe: watching 0x1415db360 (slot 0), int3 verified - will report every entry with tid and rcx/rdx/r8/r9 (first 32)
22:11:53.105 session: watching DAT_143aa84a0 at 0x143aa84a0 (+0x2270 flags, +0x227c status), mode="mode=2,create=on"
22:11:53.105 probe: will FORCE rdx=0x0 on every entry to 0x141b2a280
22:11:53.106 probe: watching 0x141b2a280 (slot 1), int3 verified - will report every entry with tid and rcx/rdx/r8/r9 (first 32)
22:11:53.106 probe: watching 0x141b36f60 (slot 2), int3 verified - will report every entry with tid and rcx/rdx/r8/r9 (first 32)
22:11:53.106 probe: watch on 0x142ef3e44 will log up to 8 hits
22:11:53.106 probe: watching 0x142ef3e44 (slot 3), int3 verified - will report every entry with tid and rcx/rdx/r8/r9 (first 8)
22:11:53.106 identity: maplecw-hook.identity read and DELETED - the token now exists only in this process, and cannot be picked up by a later run
22:11:53.106 identity: armed on FUN_142c50400 at 0x142c50400 (trampoline 0x27ab0000), 26 byte token from maplecw-hook.identity. It was a PLAIN-TEXT LOCAL SECRET on disk until the line above deleted it: anything running as this user could have read it, which is the same power as being this launch. It is one-time, and the server keeps only its SHA-256
22:11:53.106 install: hook active
22:11:53.306 session: object at 0x617e158 is now readable
22:11:53.306 ***** SESSION obj=0x617e158 +0x2270=0x00 +0x227c=0x00 world=0 channel=0 -> no dialog (flag bit 2 clear) *****
22:11:53.994   321 opcode=0x03E4 elapsed_us=83.0 ret=1 flag=1->1 state=2->2
22:11:53.995   322 opcode=0x03E4 elapsed_us=35.6 ret=1 flag=1->1 state=2->2
22:11:53.995   323 opcode=0x03E4 elapsed_us=32.4 ret=1 flag=1->1 state=2->2
22:11:53.995   324 opcode=0x03E4 elapsed_us=31.0 ret=1 flag=1->1 state=2->2
22:11:53.995   325 opcode=0x03E4 elapsed_us=31.5 ret=1 flag=1->1 state=2->2
22:11:53.995   326 opcode=0x03E4 elapsed_us=31.0 ret=1 flag=1->1 state=2->2
22:11:53.996   327 opcode=0x03E4 elapsed_us=30.7 ret=1 flag=1->1 state=2->2
22:11:53.996   328 opcode=0x03E4 elapsed_us=30.2 ret=1 flag=1->1 state=2->2
22:11:53.996   329 opcode=0x03E4 elapsed_us=43.7 ret=1 flag=1->1 state=2->2
22:11:53.996   330 opcode=0x03E4 elapsed_us=35.8 ret=1 flag=1->1 state=2->2
22:11:53.997   331 opcode=0x03E4 elapsed_us=33.1 ret=1 flag=1->1 state=2->2
22:11:53.997   332 opcode=0x03E4 elapsed_us=31.2 ret=1 flag=1->1 state=2->2
22:11:53.997   333 opcode=0x03E4 elapsed_us=31.1 ret=1 flag=1->1 state=2->2
22:11:53.997   334 opcode=0x03E4 elapsed_us=30.6 ret=1 flag=1->1 state=2->2
22:11:53.997   335 opcode=0x03E4 elapsed_us=30.9 ret=1 flag=1->1 state=2->2
22:11:53.998   336 opcode=0x03E4 elapsed_us=30.5 ret=1 flag=1->1 state=2->2
22:11:53.998   337 opcode=0x03E4 elapsed_us=30.3 ret=1 flag=1->1 state=2->2
22:11:53.998   338 opcode=0x03E4 elapsed_us=30.1 ret=1 flag=1->1 state=2->2
22:11:53.998   339 opcode=0x03E4 elapsed_us=30.5 ret=1 flag=1->1 state=2->2
22:11:53.998   340 opcode=0x03E4 elapsed_us=30.0 ret=1 flag=1->1 state=2->2
22:11:53.999   341 opcode=0x03E4 elapsed_us=30.4 ret=1 flag=1->1 state=2->2
22:11:53.999   342 opcode=0x03E4 elapsed_us=30.2 ret=1 flag=1->1 state=2->2
22:11:53.999   343 opcode=0x03E4 elapsed_us=30.4 ret=1 flag=1->1 state=2->2
22:11:53.999   344 opcode=0x03E4 elapsed_us=30.3 ret=1 flag=1->1 state=2->2
22:11:54.000   345 opcode=0x03E4 elapsed_us=30.3 ret=1 flag=1->1 state=2->2
22:11:54.000   346 opcode=0x03E4 elapsed_us=30.1 ret=1 flag=1->1 state=2->2
22:11:54.000   347 opcode=0x03E4 elapsed_us=30.2 ret=1 flag=1->1 state=2->2
22:11:54.000   348 opcode=0x03E4 elapsed_us=31.1 ret=1 flag=1->1 state=2->2
22:11:54.000   349 opcode=0x03E4 elapsed_us=30.1 ret=1 flag=1->1 state=2->2
22:11:54.001   350 opcode=0x03E4 elapsed_us=30.4 ret=1 flag=1->1 state=2->2
22:11:54.170     0 opcode=0x0032 elapsed_us=56.6 ret=111046240 flag=0->1 state=0->2
22:11:54.170 ***** OPCODE 0x0032 RELEASED THE STARTUP LOOP (conn+0x150 0->1, Data.wz hash now 0x00000000) *****
22:11:54.307 ***** SOCKET conn=0x5ab6f08 +0x20=0x6b8 - the client holds a socket *****
22:11:54.355 ***** C++ THROW #1 at 0x7ffaaf455369 in KERNELBASE.dll on tid 103868 at +1250ms
      stack: 0x143a3b0c0(?) 0x143a3b0c0(?) 0x14090e8d4<-TEXT 0x144fe3010(vm) 0x143a3b0c0(?) 0x142ef6ddc<-TEXT 0x143a3b0c0(?) 0x1403b180b<-TEXT 0x142ef3bb7<-TEXT 0x1432743e8(?) 0x143272460(?) 0x142ef3b78<-TEXT 0x1432743e8(?) 0x1432abe30(?) 0x1403da5d3<-TEXT 0x143d87000(vm) *****
22:11:54.406     1 opcode=0x0032 elapsed_us=52.6 ret=1 flag=1->1 state=2->2
22:11:54.511 ***** C++ THROW #2 at 0x7ffaaf455369 in KERNELBASE.dll on tid 104324 at +1406ms
      stack: 0x143a3b0c0(?) 0x143a3b0c0(?) 0x144fe3010(vm) 0x143a3b0c0(?) 0x142ef6ddc<-TEXT 0x1433d3650(?) 0x143a3b0c0(?) 0x142ef3bb7<-TEXT 0x1432743e8(?) 0x143272460(?) 0x142ef3b78<-TEXT 0x1432743e8(?) 0x1417810d0<-TEXT 0x141c46266<-TEXT 0x143ae12f0(?) 0x142ed3513<-TEXT *****
22:11:55.074   351 opcode=0x03E4 elapsed_us=87.7 ret=1 flag=1->1 state=2->2
22:11:55.074   352 opcode=0x03E4 elapsed_us=52.9 ret=1 flag=1->1 state=2->2
22:11:55.075   353 opcode=0x03E4 elapsed_us=38.4 ret=1 flag=1->1 state=2->2
22:11:55.075   354 opcode=0x03E4 elapsed_us=33.2 ret=1 flag=1->1 state=2->2
22:11:55.075   355 opcode=0x03E4 elapsed_us=31.8 ret=1 flag=1->1 state=2->2
22:11:55.075   356 opcode=0x03E4 elapsed_us=31.3 ret=1 flag=1->1 state=2->2
22:11:55.075   357 opcode=0x03E4 elapsed_us=31.3 ret=1 flag=1->1 state=2->2
22:11:55.076   358 opcode=0x03E4 elapsed_us=30.9 ret=1 flag=1->1 state=2->2
22:11:55.076   359 opcode=0x03E4 elapsed_us=31.0 ret=1 flag=1->1 state=2->2
22:11:55.076   360 opcode=0x03E4 elapsed_us=31.2 ret=1 flag=1->1 state=2->2
22:11:55.076   361 opcode=0x03E4 elapsed_us=31.8 ret=1 flag=1->1 state=2->2
22:11:55.077   362 opcode=0x03E4 elapsed_us=31.1 ret=1 flag=1->1 state=2->2
22:11:55.077   363 opcode=0x03E4 elapsed_us=31.0 ret=1 flag=1->1 state=2->2
22:11:55.077   364 opcode=0x03E4 elapsed_us=30.8 ret=1 flag=1->1 state=2->2
22:11:55.077   365 opcode=0x03E4 elapsed_us=30.7 ret=1 flag=1->1 state=2->2
22:11:55.077   366 opcode=0x03E4 elapsed_us=31.1 ret=1 flag=1->1 state=2->2
22:11:55.078   367 opcode=0x03E4 elapsed_us=30.9 ret=1 flag=1->1 state=2->2
22:11:55.078   368 opcode=0x03E4 elapsed_us=30.3 ret=1 flag=1->1 state=2->2
22:11:55.078   369 opcode=0x03E4 elapsed_us=30.6 ret=1 flag=1->1 state=2->2
22:11:55.078   370 opcode=0x03E4 elapsed_us=30.7 ret=1 flag=1->1 state=2->2
22:11:55.078   371 opcode=0x03E4 elapsed_us=30.7 ret=1 flag=1->1 state=2->2
22:11:55.079   372 opcode=0x03E4 elapsed_us=30.8 ret=1 flag=1->1 state=2->2
22:11:55.079   373 opcode=0x03E4 elapsed_us=31.7 ret=1 flag=1->1 state=2->2
22:11:55.079   374 opcode=0x03E4 elapsed_us=30.8 ret=1 flag=1->1 state=2->2
22:11:55.079   375 opcode=0x03E4 elapsed_us=30.7 ret=1 flag=1->1 state=2->2
22:11:55.080   376 opcode=0x03E4 elapsed_us=30.8 ret=1 flag=1->1 state=2->2
22:11:55.080   377 opcode=0x03E4 elapsed_us=30.7 ret=1 flag=1->1 state=2->2
22:11:55.080   378 opcode=0x03E4 elapsed_us=30.6 ret=1 flag=1->1 state=2->2
22:11:55.080   379 opcode=0x03E4 elapsed_us=30.5 ret=1 flag=1->1 state=2->2
22:11:55.080   380 opcode=0x03E4 elapsed_us=31.0 ret=1 flag=1->1 state=2->2
22:11:55.109 ***** SOCKET 0x6b8 is now VALID (client still holds it) *****
22:11:55.514   381 opcode=0x0453 elapsed_us=327.8 ret=1 flag=1->1 state=2->2
22:11:55.728 ***** SESSION obj=0x6153a48 +0x2270=0x00 +0x227c=0x00 world=0 channel=0 -> no dialog (flag bit 2 clear) *****
22:11:56.112 ***** SESSION obj=0x617e158 +0x2270=0x00 +0x227c=0x00 world=0 channel=0 -> no dialog (flag bit 2 clear) *****
22:11:56.154   382 opcode=0x03E4 elapsed_us=92.3 ret=1 flag=1->1 state=2->2
22:11:56.155   383 opcode=0x03E4 elapsed_us=60.6 ret=1 flag=1->1 state=2->2
22:11:56.155   384 opcode=0x03E4 elapsed_us=39.9 ret=1 flag=1->1 state=2->2
22:11:56.155   385 opcode=0x03E4 elapsed_us=34.3 ret=1 flag=1->1 state=2->2
22:11:56.155   386 opcode=0x03E4 elapsed_us=32.6 ret=1 flag=1->1 state=2->2
22:11:56.156   387 opcode=0x03E4 elapsed_us=32.5 ret=1 flag=1->1 state=2->2
22:11:56.164   388 opcode=0x03E4 elapsed_us=41.6 ret=1 flag=1->1 state=2->2
22:11:56.165   389 opcode=0x03E4 elapsed_us=47.9 ret=1 flag=1->1 state=2->2
22:11:56.165   390 opcode=0x03E4 elapsed_us=41.9 ret=1 flag=1->1 state=2->2
22:11:56.165   391 opcode=0x03E4 elapsed_us=46.7 ret=1 flag=1->1 state=2->2
22:11:56.165   392 opcode=0x03E4 elapsed_us=42.7 ret=1 flag=1->1 state=2->2
22:11:56.166   393 opcode=0x03E4 elapsed_us=39.4 ret=1 flag=1->1 state=2->2
22:11:56.166   394 opcode=0x03E4 elapsed_us=38.8 ret=1 flag=1->1 state=2->2
22:11:56.166   395 opcode=0x03E4 elapsed_us=46.9 ret=1 flag=1->1 state=2->2
22:11:56.167   396 opcode=0x03E4 elapsed_us=41.6 ret=1 flag=1->1 state=2->2
22:11:56.167   397 opcode=0x03E4 elapsed_us=39.1 ret=1 flag=1->1 state=2->2
22:11:56.167   398 opcode=0x03E4 elapsed_us=42.6 ret=1 flag=1->1 state=2->2
22:11:56.167   399 opcode=0x03E4 elapsed_us=50.3 ret=1 flag=1->1 state=2->2
22:11:56.168   400 opcode=0x03E4 elapsed_us=41.6 ret=1 flag=1->1 state=2->2
22:11:56.168   401 opcode=0x03E4 elapsed_us=37.6 ret=1 flag=1->1 state=2->2
22:11:56.168   402 opcode=0x03E4 elapsed_us=62.8 ret=1 flag=1->1 state=2->2
22:11:56.169   403 opcode=0x03E4 elapsed_us=55.8 ret=1 flag=1->1 state=2->2
22:11:56.169   404 opcode=0x03E4 elapsed_us=42.2 ret=1 flag=1->1 state=2->2
22:11:56.169   405 opcode=0x03E4 elapsed_us=46.7 ret=1 flag=1->1 state=2->2
22:11:56.170   406 opcode=0x03E4 elapsed_us=41.9 ret=1 flag=1->1 state=2->2
22:11:56.170   407 opcode=0x03E4 elapsed_us=39.1 ret=1 flag=1->1 state=2->2
22:11:56.170   408 opcode=0x03E4 elapsed_us=37.9 ret=1 flag=1->1 state=2->2
22:11:56.170   409 opcode=0x03E4 elapsed_us=46.7 ret=1 flag=1->1 state=2->2
22:11:56.171   410 opcode=0x03E4 elapsed_us=41.6 ret=1 flag=1->1 state=2->2
22:11:56.171   411 opcode=0x03E4 elapsed_us=38.2 ret=1 flag=1->1 state=2->2
22:11:56.611 ***** IDENTITY wrote 26 bytes into 0x14f9f0+0x1b8 on getter entry #1 (block 0x2faccac8, refcount held at 2 so the session destructor cannot free it). The token itself is NOT logged. login.log should now show `0x0073 IDENTITY: ... identity length=26` - if it shows 0, the client dropped it between here and w_str *****
22:11:56.659     2 opcode=0x0000 elapsed_us=347.3 ret=1 flag=1->1 state=2->2
22:11:56.659 ***** SESSION mode patched at 0x14f9f0+0x68: 5 -> 2 - the tick should no longer auto-login, and Login should transition to CharSelect *****
22:11:56.659     3 opcode=0x000B elapsed_us=164.6 ret=1 flag=1->1 state=2->2
22:11:56.660     4 opcode=0x000B elapsed_us=109.1 ret=1 flag=1->1 state=2->2
22:11:57.065 ***** SESSION called FUN_140c9e230 at 0x140c9e230 - the create-character flag should now read 1. THIS IS A CLIENT PATCH: the real service sets it from virtualised code, so this proves the button's gate, not the protocol *****
22:11:57.065     5 opcode=0x0010 elapsed_us=528.0 ret=1 flag=1->1 state=2->2
22:11:57.235   412 opcode=0x03E4 elapsed_us=93.0 ret=1 flag=1->1 state=2->2
22:11:57.245   413 opcode=0x03E4 elapsed_us=68.8 ret=1 flag=1->1 state=2->2
22:11:57.246   414 opcode=0x03E4 elapsed_us=39.7 ret=1 flag=1->1 state=2->2
22:11:57.246   415 opcode=0x03E4 elapsed_us=34.4 ret=1 flag=1->1 state=2->2
22:11:57.246   416 opcode=0x03E4 elapsed_us=32.8 ret=1 flag=1->1 state=2->2
22:11:57.246   417 opcode=0x03E4 elapsed_us=47.2 ret=1 flag=1->1 state=2->2
22:11:57.247   418 opcode=0x03E4 elapsed_us=41.9 ret=1 flag=1->1 state=2->2
22:11:57.247   419 opcode=0x03E4 elapsed_us=39.6 ret=1 flag=1->1 state=2->2
22:11:57.247   420 opcode=0x03E4 elapsed_us=46.3 ret=1 flag=1->1 state=2->2
22:11:57.247   421 opcode=0x03E4 elapsed_us=39.2 ret=1 flag=1->1 state=2->2
22:11:57.248   422 opcode=0x03E4 elapsed_us=32.8 ret=1 flag=1->1 state=2->2
22:11:57.248   423 opcode=0x03E4 elapsed_us=32.5 ret=1 flag=1->1 state=2->2
22:11:57.248   424 opcode=0x03E4 elapsed_us=31.0 ret=1 flag=1->1 state=2->2
22:11:57.248   425 opcode=0x03E4 elapsed_us=31.2 ret=1 flag=1->1 state=2->2
22:11:57.249   426 opcode=0x03E4 elapsed_us=30.5 ret=1 flag=1->1 state=2->2
22:11:57.249   427 opcode=0x03E4 elapsed_us=30.7 ret=1 flag=1->1 state=2->2
22:11:57.249   428 opcode=0x03E4 elapsed_us=30.7 ret=1 flag=1->1 state=2->2
22:11:57.249   429 opcode=0x03E4 elapsed_us=34.3 ret=1 flag=1->1 state=2->2
22:11:57.249   430 opcode=0x03E4 elapsed_us=30.7 ret=1 flag=1->1 state=2->2
22:11:57.250   431 opcode=0x03E4 elapsed_us=30.3 ret=1 flag=1->1 state=2->2
22:11:57.250   432 opcode=0x03E4 elapsed_us=31.5 ret=1 flag=1->1 state=2->2
22:11:57.250   433 opcode=0x03E4 elapsed_us=32.3 ret=1 flag=1->1 state=2->2
22:11:57.250   434 opcode=0x03E4 elapsed_us=46.4 ret=1 flag=1->1 state=2->2
22:11:57.251   435 opcode=0x03E4 elapsed_us=42.2 ret=1 flag=1->1 state=2->2
22:11:57.251   436 opcode=0x03E4 elapsed_us=39.3 ret=1 flag=1->1 state=2->2
22:11:57.251   437 opcode=0x03E4 elapsed_us=50.2 ret=1 flag=1->1 state=2->2
22:11:57.251   438 opcode=0x03E4 elapsed_us=44.8 ret=1 flag=1->1 state=2->2
22:11:57.252   439 opcode=0x03E4 elapsed_us=40.6 ret=1 flag=1->1 state=2->2
22:11:57.252   440 opcode=0x03E4 elapsed_us=32.7 ret=1 flag=1->1 state=2->2
22:11:57.252   441 opcode=0x03E4 elapsed_us=31.8 ret=1 flag=1->1 state=2->2
22:11:57.685   442 opcode=0x0453 elapsed_us=102.0 ret=1 flag=1->1 state=2->2
22:11:58.315   443 opcode=0x03E4 elapsed_us=86.2 ret=1 flag=1->1 state=2->2
22:11:58.326   444 opcode=0x03E4 elapsed_us=73.6 ret=1 flag=1->1 state=2->2
22:11:58.326   445 opcode=0x03E4 elapsed_us=43.5 ret=1 flag=1->1 state=2->2
22:11:58.326   446 opcode=0x03E4 elapsed_us=37.1 ret=1 flag=1->1 state=2->2
22:11:58.326   447 opcode=0x03E4 elapsed_us=34.2 ret=1 flag=1->1 state=2->2
22:11:58.326   448 opcode=0x03E4 elapsed_us=33.2 ret=1 flag=1->1 state=2->2
22:11:58.327   449 opcode=0x03E4 elapsed_us=32.1 ret=1 flag=1->1 state=2->2
22:11:58.327   450 opcode=0x03E4 elapsed_us=32.3 ret=1 flag=1->1 state=2->2
22:11:58.327   451 opcode=0x03E4 elapsed_us=30.8 ret=1 flag=1->1 state=2->2
22:11:58.327   452 opcode=0x03E4 elapsed_us=31.4 ret=1 flag=1->1 state=2->2
22:11:58.328   453 opcode=0x03E4 elapsed_us=30.5 ret=1 flag=1->1 state=2->2
22:11:58.328   454 opcode=0x03E4 elapsed_us=32.3 ret=1 flag=1->1 state=2->2
22:11:58.328   455 opcode=0x03E4 elapsed_us=31.1 ret=1 flag=1->1 state=2->2
22:11:58.328   456 opcode=0x03E4 elapsed_us=30.7 ret=1 flag=1->1 state=2->2
22:11:58.328   457 opcode=0x03E4 elapsed_us=31.1 ret=1 flag=1->1 state=2->2
22:11:58.329   458 opcode=0x03E4 elapsed_us=30.5 ret=1 flag=1->1 state=2->2
22:11:58.329   459 opcode=0x03E4 elapsed_us=30.9 ret=1 flag=1->1 state=2->2
22:11:58.329   460 opcode=0x03E4 elapsed_us=30.4 ret=1 flag=1->1 state=2->2
22:11:58.329   461 opcode=0x03E4 elapsed_us=30.6 ret=1 flag=1->1 state=2->2
22:11:58.330   462 opcode=0x03E4 elapsed_us=30.5 ret=1 flag=1->1 state=2->2
22:11:58.330   463 opcode=0x03E4 elapsed_us=30.4 ret=1 flag=1->1 state=2->2
22:11:58.330   464 opcode=0x03E4 elapsed_us=30.2 ret=1 flag=1->1 state=2->2
22:11:58.330   465 opcode=0x03E4 elapsed_us=30.4 ret=1 flag=1->1 state=2->2
22:11:58.330   466 opcode=0x03E4 elapsed_us=31.3 ret=1 flag=1->1 state=2->2
22:11:58.331   467 opcode=0x03E4 elapsed_us=31.6 ret=1 flag=1->1 state=2->2
22:11:58.331   468 opcode=0x03E4 elapsed_us=30.8 ret=1 flag=1->1 state=2->2
22:11:58.331   469 opcode=0x03E4 elapsed_us=30.5 ret=1 flag=1->1 state=2->2
22:11:58.331   470 opcode=0x03E4 elapsed_us=30.5 ret=1 flag=1->1 state=2->2
22:11:58.331   471 opcode=0x03E4 elapsed_us=30.7 ret=1 flag=1->1 state=2->2
22:11:58.332   472 opcode=0x03E4 elapsed_us=30.6 ret=1 flag=1->1 state=2->2
22:11:58.734 ***** SESSION obj=0x6153a48 +0x2270=0x00 +0x227c=0x00 world=0 channel=0 -> no dialog (flag bit 2 clear) *****
22:11:59.118 ***** SESSION obj=0x617e158 +0x2270=0x00 +0x227c=0x00 world=0 channel=1 -> no dialog (flag bit 2 clear) *****
22:11:59.395   473 opcode=0x03E4 elapsed_us=84.4 ret=1 flag=1->1 state=2->2
22:11:59.406   474 opcode=0x03E4 elapsed_us=73.8 ret=1 flag=1->1 state=2->2
22:11:59.406   475 opcode=0x03E4 elapsed_us=38.8 ret=1 flag=1->1 state=2->2
22:11:59.406   476 opcode=0x03E4 elapsed_us=33.7 ret=1 flag=1->1 state=2->2
22:11:59.406   477 opcode=0x03E4 elapsed_us=33.2 ret=1 flag=1->1 state=2->2
22:11:59.407   478 opcode=0x03E4 elapsed_us=32.6 ret=1 flag=1->1 state=2->2
22:11:59.407   479 opcode=0x03E4 elapsed_us=31.8 ret=1 flag=1->1 state=2->2
22:11:59.407   480 opcode=0x03E4 elapsed_us=31.4 ret=1 flag=1->1 state=2->2
22:11:59.407   481 opcode=0x03E4 elapsed_us=30.9 ret=1 flag=1->1 state=2->2
22:11:59.408   482 opcode=0x03E4 elapsed_us=31.7 ret=1 flag=1->1 state=2->2
22:11:59.408   483 opcode=0x03E4 elapsed_us=31.7 ret=1 flag=1->1 state=2->2
22:11:59.408   484 opcode=0x03E4 elapsed_us=30.7 ret=1 flag=1->1 state=2->2
22:11:59.408   485 opcode=0x03E4 elapsed_us=31.3 ret=1 flag=1->1 state=2->2
22:11:59.408   486 opcode=0x03E4 elapsed_us=31.1 ret=1 flag=1->1 state=2->2
22:11:59.409   487 opcode=0x03E4 elapsed_us=30.9 ret=1 flag=1->1 state=2->2
22:11:59.409   488 opcode=0x03E4 elapsed_us=31.0 ret=1 flag=1->1 state=2->2
22:11:59.409   489 opcode=0x03E4 elapsed_us=30.7 ret=1 flag=1->1 state=2->2
22:11:59.409   490 opcode=0x03E4 elapsed_us=30.4 ret=1 flag=1->1 state=2->2
22:11:59.409   491 opcode=0x03E4 elapsed_us=30.5 ret=1 flag=1->1 state=2->2
22:11:59.410   492 opcode=0x03E4 elapsed_us=30.9 ret=1 flag=1->1 state=2->2
22:11:59.410   493 opcode=0x03E4 elapsed_us=30.8 ret=1 flag=1->1 state=2->2
22:11:59.410   494 opcode=0x03E4 elapsed_us=32.4 ret=1 flag=1->1 state=2->2
22:11:59.410   495 opcode=0x03E4 elapsed_us=30.4 ret=1 flag=1->1 state=2->2
22:11:59.411   496 opcode=0x03E4 elapsed_us=30.4 ret=1 flag=1->1 state=2->2
22:11:59.411   497 opcode=0x03E4 elapsed_us=31.0 ret=1 flag=1->1 state=2->2
22:11:59.411   498 opcode=0x03E4 elapsed_us=31.8 ret=1 flag=1->1 state=2->2
22:11:59.411   499 opcode=0x03E4 elapsed_us=30.7 ret=1 flag=1->1 state=2->2
22:11:59.411   500 opcode=0x03E4 elapsed_us=30.8 ret=1 flag=1->1 state=2->2
22:11:59.412   501 opcode=0x03E4 elapsed_us=31.2 ret=1 flag=1->1 state=2->2
22:11:59.412   502 opcode=0x03E4 elapsed_us=30.9 ret=1 flag=1->1 state=2->2
22:12:00.266 ***** WATCH #1: 0x141b36f60 ENTERED on tid 103868 while dispatching opcode 0x0011 rcx=0x3035cb18 [0x433fd668] rdx=0x14d3d0 (as i32 1364944) [0x00000002] r8=0x140000000 r9=0x60 (as i32 96) called-from=0x141b26064
      stack: 0x141b26064<-TEXT 0x143d143b4(?) 0x143d143b4(?) *****
22:12:00.268     6 opcode=0x0011 elapsed_us=1910.9 ret=1 flag=1->1 state=2->2
22:12:00.476   503 opcode=0x03E4 elapsed_us=85.9 ret=1 flag=1->1 state=2->2
22:12:00.476   504 opcode=0x03E4 elapsed_us=38.2 ret=1 flag=1->1 state=2->2
22:12:00.476   505 opcode=0x03E4 elapsed_us=33.9 ret=1 flag=1->1 state=2->2
22:12:00.477   506 opcode=0x03E4 elapsed_us=32.9 ret=1 flag=1->1 state=2->2
22:12:00.477   507 opcode=0x03E4 elapsed_us=33.1 ret=1 flag=1->1 state=2->2
22:12:00.477   508 opcode=0x03E4 elapsed_us=37.0 ret=1 flag=1->1 state=2->2
22:12:00.477   509 opcode=0x03E4 elapsed_us=37.1 ret=1 flag=1->1 state=2->2
22:12:00.478   510 opcode=0x03E4 elapsed_us=39.4 ret=1 flag=1->1 state=2->2
22:12:00.478   511 opcode=0x03E4 elapsed_us=34.4 ret=1 flag=1->1 state=2->2
22:12:00.478   512 opcode=0x03E4 elapsed_us=33.0 ret=1 flag=1->1 state=2->2
22:12:00.478   513 opcode=0x03E4 elapsed_us=32.4 ret=1 flag=1->1 state=2->2
22:12:00.479   514 opcode=0x03E4 elapsed_us=31.9 ret=1 flag=1->1 state=2->2
22:12:00.479   515 opcode=0x03E4 elapsed_us=33.3 ret=1 flag=1->1 state=2->2
22:12:00.479   516 opcode=0x03E4 elapsed_us=32.1 ret=1 flag=1->1 state=2->2
22:12:00.479   517 opcode=0x03E4 elapsed_us=32.5 ret=1 flag=1->1 state=2->2
22:12:00.480   518 opcode=0x03E4 elapsed_us=31.6 ret=1 flag=1->1 state=2->2
22:12:00.480   519 opcode=0x03E4 elapsed_us=38.5 ret=1 flag=1->1 state=2->2
22:12:00.480   520 opcode=0x03E4 elapsed_us=41.5 ret=1 flag=1->1 state=2->2
22:12:00.480   521 opcode=0x03E4 elapsed_us=40.0 ret=1 flag=1->1 state=2->2
22:12:00.481   522 opcode=0x03E4 elapsed_us=38.5 ret=1 flag=1->1 state=2->2
22:12:00.481   523 opcode=0x03E4 elapsed_us=38.7 ret=1 flag=1->1 state=2->2
22:12:00.481   524 opcode=0x03E4 elapsed_us=30.4 ret=1 flag=1->1 state=2->2
22:12:00.481   525 opcode=0x03E4 elapsed_us=31.1 ret=1 flag=1->1 state=2->2
22:12:00.482   526 opcode=0x03E4 elapsed_us=30.5 ret=1 flag=1->1 state=2->2
22:12:00.482   527 opcode=0x03E4 elapsed_us=31.8 ret=1 flag=1->1 state=2->2
22:12:00.482   528 opcode=0x03E4 elapsed_us=31.6 ret=1 flag=1->1 state=2->2
22:12:00.482   529 opcode=0x03E4 elapsed_us=31.1 ret=1 flag=1->1 state=2->2
22:12:00.483   530 opcode=0x03E4 elapsed_us=32.1 ret=1 flag=1->1 state=2->2
22:12:00.483   531 opcode=0x03E4 elapsed_us=38.6 ret=1 flag=1->1 state=2->2
22:12:00.483   532 opcode=0x03E4 elapsed_us=35.4 ret=1 flag=1->1 state=2->2
22:12:00.756 ***** C++ THROW #3 at 0x7ffaaf455369 in KERNELBASE.dll on tid 103868 at +7656ms
      stack: 0x143a3b0c0(?) 0x143a3b0c0(?) 0x144fe3010(vm) 0x143a3b0c0(?) 0x142ef6ddc<-TEXT 0x143a3b0c0(?) 0x142ef3bb7<-TEXT 0x1432743e8(?) 0x143272460(?) 0x142ef3b78<-TEXT 0x1432743e8(?) 0x140403f6c<-TEXT 0x14023c567<-TEXT 0x1401a5934<-TEXT 0x141e80dae<-TEXT *****
22:12:00.756 ***** C++ THROW #4 at 0x7ffaaf455369 in KERNELBASE.dll on tid 103868 at +7656ms
      stack: 0x143a3b0c0(?) 0x143a3b0c0(?) 0x144fe3010(vm) 0x143a3b0c0(?) 0x142ef6ddc<-TEXT 0x143a3b0c0(?) 0x142ef3bb7<-TEXT 0x1432743e8(?) 0x143272460(?) 0x142ef3b78<-TEXT 0x1432743e8(?) 0x140403f6c<-TEXT 0x14023c567<-TEXT 0x1401a5934<-TEXT 0x141e80dae<-TEXT *****
22:12:00.772 ***** WATCH #1: 0x1415db360 ENTERED on tid 103868 while dispatching opcode 0x01A0 rcx=0x6180cb0 [0x00000000] rdx=0x0 (as i32 0) r8=0x0 r9=0x14341a294 (as i32 1128374932) called-from=0x144ec8f72
      stack: 0x144ec8f72(vm) 0x1415d0266<-TEXT 0x1415d0266<-TEXT 0x1415d0266<-TEXT 0x1415d0266<-TEXT 0x1406ed625<-TEXT 0x141601433<-TEXT *****
22:12:00.774     7 opcode=0x01A0 elapsed_us=498403.9 ret=808831768 flag=1->1 state=2->2
22:12:00.777     8 opcode=0x0224 elapsed_us=2731.5 ret=1 flag=1->1 state=2->2
22:12:00.778     9 opcode=0x044F elapsed_us=269.2 ret=1 flag=1->1 state=2->2
22:12:00.778    10 opcode=0x044F elapsed_us=293.4 ret=1 flag=1->1 state=2->2
22:12:00.779    11 opcode=0x03C6 elapsed_us=277.1 ret=1 flag=1->1 state=2->2
22:12:00.779    12 opcode=0x03C6 elapsed_us=105.3 ret=1 flag=1->1 state=2->2
22:12:00.779    13 opcode=0x03C6 elapsed_us=101.6 ret=1 flag=1->1 state=2->2
22:12:00.780    14 opcode=0x03C6 elapsed_us=104.7 ret=1 flag=1->1 state=2->2
22:12:00.780    15 opcode=0x03C6 elapsed_us=105.4 ret=1 flag=1->1 state=2->2
22:12:00.780    16 opcode=0x03C6 elapsed_us=106.1 ret=1 flag=1->1 state=2->2
22:12:00.780    17 opcode=0x03C6 elapsed_us=105.8 ret=1 flag=1->1 state=2->2
22:12:00.781    18 opcode=0x03C6 elapsed_us=103.3 ret=1 flag=1->1 state=2->2
22:12:00.781    19 opcode=0x03C6 elapsed_us=104.5 ret=1 flag=1->1 state=2->2
22:12:00.781    20 opcode=0x03C6 elapsed_us=100.9 ret=1 flag=1->1 state=2->2
22:12:00.782    21 opcode=0x03C6 elapsed_us=98.6 ret=1 flag=1->1 state=2->2
22:12:00.782    22 opcode=0x03C6 elapsed_us=99.4 ret=1 flag=1->1 state=2->2
22:12:00.782    23 opcode=0x03C6 elapsed_us=100.5 ret=1 flag=1->1 state=2->2
22:12:00.783    24 opcode=0x03C6 elapsed_us=99.7 ret=1 flag=1->1 state=2->2
22:12:00.783    25 opcode=0x03C6 elapsed_us=99.3 ret=1 flag=1->1 state=2->2
22:12:00.783    26 opcode=0x03C6 elapsed_us=99.1 ret=1 flag=1->1 state=2->2
22:12:00.784    27 opcode=0x03C6 elapsed_us=183.2 ret=1 flag=1->1 state=2->2
22:12:00.784    28 opcode=0x03C6 elapsed_us=123.4 ret=1 flag=1->1 state=2->2
22:12:00.784    29 opcode=0x03C6 elapsed_us=117.6 ret=1 flag=1->1 state=2->2
22:12:00.785    30 opcode=0x03C6 elapsed_us=138.4 ret=1 flag=1->1 state=2->2
22:12:00.785    31 opcode=0x03C6 elapsed_us=137.3 ret=1 flag=1->1 state=2->2
22:12:00.786    32 opcode=0x03C6 elapsed_us=117.8 ret=1 flag=1->1 state=2->2
22:12:00.786    33 opcode=0x03C6 elapsed_us=118.0 ret=1 flag=1->1 state=2->2
22:12:00.786    34 opcode=0x03C6 elapsed_us=95.4 ret=1 flag=1->1 state=2->2
22:12:00.787    35 opcode=0x03C6 elapsed_us=95.5 ret=1 flag=1->1 state=2->2
22:12:00.787    36 opcode=0x03C6 elapsed_us=96.2 ret=1 flag=1->1 state=2->2
22:12:00.787    37 opcode=0x03C6 elapsed_us=95.9 ret=1 flag=1->1 state=2->2
22:12:00.787    38 opcode=0x03C6 elapsed_us=97.0 ret=1 flag=1->1 state=2->2
22:12:00.788    39 opcode=0x03C6 elapsed_us=95.0 ret=1 flag=1->1 state=2->2
22:12:00.788    40 opcode=0x03C6 elapsed_us=96.0 ret=1 flag=1->1 state=2->2
22:12:00.788    41 opcode=0x0070 elapsed_us=131.4 ret=1 flag=1->1 state=2->2
22:12:00.789    42 opcode=0x0070 elapsed_us=119.7 ret=1 flag=1->1 state=2->2
22:12:00.789    43 opcode=0x0070 elapsed_us=82.6 ret=1 flag=1->1 state=2->2
22:12:00.789    44 opcode=0x0070 elapsed_us=64.1 ret=1 flag=1->1 state=2->2
22:12:00.790    45 opcode=0x0070 elapsed_us=63.8 ret=1 flag=1->1 state=2->2
22:12:00.790    46 opcode=0x0070 elapsed_us=62.6 ret=1 flag=1->1 state=2->2
22:12:00.790    47 opcode=0x007C elapsed_us=66.2 ret=1 flag=1->1 state=2->2
22:12:00.826   533 opcode=0x0224 elapsed_us=527.7 ret=1 flag=1->1 state=2->2
22:12:01.366   534 opcode=0x0293 elapsed_us=106.3 ret=1 flag=1->1 state=2->2
22:12:01.367   535 opcode=0x0453 elapsed_us=242.5 ret=1 flag=1->1 state=2->2
22:12:01.546   536 opcode=0x03E4 elapsed_us=85.3 ret=1 flag=1->1 state=2->2
22:12:01.546   537 opcode=0x03E4 elapsed_us=49.4 ret=1 flag=1->1 state=2->2
22:12:01.547   538 opcode=0x03E4 elapsed_us=39.6 ret=1 flag=1->1 state=2->2
22:12:01.547   539 opcode=0x03E4 elapsed_us=42.9 ret=1 flag=1->1 state=2->2
22:12:01.547   540 opcode=0x03E4 elapsed_us=36.8 ret=1 flag=1->1 state=2->2
22:12:01.547   541 opcode=0x03E4 elapsed_us=40.4 ret=1 flag=1->1 state=2->2
22:12:01.548   542 opcode=0x03E4 elapsed_us=36.8 ret=1 flag=1->1 state=2->2
22:12:01.548   543 opcode=0x03E4 elapsed_us=33.2 ret=1 flag=1->1 state=2->2
22:12:01.548   544 opcode=0x03E4 elapsed_us=32.4 ret=1 flag=1->1 state=2->2
22:12:01.548   545 opcode=0x03E4 elapsed_us=32.4 ret=1 flag=1->1 state=2->2
22:12:01.549   546 opcode=0x03E4 elapsed_us=31.8 ret=1 flag=1->1 state=2->2
22:12:01.549   547 opcode=0x03E4 elapsed_us=31.8 ret=1 flag=1->1 state=2->2
22:12:01.549   548 opcode=0x03E4 elapsed_us=31.2 ret=1 flag=1->1 state=2->2
22:12:01.549   549 opcode=0x03E4 elapsed_us=31.7 ret=1 flag=1->1 state=2->2
22:12:01.550   550 opcode=0x03E4 elapsed_us=32.3 ret=1 flag=1->1 state=2->2
22:12:01.556   551 opcode=0x03E4 elapsed_us=40.2 ret=1 flag=1->1 state=2->2
22:12:01.556   552 opcode=0x03E4 elapsed_us=36.4 ret=1 flag=1->1 state=2->2
22:12:01.556   553 opcode=0x03E4 elapsed_us=33.2 ret=1 flag=1->1 state=2->2
22:12:01.557   554 opcode=0x03E4 elapsed_us=32.8 ret=1 flag=1->1 state=2->2
22:12:01.557   555 opcode=0x03E4 elapsed_us=32.4 ret=1 flag=1->1 state=2->2
22:12:01.557   556 opcode=0x03E4 elapsed_us=32.6 ret=1 flag=1->1 state=2->2
22:12:01.557   557 opcode=0x03E4 elapsed_us=30.9 ret=1 flag=1->1 state=2->2
22:12:01.558   558 opcode=0x03E4 elapsed_us=31.0 ret=1 flag=1->1 state=2->2
22:12:01.558   559 opcode=0x03E4 elapsed_us=30.8 ret=1 flag=1->1 state=2->2
22:12:01.558   560 opcode=0x03E4 elapsed_us=30.6 ret=1 flag=1->1 state=2->2
22:12:01.558   561 opcode=0x03E4 elapsed_us=30.6 ret=1 flag=1->1 state=2->2
22:12:01.558   562 opcode=0x03E4 elapsed_us=30.3 ret=1 flag=1->1 state=2->2
22:12:01.559   563 opcode=0x03E4 elapsed_us=30.5 ret=1 flag=1->1 state=2->2
22:12:01.559   564 opcode=0x03E4 elapsed_us=34.8 ret=1 flag=1->1 state=2->2
22:12:01.559   565 opcode=0x03E4 elapsed_us=31.0 ret=1 flag=1->1 state=2->2
22:12:01.616    48 opcode=0x03D9 elapsed_us=115.5 ret=1 flag=1->1 state=2->2
22:12:01.616    49 opcode=0x03D9 elapsed_us=69.8 ret=1 flag=1->1 state=2->2
22:12:01.616    50 opcode=0x03D9 elapsed_us=52.4 ret=1 flag=1->1 state=2->2
22:12:01.617    51 opcode=0x03D9 elapsed_us=52.2 ret=1 flag=1->1 state=2->2
22:12:01.617    52 opcode=0x03D9 elapsed_us=44.7 ret=1 flag=1->1 state=2->2
22:12:01.617    53 opcode=0x03D9 elapsed_us=34.5 ret=1 flag=1->1 state=2->2
22:12:01.617    54 opcode=0x03D9 elapsed_us=33.5 ret=1 flag=1->1 state=2->2
22:12:01.618    55 opcode=0x03D9 elapsed_us=34.8 ret=1 flag=1->1 state=2->2
22:12:01.618    56 opcode=0x03D9 elapsed_us=33.0 ret=1 flag=1->1 state=2->2
22:12:01.618    57 opcode=0x03D9 elapsed_us=32.4 ret=1 flag=1->1 state=2->2
22:12:01.618    58 opcode=0x03D9 elapsed_us=32.6 ret=1 flag=1->1 state=2->2
22:12:01.619    59 opcode=0x03D9 elapsed_us=33.2 ret=1 flag=1->1 state=2->2
22:12:01.619    60 opcode=0x03D9 elapsed_us=32.7 ret=1 flag=1->1 state=2->2
22:12:01.619    61 opcode=0x03D9 elapsed_us=32.4 ret=1 flag=1->1 state=2->2
22:12:01.619    62 opcode=0x03D9 elapsed_us=32.3 ret=1 flag=1->1 state=2->2
22:12:01.619    63 opcode=0x03D9 elapsed_us=34.0 ret=1 flag=1->1 state=2->2
22:12:01.620    64 opcode=0x03D9 elapsed_us=32.6 ret=1 flag=1->1 state=2->2
22:12:01.620    65 opcode=0x03D9 elapsed_us=32.7 ret=1 flag=1->1 state=2->2
22:12:01.620    66 opcode=0x03D9 elapsed_us=32.4 ret=1 flag=1->1 state=2->2
22:12:01.620    67 opcode=0x03D9 elapsed_us=32.7 ret=1 flag=1->1 state=2->2
22:12:01.621    68 opcode=0x03D9 elapsed_us=32.2 ret=1 flag=1->1 state=2->2
22:12:01.621    69 opcode=0x03D9 elapsed_us=32.6 ret=1 flag=1->1 state=2->2
22:12:01.621    70 opcode=0x03D9 elapsed_us=32.2 ret=1 flag=1->1 state=2->2
22:12:01.621    71 opcode=0x03D9 elapsed_us=32.7 ret=1 flag=1->1 state=2->2
22:12:01.621    72 opcode=0x03D9 elapsed_us=32.2 ret=1 flag=1->1 state=2->2
22:12:01.622    73 opcode=0x03D9 elapsed_us=33.8 ret=1 flag=1->1 state=2->2
22:12:01.622    74 opcode=0x03D9 elapsed_us=32.1 ret=1 flag=1->1 state=2->2
22:12:01.622    75 opcode=0x03D9 elapsed_us=31.9 ret=1 flag=1->1 state=2->2
22:12:01.622    76 opcode=0x03D9 elapsed_us=32.2 ret=1 flag=1->1 state=2->2
22:12:01.622    77 opcode=0x03D9 elapsed_us=34.9 ret=1 flag=1->1 state=2->2
22:12:01.742 ***** SESSION obj=0x6153a48 +0x2270=0x00 +0x227c=0x00 world=0 channel=0 -> no dialog (flag bit 2 clear) *****
22:12:02.125 ***** SESSION obj=0x617e158 +0x2270=0x00 +0x227c=0x00 world=0 channel=0 -> no dialog (flag bit 2 clear) *****
22:12:02.626   566 opcode=0x03E4 elapsed_us=85.9 ret=1 flag=1->1 state=2->2
22:12:02.627   567 opcode=0x03E4 elapsed_us=53.7 ret=1 flag=1->1 state=2->2
22:12:02.627   568 opcode=0x03E4 elapsed_us=38.5 ret=1 flag=1->1 state=2->2
22:12:02.627   569 opcode=0x03E4 elapsed_us=36.5 ret=1 flag=1->1 state=2->2
22:12:02.627   570 opcode=0x03E4 elapsed_us=34.6 ret=1 flag=1->1 state=2->2
22:12:02.628   571 opcode=0x03E4 elapsed_us=34.2 ret=1 flag=1->1 state=2->2
22:12:02.628   572 opcode=0x03E4 elapsed_us=34.2 ret=1 flag=1->1 state=2->2
22:12:02.628   573 opcode=0x03E4 elapsed_us=33.8 ret=1 flag=1->1 state=2->2
22:12:02.628   574 opcode=0x03E4 elapsed_us=31.9 ret=1 flag=1->1 state=2->2
22:12:02.629   575 opcode=0x03E4 elapsed_us=46.6 ret=1 flag=1->1 state=2->2
22:12:02.629   576 opcode=0x03E4 elapsed_us=47.9 ret=1 flag=1->1 state=2->2
22:12:02.629   577 opcode=0x03E4 elapsed_us=38.9 ret=1 flag=1->1 state=2->2
22:12:02.630   578 opcode=0x03E4 elapsed_us=34.0 ret=1 flag=1->1 state=2->2
22:12:02.630   579 opcode=0x03E4 elapsed_us=33.8 ret=1 flag=1->1 state=2->2
22:12:02.630   580 opcode=0x03E4 elapsed_us=33.3 ret=1 flag=1->1 state=2->2
22:12:02.630   581 opcode=0x03E4 elapsed_us=32.0 ret=1 flag=1->1 state=2->2
22:12:02.630   582 opcode=0x03E4 elapsed_us=32.3 ret=1 flag=1->1 state=2->2
22:12:02.636   583 opcode=0x03E4 elapsed_us=39.9 ret=1 flag=1->1 state=2->2
22:12:02.636   584 opcode=0x03E4 elapsed_us=35.0 ret=1 flag=1->1 state=2->2
22:12:02.637   585 opcode=0x03E4 elapsed_us=33.4 ret=1 flag=1->1 state=2->2
22:12:02.637   586 opcode=0x03E4 elapsed_us=32.5 ret=1 flag=1->1 state=2->2
22:12:02.637   587 opcode=0x03E4 elapsed_us=32.2 ret=1 flag=1->1 state=2->2
22:12:02.637   588 opcode=0x03E4 elapsed_us=31.1 ret=1 flag=1->1 state=2->2
22:12:02.638   589 opcode=0x03E4 elapsed_us=30.8 ret=1 flag=1->1 state=2->2
22:12:02.638   590 opcode=0x03E4 elapsed_us=30.8 ret=1 flag=1->1 state=2->2
22:12:02.638   591 opcode=0x03E4 elapsed_us=31.0 ret=1 flag=1->1 state=2->2
22:12:02.638   592 opcode=0x03E4 elapsed_us=30.9 ret=1 flag=1->1 state=2->2
22:12:02.638   593 opcode=0x03E4 elapsed_us=31.0 ret=1 flag=1->1 state=2->2
22:12:02.639   594 opcode=0x03E4 elapsed_us=30.8 ret=1 flag=1->1 state=2->2
22:12:02.639   595 opcode=0x03E4 elapsed_us=30.7 ret=1 flag=1->1 state=2->2
22:12:02.656    78 opcode=0x03D9 elapsed_us=99.7 ret=1 flag=1->1 state=2->2
22:12:02.657    79 opcode=0x03D9 elapsed_us=51.1 ret=1 flag=1->1 state=2->2
22:12:02.657    80 opcode=0x03D9 elapsed_us=40.9 ret=1 flag=1->1 state=2->2
22:12:02.657    81 opcode=0x03D9 elapsed_us=35.3 ret=1 flag=1->1 state=2->2
22:12:02.657    82 opcode=0x03D9 elapsed_us=34.5 ret=1 flag=1->1 state=2->2
22:12:02.658    83 opcode=0x03D9 elapsed_us=34.4 ret=1 flag=1->1 state=2->2
22:12:02.658    84 opcode=0x03D9 elapsed_us=34.6 ret=1 flag=1->1 state=2->2
22:12:02.658    85 opcode=0x03D9 elapsed_us=33.7 ret=1 flag=1->1 state=2->2
22:12:02.658    86 opcode=0x03D9 elapsed_us=37.3 ret=1 flag=1->1 state=2->2
22:12:02.658    87 opcode=0x03D9 elapsed_us=33.7 ret=1 flag=1->1 state=2->2
22:12:02.659    88 opcode=0x03D9 elapsed_us=31.8 ret=1 flag=1->1 state=2->2
22:12:02.659    89 opcode=0x03D9 elapsed_us=32.4 ret=1 flag=1->1 state=2->2
22:12:02.659    90 opcode=0x03D9 elapsed_us=32.2 ret=1 flag=1->1 state=2->2
22:12:02.659    91 opcode=0x03D9 elapsed_us=32.5 ret=1 flag=1->1 state=2->2
22:12:02.659    92 opcode=0x03D9 elapsed_us=32.7 ret=1 flag=1->1 state=2->2
22:12:02.660    93 opcode=0x03D9 elapsed_us=32.0 ret=1 flag=1->1 state=2->2
22:12:02.660    94 opcode=0x03D9 elapsed_us=32.2 ret=1 flag=1->1 state=2->2
22:12:02.660    95 opcode=0x03D9 elapsed_us=34.2 ret=1 flag=1->1 state=2->2
22:12:02.660    96 opcode=0x03D9 elapsed_us=32.1 ret=1 flag=1->1 state=2->2
22:12:02.661    97 opcode=0x03D9 elapsed_us=31.7 ret=1 flag=1->1 state=2->2
22:12:02.661    98 opcode=0x03D9 elapsed_us=31.7 ret=1 flag=1->1 state=2->2
22:12:02.661    99 opcode=0x03D9 elapsed_us=31.5 ret=1 flag=1->1 state=2->2
22:12:02.661   100 opcode=0x03D9 elapsed_us=67.9 ret=1 flag=1->1 state=2->2
22:12:02.662   101 opcode=0x03D9 elapsed_us=59.2 ret=1 flag=1->1 state=2->2
22:12:02.662   102 opcode=0x03D9 elapsed_us=55.9 ret=1 flag=1->1 state=2->2
22:12:02.662   103 opcode=0x03D9 elapsed_us=53.5 ret=1 flag=1->1 state=2->2
22:12:02.663   104 opcode=0x03D9 elapsed_us=43.2 ret=1 flag=1->1 state=2->2
22:12:02.663   105 opcode=0x03D9 elapsed_us=40.8 ret=1 flag=1->1 state=2->2
22:12:02.663   106 opcode=0x03D9 elapsed_us=50.9 ret=1 flag=1->1 state=2->2
22:12:02.663   107 opcode=0x03D9 elapsed_us=40.2 ret=1 flag=1->1 state=2->2
22:12:02.855   596 opcode=0x0293 elapsed_us=102.4 ret=1 flag=1->1 state=2->2
22:12:03.396   597 opcode=0x0293 elapsed_us=105.2 ret=1 flag=1->1 state=2->2
22:12:03.617 ***** WATCH #2: 0x1415db360 ENTERED on tid 103200 while dispatching opcode 0x0293 rcx=0x5194357 [0x00000000] rdx=0x7530 (as i32 30000) r8=0x7595 r9=0x3b93918c (as i32 999526796) called-from=0x144ee814f
      stack: 0x144ee814f(vm) 0x143d14364(?) 0x143d87000(vm) 0x144e5ef38(vm) 0x143add050(?) 0x143dea15c(vm) 0x14336e254(?) 0x143dea15c(vm) 0x143dea15c(vm) 0x142c4336b<-TEXT 0x143dea15c(vm) *****
22:12:03.707   598 opcode=0x03E4 elapsed_us=90.6 ret=1 flag=1->1 state=2->2
22:12:03.707   599 opcode=0x03E4 elapsed_us=58.5 ret=1 flag=1->1 state=2->2
22:12:03.707   600 opcode=0x03E4 elapsed_us=42.7 ret=1 flag=1->1 state=2->2
22:12:03.707   601 opcode=0x03E4 elapsed_us=40.4 ret=1 flag=1->1 state=2->2
22:12:03.708   602 opcode=0x03E4 elapsed_us=38.0 ret=1 flag=1->1 state=2->2
22:12:03.708   603 opcode=0x03E4 elapsed_us=37.5 ret=1 flag=1->1 state=2->2
22:12:03.708   604 opcode=0x03E4 elapsed_us=37.0 ret=1 flag=1->1 state=2->2
22:12:03.708   605 opcode=0x03E4 elapsed_us=30.7 ret=1 flag=1->1 state=2->2
22:12:03.709   606 opcode=0x03E4 elapsed_us=31.2 ret=1 flag=1->1 state=2->2
22:12:03.709   607 opcode=0x03E4 elapsed_us=30.6 ret=1 flag=1->1 state=2->2
22:12:03.709   608 opcode=0x03E4 elapsed_us=30.3 ret=1 flag=1->1 state=2->2
22:12:03.709   609 opcode=0x03E4 elapsed_us=30.4 ret=1 flag=1->1 state=2->2
22:12:03.709   610 opcode=0x03E4 elapsed_us=30.5 ret=1 flag=1->1 state=2->2
22:12:03.710   611 opcode=0x03E4 elapsed_us=30.6 ret=1 flag=1->1 state=2->2
22:12:03.710   612 opcode=0x03E4 elapsed_us=30.7 ret=1 flag=1->1 state=2->2
22:12:03.710   613 opcode=0x03E4 elapsed_us=30.4 ret=1 flag=1->1 state=2->2
22:12:03.710   614 opcode=0x03E4 elapsed_us=31.0 ret=1 flag=1->1 state=2->2
22:12:03.711   615 opcode=0x03E4 elapsed_us=30.5 ret=1 flag=1->1 state=2->2
22:12:03.711   616 opcode=0x03E4 elapsed_us=30.4 ret=1 flag=1->1 state=2->2
22:12:03.711   617 opcode=0x03E4 elapsed_us=30.2 ret=1 flag=1->1 state=2->2
22:12:03.711   618 opcode=0x03E4 elapsed_us=31.7 ret=1 flag=1->1 state=2->2
22:12:03.711   619 opcode=0x03E4 elapsed_us=31.2 ret=1 flag=1->1 state=2->2
22:12:03.712   620 opcode=0x03E4 elapsed_us=31.1 ret=1 flag=1->1 state=2->2
22:12:03.712   621 opcode=0x03E4 elapsed_us=30.6 ret=1 flag=1->1 state=2->2
22:12:03.712   622 opcode=0x03E4 elapsed_us=30.4 ret=1 flag=1->1 state=2->2
22:12:03.712   623 opcode=0x03E4 elapsed_us=30.6 ret=1 flag=1->1 state=2->2
22:12:03.713   624 opcode=0x03E4 elapsed_us=30.3 ret=1 flag=1->1 state=2->2
22:12:03.713   625 opcode=0x03E4 elapsed_us=30.6 ret=1 flag=1->1 state=2->2
22:12:03.713   626 opcode=0x03E4 elapsed_us=30.1 ret=1 flag=1->1 state=2->2
22:12:03.713   627 opcode=0x03E4 elapsed_us=30.4 ret=1 flag=1->1 state=2->2
22:12:03.746   108 opcode=0x03D9 elapsed_us=101.6 ret=1 flag=1->1 state=2->2
22:12:03.746   109 opcode=0x03D9 elapsed_us=59.0 ret=1 flag=1->1 state=2->2
22:12:03.747   110 opcode=0x03D9 elapsed_us=41.0 ret=1 flag=1->1 state=2->2
22:12:03.747   111 opcode=0x03D9 elapsed_us=40.5 ret=1 flag=1->1 state=2->2
22:12:03.747   112 opcode=0x03D9 elapsed_us=36.4 ret=1 flag=1->1 state=2->2
22:12:03.747   113 opcode=0x03D9 elapsed_us=35.2 ret=1 flag=1->1 state=2->2
22:12:03.748   114 opcode=0x03D9 elapsed_us=32.9 ret=1 flag=1->1 state=2->2
22:12:03.748   115 opcode=0x03D9 elapsed_us=33.7 ret=1 flag=1->1 state=2->2
22:12:03.748   116 opcode=0x03D9 elapsed_us=32.7 ret=1 flag=1->1 state=2->2
22:12:03.748   117 opcode=0x03D9 elapsed_us=33.0 ret=1 flag=1->1 state=2->2
22:12:03.749   118 opcode=0x03D9 elapsed_us=32.3 ret=1 flag=1->1 state=2->2
22:12:03.749   119 opcode=0x03D9 elapsed_us=33.9 ret=1 flag=1->1 state=2->2
22:12:03.749   120 opcode=0x03D9 elapsed_us=32.7 ret=1 flag=1->1 state=2->2
22:12:03.749   121 opcode=0x03D9 elapsed_us=32.3 ret=1 flag=1->1 state=2->2
22:12:03.749   122 opcode=0x03D9 elapsed_us=32.0 ret=1 flag=1->1 state=2->2
22:12:03.750   123 opcode=0x03D9 elapsed_us=32.8 ret=1 flag=1->1 state=2->2
22:12:03.750   124 opcode=0x03D9 elapsed_us=32.7 ret=1 flag=1->1 state=2->2
22:12:03.750   125 opcode=0x03D9 elapsed_us=31.8 ret=1 flag=1->1 state=2->2
22:12:03.750   126 opcode=0x03D9 elapsed_us=32.9 ret=1 flag=1->1 state=2->2
22:12:03.750   127 opcode=0x03D9 elapsed_us=33.0 ret=1 flag=1->1 state=2->2
22:12:03.751   128 opcode=0x03D9 elapsed_us=33.1 ret=1 flag=1->1 state=2->2
22:12:03.751   129 opcode=0x03D9 elapsed_us=32.5 ret=1 flag=1->1 state=2->2
22:12:03.751   130 opcode=0x03D9 elapsed_us=32.5 ret=1 flag=1->1 state=2->2
22:12:03.751   131 opcode=0x03D9 elapsed_us=32.5 ret=1 flag=1->1 state=2->2
22:12:03.751   132 opcode=0x03D9 elapsed_us=32.0 ret=1 flag=1->1 state=2->2
22:12:03.752   133 opcode=0x03D9 elapsed_us=32.4 ret=1 flag=1->1 state=2->2
22:12:03.752   134 opcode=0x03D9 elapsed_us=32.1 ret=1 flag=1->1 state=2->2
22:12:03.752   135 opcode=0x03D9 elapsed_us=32.2 ret=1 flag=1->1 state=2->2
22:12:03.752   136 opcode=0x03D9 elapsed_us=31.9 ret=1 flag=1->1 state=2->2
22:12:03.753   137 opcode=0x03D9 elapsed_us=32.7 ret=1 flag=1->1 state=2->2
22:12:03.916   628 opcode=0x0293 elapsed_us=105.0 ret=1 flag=1->1 state=2->2
22:12:04.357   629 opcode=0x0293 elapsed_us=106.6 ret=1 flag=1->1 state=2->2
22:12:04.745 ***** SESSION obj=0x6153a48 +0x2270=0x00 +0x227c=0x00 world=0 channel=0 -> no dialog (flag bit 2 clear) *****
22:12:04.787   630 opcode=0x03E4 elapsed_us=93.4 ret=1 flag=1->1 state=2->2
22:12:04.787   631 opcode=0x03E4 elapsed_us=57.5 ret=1 flag=1->1 state=2->2
22:12:04.787   632 opcode=0x03E4 elapsed_us=44.1 ret=1 flag=1->1 state=2->2
22:12:04.788   633 opcode=0x03E4 elapsed_us=39.9 ret=1 flag=1->1 state=2->2
22:12:04.788   634 opcode=0x03E4 elapsed_us=38.9 ret=1 flag=1->1 state=2->2
22:12:04.788   635 opcode=0x03E4 elapsed_us=37.4 ret=1 flag=1->1 state=2->2
22:12:04.788   636 opcode=0x03E4 elapsed_us=37.5 ret=1 flag=1->1 state=2->2
22:12:04.789   637 opcode=0x03E4 elapsed_us=39.0 ret=1 flag=1->1 state=2->2
22:12:04.789   638 opcode=0x03E4 elapsed_us=37.6 ret=1 flag=1->1 state=2->2
22:12:04.789   639 opcode=0x03E4 elapsed_us=36.9 ret=1 flag=1->1 state=2->2
22:12:04.789   640 opcode=0x03E4 elapsed_us=31.1 ret=1 flag=1->1 state=2->2
22:12:04.790   641 opcode=0x03E4 elapsed_us=31.9 ret=1 flag=1->1 state=2->2
22:12:04.790   642 opcode=0x03E4 elapsed_us=31.0 ret=1 flag=1->1 state=2->2
22:12:04.790   643 opcode=0x03E4 elapsed_us=30.9 ret=1 flag=1->1 state=2->2
22:12:04.790   644 opcode=0x03E4 elapsed_us=30.7 ret=1 flag=1->1 state=2->2
22:12:04.790   645 opcode=0x03E4 elapsed_us=31.8 ret=1 flag=1->1 state=2->2
22:12:04.791   646 opcode=0x03E4 elapsed_us=30.5 ret=1 flag=1->1 state=2->2
22:12:04.791   647 opcode=0x03E4 elapsed_us=30.8 ret=1 flag=1->1 state=2->2
22:12:04.791   648 opcode=0x03E4 elapsed_us=32.1 ret=1 flag=1->1 state=2->2
22:12:04.791   649 opcode=0x03E4 elapsed_us=30.5 ret=1 flag=1->1 state=2->2
22:12:04.792   650 opcode=0x03E4 elapsed_us=30.6 ret=1 flag=1->1 state=2->2
22:12:04.792   651 opcode=0x03E4 elapsed_us=30.6 ret=1 flag=1->1 state=2->2
22:12:04.792   652 opcode=0x03E4 elapsed_us=30.7 ret=1 flag=1->1 state=2->2
22:12:04.792   653 opcode=0x03E4 elapsed_us=30.5 ret=1 flag=1->1 state=2->2
22:12:04.792   654 opcode=0x03E4 elapsed_us=30.5 ret=1 flag=1->1 state=2->2
22:12:04.793   655 opcode=0x03E4 elapsed_us=30.5 ret=1 flag=1->1 state=2->2
22:12:04.793   656 opcode=0x03E4 elapsed_us=30.4 ret=1 flag=1->1 state=2->2
22:12:04.793   657 opcode=0x03E4 elapsed_us=30.4 ret=1 flag=1->1 state=2->2
22:12:04.793   658 opcode=0x03E4 elapsed_us=31.5 ret=1 flag=1->1 state=2->2
22:12:04.793   659 opcode=0x03E4 elapsed_us=31.7 ret=1 flag=1->1 state=2->2
22:12:04.847   138 opcode=0x03D9 elapsed_us=89.4 ret=1 flag=1->1 state=2->2
22:12:04.847   139 opcode=0x03D9 elapsed_us=50.6 ret=1 flag=1->1 state=2->2
22:12:04.847   140 opcode=0x03D9 elapsed_us=37.5 ret=1 flag=1->1 state=2->2
22:12:04.847   141 opcode=0x03D9 elapsed_us=46.9 ret=1 flag=1->1 state=2->2
22:12:04.848   142 opcode=0x03D9 elapsed_us=34.2 ret=1 flag=1->1 state=2->2
22:12:04.848   143 opcode=0x03D9 elapsed_us=32.9 ret=1 flag=1->1 state=2->2
22:12:04.848   144 opcode=0x03D9 elapsed_us=33.1 ret=1 flag=1->1 state=2->2
22:12:04.848   145 opcode=0x03D9 elapsed_us=31.9 ret=1 flag=1->1 state=2->2
22:12:04.849   146 opcode=0x03D9 elapsed_us=31.8 ret=1 flag=1->1 state=2->2
22:12:04.849   147 opcode=0x03D9 elapsed_us=32.7 ret=1 flag=1->1 state=2->2
22:12:04.849   148 opcode=0x03D9 elapsed_us=32.5 ret=1 flag=1->1 state=2->2
22:12:04.849   149 opcode=0x03D9 elapsed_us=33.0 ret=1 flag=1->1 state=2->2
22:12:04.849   150 opcode=0x03D9 elapsed_us=31.7 ret=1 flag=1->1 state=2->2
22:12:04.850   151 opcode=0x03D9 elapsed_us=32.4 ret=1 flag=1->1 state=2->2
22:12:04.850   152 opcode=0x03D9 elapsed_us=33.1 ret=1 flag=1->1 state=2->2
22:12:04.850   153 opcode=0x03D9 elapsed_us=32.8 ret=1 flag=1->1 state=2->2
22:12:04.850   154 opcode=0x03D9 elapsed_us=32.3 ret=1 flag=1->1 state=2->2
22:12:04.850   155 opcode=0x03D9 elapsed_us=32.9 ret=1 flag=1->1 state=2->2
22:12:04.851   156 opcode=0x03D9 elapsed_us=31.9 ret=1 flag=1->1 state=2->2
22:12:04.851   157 opcode=0x03D9 elapsed_us=33.1 ret=1 flag=1->1 state=2->2
22:12:04.851   158 opcode=0x03D9 elapsed_us=31.9 ret=1 flag=1->1 state=2->2
22:12:04.851   159 opcode=0x03D9 elapsed_us=31.9 ret=1 flag=1->1 state=2->2
22:12:04.852   160 opcode=0x03D9 elapsed_us=31.7 ret=1 flag=1->1 state=2->2
22:12:04.852   161 opcode=0x03D9 elapsed_us=32.0 ret=1 flag=1->1 state=2->2
22:12:04.852   162 opcode=0x03D9 elapsed_us=32.6 ret=1 flag=1->1 state=2->2
22:12:04.852   163 opcode=0x03D9 elapsed_us=31.5 ret=1 flag=1->1 state=2->2
22:12:04.852   164 opcode=0x03D9 elapsed_us=32.0 ret=1 flag=1->1 state=2->2
22:12:04.853   165 opcode=0x03D9 elapsed_us=32.1 ret=1 flag=1->1 state=2->2
22:12:04.853   166 opcode=0x03D9 elapsed_us=31.9 ret=1 flag=1->1 state=2->2
22:12:04.853   167 opcode=0x03D9 elapsed_us=32.3 ret=1 flag=1->1 state=2->2
22:12:04.897   660 opcode=0x0293 elapsed_us=101.1 ret=1 flag=1->1 state=2->2
22:12:05.131 ***** SESSION obj=0x617e158 +0x2270=0x00 +0x227c=0x00 world=0 channel=0 -> no dialog (flag bit 2 clear) *****
22:12:05.437   661 opcode=0x0293 elapsed_us=104.0 ret=1 flag=1->1 state=2->2
22:12:05.577   168 opcode=0x0453 elapsed_us=106.1 ret=1 flag=1->1 state=2->2
22:12:05.657   662 opcode=0x0453 elapsed_us=103.0 ret=1 flag=1->1 state=2->2
22:12:05.867   663 opcode=0x03E4 elapsed_us=93.5 ret=1 flag=1->1 state=2->2
22:12:05.867   664 opcode=0x03E4 elapsed_us=57.7 ret=1 flag=1->1 state=2->2
22:12:05.868   665 opcode=0x03E4 elapsed_us=47.0 ret=1 flag=1->1 state=2->2
22:12:05.868   666 opcode=0x03E4 elapsed_us=42.6 ret=1 flag=1->1 state=2->2
22:12:05.868   667 opcode=0x03E4 elapsed_us=39.4 ret=1 flag=1->1 state=2->2
22:12:05.868   668 opcode=0x03E4 elapsed_us=39.2 ret=1 flag=1->1 state=2->2
22:12:05.869   669 opcode=0x03E4 elapsed_us=40.4 ret=1 flag=1->1 state=2->2
22:12:05.869   670 opcode=0x03E4 elapsed_us=39.0 ret=1 flag=1->1 state=2->2
22:12:05.869   671 opcode=0x03E4 elapsed_us=38.4 ret=1 flag=1->1 state=2->2
22:12:05.869   672 opcode=0x03E4 elapsed_us=31.2 ret=1 flag=1->1 state=2->2
22:12:05.870   673 opcode=0x03E4 elapsed_us=30.9 ret=1 flag=1->1 state=2->2
22:12:05.870   674 opcode=0x03E4 elapsed_us=31.8 ret=1 flag=1->1 state=2->2
22:12:05.870   675 opcode=0x03E4 elapsed_us=31.7 ret=1 flag=1->1 state=2->2
22:12:05.870   676 opcode=0x03E4 elapsed_us=31.0 ret=1 flag=1->1 state=2->2
22:12:05.871   677 opcode=0x03E4 elapsed_us=31.5 ret=1 flag=1->1 state=2->2
22:12:05.871   678 opcode=0x03E4 elapsed_us=31.1 ret=1 flag=1->1 state=2->2
22:12:05.871   679 opcode=0x03E4 elapsed_us=30.6 ret=1 flag=1->1 state=2->2
22:12:05.871   680 opcode=0x03E4 elapsed_us=31.1 ret=1 flag=1->1 state=2->2
22:12:05.871   681 opcode=0x03E4 elapsed_us=30.8 ret=1 flag=1->1 state=2->2
22:12:05.872   682 opcode=0x03E4 elapsed_us=30.6 ret=1 flag=1->1 state=2->2
22:12:05.872   683 opcode=0x03E4 elapsed_us=31.4 ret=1 flag=1->1 state=2->2
22:12:05.872   684 opcode=0x03E4 elapsed_us=32.0 ret=1 flag=1->1 state=2->2
22:12:05.872   685 opcode=0x03E4 elapsed_us=38.6 ret=1 flag=1->1 state=2->2
22:12:05.873   686 opcode=0x03E4 elapsed_us=34.9 ret=1 flag=1->1 state=2->2
22:12:05.873   687 opcode=0x03E4 elapsed_us=33.2 ret=1 flag=1->1 state=2->2
22:12:05.873   688 opcode=0x03E4 elapsed_us=31.1 ret=1 flag=1->1 state=2->2
22:12:05.873   689 opcode=0x03E4 elapsed_us=30.9 ret=1 flag=1->1 state=2->2
22:12:05.874   690 opcode=0x03E4 elapsed_us=30.8 ret=1 flag=1->1 state=2->2
22:12:05.874   691 opcode=0x03E4 elapsed_us=30.8 ret=1 flag=1->1 state=2->2
22:12:05.874   692 opcode=0x03E4 elapsed_us=31.1 ret=1 flag=1->1 state=2->2
22:12:05.897   169 opcode=0x03D9 elapsed_us=106.1 ret=1 flag=1->1 state=2->2
22:12:05.897   170 opcode=0x03D9 elapsed_us=56.2 ret=1 flag=1->1 state=2->2
22:12:05.897   171 opcode=0x03D9 elapsed_us=39.7 ret=1 flag=1->1 state=2->2
22:12:05.897   172 opcode=0x03D9 elapsed_us=45.5 ret=1 flag=1->1 state=2->2
22:12:05.898   173 opcode=0x03D9 elapsed_us=41.7 ret=1 flag=1->1 state=2->2
22:12:05.898   174 opcode=0x03D9 elapsed_us=49.7 ret=1 flag=1->1 state=2->2
22:12:05.898   175 opcode=0x03D9 elapsed_us=36.7 ret=1 flag=1->1 state=2->2
22:12:05.899   176 opcode=0x03D9 elapsed_us=34.0 ret=1 flag=1->1 state=2->2
22:12:05.899   177 opcode=0x03D9 elapsed_us=32.9 ret=1 flag=1->1 state=2->2
22:12:05.899   178 opcode=0x03D9 elapsed_us=33.8 ret=1 flag=1->1 state=2->2
22:12:05.899   179 opcode=0x03D9 elapsed_us=34.0 ret=1 flag=1->1 state=2->2
22:12:05.900   180 opcode=0x03D9 elapsed_us=33.1 ret=1 flag=1->1 state=2->2
22:12:05.900   181 opcode=0x03D9 elapsed_us=33.1 ret=1 flag=1->1 state=2->2
22:12:05.900   182 opcode=0x03D9 elapsed_us=32.5 ret=1 flag=1->1 state=2->2
22:12:05.900   183 opcode=0x03D9 elapsed_us=32.6 ret=1 flag=1->1 state=2->2
22:12:05.900   184 opcode=0x03D9 elapsed_us=33.4 ret=1 flag=1->1 state=2->2
22:12:05.901   185 opcode=0x03D9 elapsed_us=32.9 ret=1 flag=1->1 state=2->2
22:12:05.901   186 opcode=0x03D9 elapsed_us=32.5 ret=1 flag=1->1 state=2->2
22:12:05.901   187 opcode=0x03D9 elapsed_us=32.3 ret=1 flag=1->1 state=2->2
22:12:05.901   188 opcode=0x03D9 elapsed_us=32.1 ret=1 flag=1->1 state=2->2
22:12:05.901   189 opcode=0x03D9 elapsed_us=31.8 ret=1 flag=1->1 state=2->2
22:12:05.902   190 opcode=0x03D9 elapsed_us=33.2 ret=1 flag=1->1 state=2->2
22:12:05.902   191 opcode=0x03D9 elapsed_us=32.1 ret=1 flag=1->1 state=2->2
22:12:05.902   192 opcode=0x03D9 elapsed_us=32.5 ret=1 flag=1->1 state=2->2
22:12:05.902   193 opcode=0x03D9 elapsed_us=32.7 ret=1 flag=1->1 state=2->2
22:12:05.903   194 opcode=0x03D9 elapsed_us=32.2 ret=1 flag=1->1 state=2->2
22:12:05.903   195 opcode=0x03D9 elapsed_us=32.2 ret=1 flag=1->1 state=2->2
22:12:05.903   196 opcode=0x03D9 elapsed_us=31.9 ret=1 flag=1->1 state=2->2
22:12:05.903   197 opcode=0x03D9 elapsed_us=31.5 ret=1 flag=1->1 state=2->2
22:12:05.903   198 opcode=0x03D9 elapsed_us=31.5 ret=1 flag=1->1 state=2->2
22:12:06.947   693 opcode=0x03E4 elapsed_us=84.2 ret=1 flag=1->1 state=2->2
22:12:06.950   694 opcode=0x03E4 elapsed_us=80.9 ret=1 flag=1->1 state=2->2
22:12:06.950   695 opcode=0x03E4 elapsed_us=48.8 ret=1 flag=1->1 state=2->2
22:12:06.951   696 opcode=0x03E4 elapsed_us=38.5 ret=1 flag=1->1 state=2->2
22:12:06.951   697 opcode=0x03E4 elapsed_us=33.5 ret=1 flag=1->1 state=2->2
22:12:06.951   698 opcode=0x03E4 elapsed_us=39.4 ret=1 flag=1->1 state=2->2
22:12:06.951   699 opcode=0x03E4 elapsed_us=35.8 ret=1 flag=1->1 state=2->2
22:12:06.952   700 opcode=0x03E4 elapsed_us=32.9 ret=1 flag=1->1 state=2->2
22:12:06.952   701 opcode=0x03E4 elapsed_us=32.5 ret=1 flag=1->1 state=2->2
22:12:06.952   702 opcode=0x03E4 elapsed_us=32.5 ret=1 flag=1->1 state=2->2
22:12:06.952   703 opcode=0x03E4 elapsed_us=32.2 ret=1 flag=1->1 state=2->2
22:12:06.952   704 opcode=0x03E4 elapsed_us=31.3 ret=1 flag=1->1 state=2->2
22:12:06.953   705 opcode=0x03E4 elapsed_us=38.6 ret=1 flag=1->1 state=2->2
22:12:06.953   706 opcode=0x03E4 elapsed_us=35.4 ret=1 flag=1->1 state=2->2
22:12:06.953   707 opcode=0x03E4 elapsed_us=32.4 ret=1 flag=1->1 state=2->2
22:12:06.953   708 opcode=0x03E4 elapsed_us=33.2 ret=1 flag=1->1 state=2->2
22:12:06.954   709 opcode=0x03E4 elapsed_us=38.7 ret=1 flag=1->1 state=2->2
22:12:06.954   710 opcode=0x03E4 elapsed_us=34.8 ret=1 flag=1->1 state=2->2
22:12:06.954   711 opcode=0x03E4 elapsed_us=31.8 ret=1 flag=1->1 state=2->2
22:12:06.954   712 opcode=0x03E4 elapsed_us=43.0 ret=1 flag=1->1 state=2->2
22:12:06.955   713 opcode=0x03E4 elapsed_us=37.0 ret=1 flag=1->1 state=2->2
22:12:06.955   714 opcode=0x03E4 elapsed_us=33.7 ret=1 flag=1->1 state=2->2
22:12:06.955   715 opcode=0x03E4 elapsed_us=34.0 ret=1 flag=1->1 state=2->2
22:12:06.955   716 opcode=0x03E4 elapsed_us=33.2 ret=1 flag=1->1 state=2->2
22:12:06.956   717 opcode=0x03E4 elapsed_us=31.8 ret=1 flag=1->1 state=2->2
22:12:06.956   718 opcode=0x03E4 elapsed_us=31.0 ret=1 flag=1->1 state=2->2
22:12:06.956   719 opcode=0x03E4 elapsed_us=31.6 ret=1 flag=1->1 state=2->2
22:12:06.956   720 opcode=0x03E4 elapsed_us=31.1 ret=1 flag=1->1 state=2->2
22:12:06.956   721 opcode=0x03E4 elapsed_us=32.0 ret=1 flag=1->1 state=2->2
22:12:06.957   722 opcode=0x03E4 elapsed_us=31.7 ret=1 flag=1->1 state=2->2
22:12:06.987   199 opcode=0x03D9 elapsed_us=106.5 ret=1 flag=1->1 state=2->2
22:12:06.987   200 opcode=0x03D9 elapsed_us=52.9 ret=1 flag=1->1 state=2->2
22:12:06.988   201 opcode=0x03D9 elapsed_us=40.3 ret=1 flag=1->1 state=2->2
22:12:06.988   202 opcode=0x03D9 elapsed_us=35.7 ret=1 flag=1->1 state=2->2
22:12:06.988   203 opcode=0x03D9 elapsed_us=35.0 ret=1 flag=1->1 state=2->2
22:12:06.988   204 opcode=0x03D9 elapsed_us=36.8 ret=1 flag=1->1 state=2->2
22:12:06.989   205 opcode=0x03D9 elapsed_us=33.7 ret=1 flag=1->1 state=2->2
22:12:06.989   206 opcode=0x03D9 elapsed_us=32.6 ret=1 flag=1->1 state=2->2
22:12:06.989   207 opcode=0x03D9 elapsed_us=32.8 ret=1 flag=1->1 state=2->2
22:12:06.989   208 opcode=0x03D9 elapsed_us=32.4 ret=1 flag=1->1 state=2->2
22:12:06.989   209 opcode=0x03D9 elapsed_us=31.9 ret=1 flag=1->1 state=2->2
22:12:06.990   210 opcode=0x03D9 elapsed_us=32.6 ret=1 flag=1->1 state=2->2
22:12:06.990   211 opcode=0x03D9 elapsed_us=34.6 ret=1 flag=1->1 state=2->2
22:12:06.990   212 opcode=0x03D9 elapsed_us=33.0 ret=1 flag=1->1 state=2->2
22:12:06.990   213 opcode=0x03D9 elapsed_us=32.0 ret=1 flag=1->1 state=2->2
22:12:06.991   214 opcode=0x03D9 elapsed_us=33.6 ret=1 flag=1->1 state=2->2
22:12:06.991   215 opcode=0x03D9 elapsed_us=32.7 ret=1 flag=1->1 state=2->2
22:12:06.991   216 opcode=0x03D9 elapsed_us=32.3 ret=1 flag=1->1 state=2->2
22:12:06.991   217 opcode=0x03D9 elapsed_us=31.9 ret=1 flag=1->1 state=2->2
22:12:06.991   218 opcode=0x03D9 elapsed_us=32.6 ret=1 flag=1->1 state=2->2
22:12:06.992   219 opcode=0x03D9 elapsed_us=32.8 ret=1 flag=1->1 state=2->2
22:12:06.992   220 opcode=0x03D9 elapsed_us=32.0 ret=1 flag=1->1 state=2->2
22:12:06.992   221 opcode=0x03D9 elapsed_us=32.6 ret=1 flag=1->1 state=2->2
22:12:06.992   222 opcode=0x03D9 elapsed_us=31.9 ret=1 flag=1->1 state=2->2
22:12:06.992   223 opcode=0x03D9 elapsed_us=32.2 ret=1 flag=1->1 state=2->2
22:12:06.993   224 opcode=0x03D9 elapsed_us=31.7 ret=1 flag=1->1 state=2->2
22:12:06.993   225 opcode=0x03D9 elapsed_us=32.0 ret=1 flag=1->1 state=2->2
22:12:06.993   226 opcode=0x03D9 elapsed_us=32.4 ret=1 flag=1->1 state=2->2
22:12:06.993   227 opcode=0x03D9 elapsed_us=33.1 ret=1 flag=1->1 state=2->2
22:12:06.994   228 opcode=0x03D9 elapsed_us=33.2 ret=1 flag=1->1 state=2->2
22:12:07.752 ***** SESSION obj=0x6153a48 +0x2270=0x00 +0x227c=0x00 world=0 channel=0 -> no dialog (flag bit 2 clear) *****
22:12:08.027   723 opcode=0x03E4 elapsed_us=96.9 ret=1 flag=1->1 state=2->2
22:12:08.027   724 opcode=0x03E4 elapsed_us=63.5 ret=1 flag=1->1 state=2->2
22:12:08.028   725 opcode=0x03E4 elapsed_us=50.8 ret=1 flag=1->1 state=2->2
22:12:08.028   726 opcode=0x03E4 elapsed_us=43.2 ret=1 flag=1->1 state=2->2
22:12:08.028   727 opcode=0x03E4 elapsed_us=39.3 ret=1 flag=1->1 state=2->2
22:12:08.029   728 opcode=0x03E4 elapsed_us=32.0 ret=1 flag=1->1 state=2->2
22:12:08.029   729 opcode=0x03E4 elapsed_us=31.9 ret=1 flag=1->1 state=2->2
22:12:08.029   730 opcode=0x03E4 elapsed_us=31.8 ret=1 flag=1->1 state=2->2
22:12:08.029   731 opcode=0x03E4 elapsed_us=31.7 ret=1 flag=1->1 state=2->2
22:12:08.029   732 opcode=0x03E4 elapsed_us=31.5 ret=1 flag=1->1 state=2->2
22:12:08.030   733 opcode=0x03E4 elapsed_us=31.5 ret=1 flag=1->1 state=2->2
22:12:08.030   734 opcode=0x03E4 elapsed_us=34.0 ret=1 flag=1->1 state=2->2
22:12:08.030   735 opcode=0x03E4 elapsed_us=31.5 ret=1 flag=1->1 state=2->2
22:12:08.030   736 opcode=0x03E4 elapsed_us=31.1 ret=1 flag=1->1 state=2->2
22:12:08.031   737 opcode=0x03E4 elapsed_us=31.0 ret=1 flag=1->1 state=2->2
22:12:08.031   738 opcode=0x03E4 elapsed_us=30.9 ret=1 flag=1->1 state=2->2
22:12:08.031   739 opcode=0x03E4 elapsed_us=31.4 ret=1 flag=1->1 state=2->2
22:12:08.031   740 opcode=0x03E4 elapsed_us=30.8 ret=1 flag=1->1 state=2->2
22:12:08.031   741 opcode=0x03E4 elapsed_us=30.7 ret=1 flag=1->1 state=2->2
22:12:08.032   742 opcode=0x03E4 elapsed_us=30.7 ret=1 flag=1->1 state=2->2
22:12:08.032   743 opcode=0x03E4 elapsed_us=31.8 ret=1 flag=1->1 state=2->2
22:12:08.032   744 opcode=0x03E4 elapsed_us=31.6 ret=1 flag=1->1 state=2->2
22:12:08.032   745 opcode=0x03E4 elapsed_us=30.8 ret=1 flag=1->1 state=2->2
22:12:08.033   746 opcode=0x03E4 elapsed_us=38.7 ret=1 flag=1->1 state=2->2
22:12:08.033   747 opcode=0x03E4 elapsed_us=34.3 ret=1 flag=1->1 state=2->2
22:12:08.033   748 opcode=0x03E4 elapsed_us=32.4 ret=1 flag=1->1 state=2->2
22:12:08.033   749 opcode=0x03E4 elapsed_us=31.4 ret=1 flag=1->1 state=2->2
22:12:08.033   750 opcode=0x03E4 elapsed_us=31.3 ret=1 flag=1->1 state=2->2
22:12:08.034   751 opcode=0x03E4 elapsed_us=30.9 ret=1 flag=1->1 state=2->2
22:12:08.034   752 opcode=0x03E4 elapsed_us=31.0 ret=1 flag=1->1 state=2->2
22:12:08.067   229 opcode=0x03D9 elapsed_us=113.7 ret=1 flag=1->1 state=2->2
22:12:08.068   230 opcode=0x03D9 elapsed_us=59.3 ret=1 flag=1->1 state=2->2
22:12:08.068   231 opcode=0x03D9 elapsed_us=45.3 ret=1 flag=1->1 state=2->2
22:12:08.068   232 opcode=0x03D9 elapsed_us=43.0 ret=1 flag=1->1 state=2->2
22:12:08.068   233 opcode=0x03D9 elapsed_us=33.5 ret=1 flag=1->1 state=2->2
22:12:08.069   234 opcode=0x03D9 elapsed_us=34.4 ret=1 flag=1->1 state=2->2
22:12:08.069   235 opcode=0x03D9 elapsed_us=33.6 ret=1 flag=1->1 state=2->2
22:12:08.069   236 opcode=0x03D9 elapsed_us=33.0 ret=1 flag=1->1 state=2->2
22:12:08.069   237 opcode=0x03D9 elapsed_us=32.6 ret=1 flag=1->1 state=2->2
22:12:08.070   238 opcode=0x03D9 elapsed_us=32.9 ret=1 flag=1->1 state=2->2
22:12:08.070   239 opcode=0x03D9 elapsed_us=32.9 ret=1 flag=1->1 state=2->2
22:12:08.070   240 opcode=0x03D9 elapsed_us=34.5 ret=1 flag=1->1 state=2->2
22:12:08.070   241 opcode=0x03D9 elapsed_us=32.9 ret=1 flag=1->1 state=2->2
22:12:08.071   242 opcode=0x03D9 elapsed_us=32.2 ret=1 flag=1->1 state=2->2
22:12:08.071   243 opcode=0x03D9 elapsed_us=31.9 ret=1 flag=1->1 state=2->2
22:12:08.071   244 opcode=0x03D9 elapsed_us=31.6 ret=1 flag=1->1 state=2->2
22:12:08.071   245 opcode=0x03D9 elapsed_us=32.7 ret=1 flag=1->1 state=2->2
22:12:08.071   246 opcode=0x03D9 elapsed_us=32.0 ret=1 flag=1->1 state=2->2
22:12:08.072   247 opcode=0x03D9 elapsed_us=32.3 ret=1 flag=1->1 state=2->2
22:12:08.072   248 opcode=0x03D9 elapsed_us=31.7 ret=1 flag=1->1 state=2->2
22:12:08.072   249 opcode=0x03D9 elapsed_us=32.3 ret=1 flag=1->1 state=2->2
22:12:08.072   250 opcode=0x03D9 elapsed_us=32.4 ret=1 flag=1->1 state=2->2
22:12:08.072   251 opcode=0x03D9 elapsed_us=32.0 ret=1 flag=1->1 state=2->2
22:12:08.073   252 opcode=0x03D9 elapsed_us=32.8 ret=1 flag=1->1 state=2->2
22:12:08.073   253 opcode=0x03D9 elapsed_us=32.0 ret=1 flag=1->1 state=2->2
22:12:08.073   254 opcode=0x03D9 elapsed_us=32.1 ret=1 flag=1->1 state=2->2
22:12:08.073   255 opcode=0x03D9 elapsed_us=32.1 ret=1 flag=1->1 state=2->2
22:12:08.074   256 opcode=0x03D9 elapsed_us=32.1 ret=1 flag=1->1 state=2->2
22:12:08.074   257 opcode=0x03D9 elapsed_us=32.1 ret=1 flag=1->1 state=2->2
22:12:08.074   258 opcode=0x03D9 elapsed_us=31.6 ret=1 flag=1->1 state=2->2
22:12:08.138 ***** SESSION obj=0x617e158 +0x2270=0x00 +0x227c=0x00 world=0 channel=0 -> no dialog (flag bit 2 clear) *****
22:12:08.288   259 opcode=0x0453 elapsed_us=450.3 ret=1 flag=1->1 state=2->2
22:12:08.588   753 opcode=0x00A5 elapsed_us=21392.3 ret=1 flag=1->1 state=2->2
22:12:08.818   754 opcode=0x0453 elapsed_us=388.4 ret=1 flag=1->1 state=2->2
22:12:09.107   755 opcode=0x03E4 elapsed_us=91.7 ret=1 flag=1->1 state=2->2
22:12:09.108   756 opcode=0x03E4 elapsed_us=56.6 ret=1 flag=1->1 state=2->2
22:12:09.108   757 opcode=0x03E4 elapsed_us=42.8 ret=1 flag=1->1 state=2->2
22:12:09.108   758 opcode=0x03E4 elapsed_us=39.8 ret=1 flag=1->1 state=2->2
22:12:09.109   759 opcode=0x03E4 elapsed_us=32.0 ret=1 flag=1->1 state=2->2
22:12:09.109   760 opcode=0x03E4 elapsed_us=31.3 ret=1 flag=1->1 state=2->2
22:12:09.109   761 opcode=0x03E4 elapsed_us=32.0 ret=1 flag=1->1 state=2->2
22:12:09.109   762 opcode=0x03E4 elapsed_us=31.0 ret=1 flag=1->1 state=2->2
22:12:09.109   763 opcode=0x03E4 elapsed_us=31.3 ret=1 flag=1->1 state=2->2
22:12:09.110   764 opcode=0x03E4 elapsed_us=30.8 ret=1 flag=1->1 state=2->2
22:12:09.110   765 opcode=0x03E4 elapsed_us=31.0 ret=1 flag=1->1 state=2->2
22:12:09.110   766 opcode=0x03E4 elapsed_us=31.2 ret=1 flag=1->1 state=2->2
22:12:09.110   767 opcode=0x03E4 elapsed_us=30.6 ret=1 flag=1->1 state=2->2
22:12:09.111   768 opcode=0x03E4 elapsed_us=30.8 ret=1 flag=1->1 state=2->2
22:12:09.111   769 opcode=0x03E4 elapsed_us=30.5 ret=1 flag=1->1 state=2->2
22:12:09.111   770 opcode=0x03E4 elapsed_us=30.7 ret=1 flag=1->1 state=2->2
22:12:09.111   771 opcode=0x03E4 elapsed_us=30.8 ret=1 flag=1->1 state=2->2
22:12:09.111   772 opcode=0x03E4 elapsed_us=30.4 ret=1 flag=1->1 state=2->2
22:12:09.112   773 opcode=0x03E4 elapsed_us=30.9 ret=1 flag=1->1 state=2->2
22:12:09.112   774 opcode=0x03E4 elapsed_us=30.5 ret=1 flag=1->1 state=2->2
22:12:09.112   775 opcode=0x03E4 elapsed_us=30.6 ret=1 flag=1->1 state=2->2
22:12:09.112   776 opcode=0x03E4 elapsed_us=30.4 ret=1 flag=1->1 state=2->2
22:12:09.112   777 opcode=0x03E4 elapsed_us=30.4 ret=1 flag=1->1 state=2->2
22:12:09.113   778 opcode=0x03E4 elapsed_us=30.7 ret=1 flag=1->1 state=2->2
22:12:09.113   779 opcode=0x03E4 elapsed_us=30.5 ret=1 flag=1->1 state=2->2
22:12:09.113   780 opcode=0x03E4 elapsed_us=31.4 ret=1 flag=1->1 state=2->2
22:12:09.113   781 opcode=0x03E4 elapsed_us=31.2 ret=1 flag=1->1 state=2->2
22:12:09.114   782 opcode=0x03E4 elapsed_us=31.4 ret=1 flag=1->1 state=2->2
22:12:09.114   783 opcode=0x03E4 elapsed_us=30.8 ret=1 flag=1->1 state=2->2
22:12:09.114   784 opcode=0x03E4 elapsed_us=30.9 ret=1 flag=1->1 state=2->2
22:12:09.158   260 opcode=0x03D9 elapsed_us=103.3 ret=1 flag=1->1 state=2->2
22:12:09.158   261 opcode=0x03D9 elapsed_us=55.4 ret=1 flag=1->1 state=2->2
22:12:09.158   262 opcode=0x03D9 elapsed_us=43.5 ret=1 flag=1->1 state=2->2
22:12:09.158   263 opcode=0x03D9 elapsed_us=37.6 ret=1 flag=1->1 state=2->2
22:12:09.159   264 opcode=0x03D9 elapsed_us=34.7 ret=1 flag=1->1 state=2->2
22:12:09.159   265 opcode=0x03D9 elapsed_us=34.6 ret=1 flag=1->1 state=2->2
22:12:09.159   266 opcode=0x03D9 elapsed_us=34.7 ret=1 flag=1->1 state=2->2
22:12:09.159   267 opcode=0x03D9 elapsed_us=34.2 ret=1 flag=1->1 state=2->2
22:12:09.160   268 opcode=0x03D9 elapsed_us=33.1 ret=1 flag=1->1 state=2->2
22:12:09.160   269 opcode=0x03D9 elapsed_us=32.4 ret=1 flag=1->1 state=2->2
22:12:09.160   270 opcode=0x03D9 elapsed_us=32.6 ret=1 flag=1->1 state=2->2
22:12:09.160   271 opcode=0x03D9 elapsed_us=32.4 ret=1 flag=1->1 state=2->2
22:12:09.160   272 opcode=0x03D9 elapsed_us=32.5 ret=1 flag=1->1 state=2->2
22:12:09.161   273 opcode=0x03D9 elapsed_us=33.1 ret=1 flag=1->1 state=2->2
22:12:09.161   274 opcode=0x03D9 elapsed_us=32.4 ret=1 flag=1->1 state=2->2
22:12:09.161   275 opcode=0x03D9 elapsed_us=33.1 ret=1 flag=1->1 state=2->2
22:12:09.161   276 opcode=0x03D9 elapsed_us=31.9 ret=1 flag=1->1 state=2->2
22:12:09.161   277 opcode=0x03D9 elapsed_us=32.5 ret=1 flag=1->1 state=2->2
22:12:09.162   278 opcode=0x03D9 elapsed_us=33.2 ret=1 flag=1->1 state=2->2
22:12:09.162   279 opcode=0x03D9 elapsed_us=33.4 ret=1 flag=1->1 state=2->2
22:12:09.162   280 opcode=0x03D9 elapsed_us=32.5 ret=1 flag=1->1 state=2->2
22:12:09.162   281 opcode=0x03D9 elapsed_us=31.8 ret=1 flag=1->1 state=2->2
22:12:09.163   282 opcode=0x03D9 elapsed_us=32.2 ret=1 flag=1->1 state=2->2
22:12:09.163   283 opcode=0x03D9 elapsed_us=31.9 ret=1 flag=1->1 state=2->2
22:12:09.163   284 opcode=0x03D9 elapsed_us=32.6 ret=1 flag=1->1 state=2->2
22:12:09.163   285 opcode=0x03D9 elapsed_us=31.8 ret=1 flag=1->1 state=2->2
22:12:09.163   286 opcode=0x03D9 elapsed_us=32.2 ret=1 flag=1->1 state=2->2
22:12:09.164   287 opcode=0x03D9 elapsed_us=32.4 ret=1 flag=1->1 state=2->2
22:12:09.164   288 opcode=0x03D9 elapsed_us=31.8 ret=1 flag=1->1 state=2->2
22:12:09.164   289 opcode=0x03D9 elapsed_us=32.3 ret=1 flag=1->1 state=2->2
22:12:10.027   290 opcode=0x0453 elapsed_us=103.7 ret=1 flag=1->1 state=2->2
22:12:10.098   785 opcode=0x0453 elapsed_us=111.5 ret=1 flag=1->1 state=2->2
22:12:10.188   786 opcode=0x03E4 elapsed_us=167.9 ret=1 flag=1->1 state=2->2
22:12:10.188   787 opcode=0x03E4 elapsed_us=52.1 ret=1 flag=1->1 state=2->2
22:12:10.188   788 opcode=0x03E4 elapsed_us=105.1 ret=1 flag=1->1 state=2->2
22:12:10.189   789 opcode=0x03E4 elapsed_us=42.0 ret=1 flag=1->1 state=2->2
22:12:10.189   790 opcode=0x03E4 elapsed_us=36.0 ret=1 flag=1->1 state=2->2
22:12:10.189   791 opcode=0x03E4 elapsed_us=33.8 ret=1 flag=1->1 state=2->2
22:12:10.189   792 opcode=0x03E4 elapsed_us=32.5 ret=1 flag=1->1 state=2->2
22:12:10.190   793 opcode=0x03E4 elapsed_us=31.2 ret=1 flag=1->1 state=2->2
22:12:10.190   794 opcode=0x03E4 elapsed_us=31.3 ret=1 flag=1->1 state=2->2
22:12:10.190   795 opcode=0x03E4 elapsed_us=30.8 ret=1 flag=1->1 state=2->2
22:12:10.190   796 opcode=0x03E4 elapsed_us=30.5 ret=1 flag=1->1 state=2->2
22:12:10.190   797 opcode=0x03E4 elapsed_us=31.5 ret=1 flag=1->1 state=2->2
22:12:10.191   798 opcode=0x03E4 elapsed_us=30.7 ret=1 flag=1->1 state=2->2
22:12:10.191   799 opcode=0x03E4 elapsed_us=30.8 ret=1 flag=1->1 state=2->2
22:12:10.191   800 opcode=0x03E4 elapsed_us=31.6 ret=1 flag=1->1 state=2->2
22:12:10.191   801 opcode=0x03E4 elapsed_us=31.1 ret=1 flag=1->1 state=2->2
22:12:10.192   802 opcode=0x03E4 elapsed_us=31.1 ret=1 flag=1->1 state=2->2
22:12:10.192   803 opcode=0x03E4 elapsed_us=31.5 ret=1 flag=1->1 state=2->2
22:12:10.192   804 opcode=0x03E4 elapsed_us=30.5 ret=1 flag=1->1 state=2->2
22:12:10.192   805 opcode=0x03E4 elapsed_us=30.3 ret=1 flag=1->1 state=2->2
22:12:10.192   806 opcode=0x03E4 elapsed_us=30.5 ret=1 flag=1->1 state=2->2
22:12:10.193   807 opcode=0x03E4 elapsed_us=30.6 ret=1 flag=1->1 state=2->2
22:12:10.193   808 opcode=0x03E4 elapsed_us=30.8 ret=1 flag=1->1 state=2->2
22:12:10.193   809 opcode=0x03E4 elapsed_us=30.7 ret=1 flag=1->1 state=2->2
22:12:10.193   810 opcode=0x03E4 elapsed_us=30.6 ret=1 flag=1->1 state=2->2
22:12:10.193   811 opcode=0x03E4 elapsed_us=31.6 ret=1 flag=1->1 state=2->2
22:12:10.194   812 opcode=0x03E4 elapsed_us=30.3 ret=1 flag=1->1 state=2->2
22:12:10.194   813 opcode=0x03E4 elapsed_us=30.4 ret=1 flag=1->1 state=2->2
22:12:10.194   814 opcode=0x03E4 elapsed_us=30.4 ret=1 flag=1->1 state=2->2
22:12:10.194   815 opcode=0x03E4 elapsed_us=30.5 ret=1 flag=1->1 state=2->2
22:12:10.238   291 opcode=0x03D9 elapsed_us=113.1 ret=1 flag=1->1 state=2->2
22:12:10.238   292 opcode=0x03D9 elapsed_us=66.6 ret=1 flag=1->1 state=2->2
22:12:10.238   293 opcode=0x03D9 elapsed_us=48.5 ret=1 flag=1->1 state=2->2
22:12:10.239   294 opcode=0x03D9 elapsed_us=43.2 ret=1 flag=1->1 state=2->2
22:12:10.239   295 opcode=0x03D9 elapsed_us=40.3 ret=1 flag=1->1 state=2->2
22:12:10.239   296 opcode=0x03D9 elapsed_us=42.4 ret=1 flag=1->1 state=2->2
22:12:10.239   297 opcode=0x03D9 elapsed_us=36.5 ret=1 flag=1->1 state=2->2
22:12:10.240   298 opcode=0x03D9 elapsed_us=33.1 ret=1 flag=1->1 state=2->2
22:12:10.240   299 opcode=0x03D9 elapsed_us=32.4 ret=1 flag=1->1 state=2->2
22:12:10.240   300 opcode=0x03D9 elapsed_us=33.0 ret=1 flag=1->1 state=2->2
22:12:10.240   301 opcode=0x03D9 elapsed_us=32.7 ret=1 flag=1->1 state=2->2
22:12:10.241   302 opcode=0x03D9 elapsed_us=33.6 ret=1 flag=1->1 state=2->2
22:12:10.241   303 opcode=0x03D9 elapsed_us=32.0 ret=1 flag=1->1 state=2->2
22:12:10.241   304 opcode=0x03D9 elapsed_us=31.9 ret=1 flag=1->1 state=2->2
22:12:10.241   305 opcode=0x03D9 elapsed_us=31.9 ret=1 flag=1->1 state=2->2
22:12:10.241   306 opcode=0x03D9 elapsed_us=31.8 ret=1 flag=1->1 state=2->2
22:12:10.242   307 opcode=0x03D9 elapsed_us=32.9 ret=1 flag=1->1 state=2->2
22:12:10.242   308 opcode=0x03D9 elapsed_us=31.7 ret=1 flag=1->1 state=2->2
22:12:10.242   309 opcode=0x03D9 elapsed_us=32.7 ret=1 flag=1->1 state=2->2
22:12:10.242   310 opcode=0x03D9 elapsed_us=32.6 ret=1 flag=1->1 state=2->2
22:12:10.242   311 opcode=0x03D9 elapsed_us=32.3 ret=1 flag=1->1 state=2->2
22:12:10.243   312 opcode=0x03D9 elapsed_us=32.7 ret=1 flag=1->1 state=2->2
22:12:10.243   313 opcode=0x03D9 elapsed_us=32.9 ret=1 flag=1->1 state=2->2
22:12:10.243   314 opcode=0x03D9 elapsed_us=32.5 ret=1 flag=1->1 state=2->2
22:12:10.243   315 opcode=0x03D9 elapsed_us=31.8 ret=1 flag=1->1 state=2->2
22:12:10.244   316 opcode=0x03D9 elapsed_us=32.5 ret=1 flag=1->1 state=2->2
22:12:10.244   317 opcode=0x03D9 elapsed_us=33.3 ret=1 flag=1->1 state=2->2
22:12:10.244   318 opcode=0x03D9 elapsed_us=32.2 ret=1 flag=1->1 state=2->2
22:12:10.244   319 opcode=0x03D9 elapsed_us=32.0 ret=1 flag=1->1 state=2->2
22:12:10.244   320 opcode=0x03D9 elapsed_us=32.2 ret=1 flag=1->1 state=2->2
22:12:10.760 ***** SESSION obj=0x6153a48 +0x2270=0x00 +0x227c=0x00 world=0 channel=0 -> no dialog (flag bit 2 clear) *****
22:12:11.144 ***** SESSION obj=0x617e158 +0x2270=0x00 +0x227c=0x00 world=0 channel=0 -> no dialog (flag bit 2 clear) *****
22:12:11.268   816 opcode=0x03E4 elapsed_us=148.7 ret=1 flag=1->1 state=2->2
22:12:11.268   817 opcode=0x03E4 elapsed_us=44.0 ret=1 flag=1->1 state=2->2
22:12:11.269   818 opcode=0x03E4 elapsed_us=34.4 ret=1 flag=1->1 state=2->2
22:12:11.269   819 opcode=0x03E4 elapsed_us=32.3 ret=1 flag=1->1 state=2->2
22:12:11.269   820 opcode=0x03E4 elapsed_us=32.2 ret=1 flag=1->1 state=2->2
22:12:11.269   821 opcode=0x03E4 elapsed_us=32.2 ret=1 flag=1->1 state=2->2
22:12:11.270   822 opcode=0x03E4 elapsed_us=34.8 ret=1 flag=1->1 state=2->2
22:12:11.270   823 opcode=0x03E4 elapsed_us=31.1 ret=1 flag=1->1 state=2->2
22:12:11.270   824 opcode=0x03E4 elapsed_us=30.8 ret=1 flag=1->1 state=2->2
22:12:11.270   825 opcode=0x03E4 elapsed_us=30.9 ret=1 flag=1->1 state=2->2
22:12:11.270   826 opcode=0x03E4 elapsed_us=30.5 ret=1 flag=1->1 state=2->2
22:12:11.271   827 opcode=0x03E4 elapsed_us=31.0 ret=1 flag=1->1 state=2->2
22:12:11.271   828 opcode=0x03E4 elapsed_us=31.2 ret=1 flag=1->1 state=2->2
22:12:11.271   829 opcode=0x03E4 elapsed_us=30.5 ret=1 flag=1->1 state=2->2
22:12:11.271   830 opcode=0x03E4 elapsed_us=30.5 ret=1 flag=1->1 state=2->2
22:12:11.272   831 opcode=0x03E4 elapsed_us=30.6 ret=1 flag=1->1 state=2->2
22:12:11.272   832 opcode=0x03E4 elapsed_us=30.5 ret=1 flag=1->1 state=2->2
22:12:11.272   833 opcode=0x03E4 elapsed_us=30.6 ret=1 flag=1->1 state=2->2
22:12:11.272   834 opcode=0x03E4 elapsed_us=30.4 ret=1 flag=1->1 state=2->2
22:12:11.272   835 opcode=0x03E4 elapsed_us=30.3 ret=1 flag=1->1 state=2->2
22:12:11.273   836 opcode=0x03E4 elapsed_us=30.1 ret=1 flag=1->1 state=2->2
22:12:11.273   837 opcode=0x03E4 elapsed_us=30.6 ret=1 flag=1->1 state=2->2
22:12:11.273   838 opcode=0x03E4 elapsed_us=31.5 ret=1 flag=1->1 state=2->2
22:12:11.273   839 opcode=0x03E4 elapsed_us=30.4 ret=1 flag=1->1 state=2->2
22:12:11.273   840 opcode=0x03E4 elapsed_us=30.4 ret=1 flag=1->1 state=2->2
22:12:11.274   841 opcode=0x03E4 elapsed_us=30.4 ret=1 flag=1->1 state=2->2
22:12:11.274   842 opcode=0x03E4 elapsed_us=30.9 ret=1 flag=1->1 state=2->2
22:12:11.274   843 opcode=0x03E4 elapsed_us=30.2 ret=1 flag=1->1 state=2->2
22:12:11.274   844 opcode=0x03E4 elapsed_us=30.5 ret=1 flag=1->1 state=2->2
22:12:11.274   845 opcode=0x03E4 elapsed_us=30.7 ret=1 flag=1->1 state=2->2
22:12:11.308   321 opcode=0x03D9 elapsed_us=102.7 ret=1 flag=1->1 state=2->2
22:12:11.308   322 opcode=0x03D9 elapsed_us=49.3 ret=1 flag=1->1 state=2->2
22:12:11.309   323 opcode=0x03D9 elapsed_us=38.1 ret=1 flag=1->1 state=2->2
22:12:11.309   324 opcode=0x03D9 elapsed_us=36.0 ret=1 flag=1->1 state=2->2
22:12:11.309   325 opcode=0x03D9 elapsed_us=34.5 ret=1 flag=1->1 state=2->2
22:12:11.309   326 opcode=0x03D9 elapsed_us=33.8 ret=1 flag=1->1 state=2->2
22:12:11.309   327 opcode=0x03D9 elapsed_us=35.1 ret=1 flag=1->1 state=2->2
22:12:11.310   328 opcode=0x03D9 elapsed_us=32.5 ret=1 flag=1->1 state=2->2
22:12:11.310   329 opcode=0x03D9 elapsed_us=33.1 ret=1 flag=1->1 state=2->2
22:12:11.310   330 opcode=0x03D9 elapsed_us=33.0 ret=1 flag=1->1 state=2->2
22:12:11.310   331 opcode=0x03D9 elapsed_us=32.3 ret=1 flag=1->1 state=2->2
22:12:11.310   332 opcode=0x03D9 elapsed_us=33.2 ret=1 flag=1->1 state=2->2
22:12:11.311   333 opcode=0x03D9 elapsed_us=32.0 ret=1 flag=1->1 state=2->2
22:12:11.311   334 opcode=0x03D9 elapsed_us=33.4 ret=1 flag=1->1 state=2->2
22:12:11.311   335 opcode=0x03D9 elapsed_us=32.6 ret=1 flag=1->1 state=2->2
22:12:11.311   336 opcode=0x03D9 elapsed_us=32.0 ret=1 flag=1->1 state=2->2
22:12:11.312   337 opcode=0x03D9 elapsed_us=31.9 ret=1 flag=1->1 state=2->2
22:12:11.312   338 opcode=0x03D9 elapsed_us=32.2 ret=1 flag=1->1 state=2->2
22:12:11.312   339 opcode=0x03D9 elapsed_us=32.7 ret=1 flag=1->1 state=2->2
22:12:11.312   340 opcode=0x03D9 elapsed_us=32.5 ret=1 flag=1->1 state=2->2
22:12:11.312   341 opcode=0x03D9 elapsed_us=32.6 ret=1 flag=1->1 state=2->2
22:12:11.313   342 opcode=0x03D9 elapsed_us=31.7 ret=1 flag=1->1 state=2->2
22:12:11.313   343 opcode=0x03D9 elapsed_us=32.5 ret=1 flag=1->1 state=2->2
22:12:11.313   344 opcode=0x03D9 elapsed_us=32.5 ret=1 flag=1->1 state=2->2
22:12:11.313   345 opcode=0x03D9 elapsed_us=32.3 ret=1 flag=1->1 state=2->2
22:12:11.313   346 opcode=0x03D9 elapsed_us=32.2 ret=1 flag=1->1 state=2->2
22:12:11.314   347 opcode=0x03D9 elapsed_us=32.0 ret=1 flag=1->1 state=2->2
22:12:11.314   348 opcode=0x03D9 elapsed_us=49.0 ret=1 flag=1->1 state=2->2
22:12:11.314   349 opcode=0x03D9 elapsed_us=43.2 ret=1 flag=1->1 state=2->2
22:12:11.315   350 opcode=0x03D9 elapsed_us=41.6 ret=1 flag=1->1 state=2->2
22:12:12.348   846 opcode=0x03E4 elapsed_us=88.5 ret=1 flag=1->1 state=2->2
22:12:12.349   847 opcode=0x03E4 elapsed_us=55.0 ret=1 flag=1->1 state=2->2
22:12:12.349   848 opcode=0x03E4 elapsed_us=39.0 ret=1 flag=1->1 state=2->2
22:12:12.349   849 opcode=0x03E4 elapsed_us=35.3 ret=1 flag=1->1 state=2->2
22:12:12.349   850 opcode=0x03E4 elapsed_us=34.2 ret=1 flag=1->1 state=2->2
22:12:12.350   851 opcode=0x03E4 elapsed_us=33.7 ret=1 flag=1->1 state=2->2
22:12:12.350   852 opcode=0x03E4 elapsed_us=31.5 ret=1 flag=1->1 state=2->2
22:12:12.350   853 opcode=0x03E4 elapsed_us=34.9 ret=1 flag=1->1 state=2->2
22:12:12.350   854 opcode=0x03E4 elapsed_us=32.7 ret=1 flag=1->1 state=2->2
22:12:12.350   855 opcode=0x03E4 elapsed_us=33.0 ret=1 flag=1->1 state=2->2
22:12:12.351   856 opcode=0x03E4 elapsed_us=31.5 ret=1 flag=1->1 state=2->2
22:12:12.351   857 opcode=0x03E4 elapsed_us=32.3 ret=1 flag=1->1 state=2->2
22:12:12.351   858 opcode=0x03E4 elapsed_us=31.5 ret=1 flag=1->1 state=2->2
22:12:12.351   859 opcode=0x03E4 elapsed_us=31.9 ret=1 flag=1->1 state=2->2
22:12:12.352   860 opcode=0x03E4 elapsed_us=31.6 ret=1 flag=1->1 state=2->2
22:12:12.352   861 opcode=0x03E4 elapsed_us=32.2 ret=1 flag=1->1 state=2->2
22:12:12.352   862 opcode=0x03E4 elapsed_us=46.8 ret=1 flag=1->1 state=2->2
22:12:12.352   863 opcode=0x03E4 elapsed_us=41.7 ret=1 flag=1->1 state=2->2
22:12:12.353   864 opcode=0x03E4 elapsed_us=41.1 ret=1 flag=1->1 state=2->2
22:12:12.353   865 opcode=0x03E4 elapsed_us=34.4 ret=1 flag=1->1 state=2->2
22:12:12.353   866 opcode=0x03E4 elapsed_us=33.2 ret=1 flag=1->1 state=2->2
22:12:12.353   867 opcode=0x03E4 elapsed_us=31.4 ret=1 flag=1->1 state=2->2
22:12:12.354   868 opcode=0x03E4 elapsed_us=38.2 ret=1 flag=1->1 state=2->2
22:12:12.354   869 opcode=0x03E4 elapsed_us=35.1 ret=1 flag=1->1 state=2->2
22:12:12.354   870 opcode=0x03E4 elapsed_us=34.0 ret=1 flag=1->1 state=2->2
22:12:12.354   871 opcode=0x03E4 elapsed_us=32.6 ret=1 flag=1->1 state=2->2
22:12:12.355   872 opcode=0x03E4 elapsed_us=31.5 ret=1 flag=1->1 state=2->2
22:12:12.355   873 opcode=0x03E4 elapsed_us=31.8 ret=1 flag=1->1 state=2->2
22:12:12.355   874 opcode=0x03E4 elapsed_us=32.2 ret=1 flag=1->1 state=2->2
22:12:12.358   875 opcode=0x03E4 elapsed_us=35.9 ret=1 flag=1->1 state=2->2
22:12:12.388   351 opcode=0x03D9 elapsed_us=120.2 ret=1 flag=1->1 state=2->2
22:12:12.389   352 opcode=0x03D9 elapsed_us=66.8 ret=1 flag=1->1 state=2->2
22:12:12.389   353 opcode=0x03D9 elapsed_us=42.6 ret=1 flag=1->1 state=2->2
22:12:12.389   354 opcode=0x03D9 elapsed_us=37.6 ret=1 flag=1->1 state=2->2
22:12:12.389   355 opcode=0x03D9 elapsed_us=35.2 ret=1 flag=1->1 state=2->2
22:12:12.389   356 opcode=0x03D9 elapsed_us=34.9 ret=1 flag=1->1 state=2->2
22:12:12.390   357 opcode=0x03D9 elapsed_us=33.3 ret=1 flag=1->1 state=2->2
22:12:12.390   358 opcode=0x03D9 elapsed_us=33.7 ret=1 flag=1->1 state=2->2
22:12:12.390   359 opcode=0x03D9 elapsed_us=32.5 ret=1 flag=1->1 state=2->2
22:12:12.390   360 opcode=0x03D9 elapsed_us=32.9 ret=1 flag=1->1 state=2->2
22:12:12.391   361 opcode=0x03D9 elapsed_us=33.7 ret=1 flag=1->1 state=2->2
22:12:12.391   362 opcode=0x03D9 elapsed_us=33.2 ret=1 flag=1->1 state=2->2
22:12:12.391   363 opcode=0x03D9 elapsed_us=32.7 ret=1 flag=1->1 state=2->2
22:12:12.391   364 opcode=0x03D9 elapsed_us=32.1 ret=1 flag=1->1 state=2->2
22:12:12.391   365 opcode=0x03D9 elapsed_us=32.3 ret=1 flag=1->1 state=2->2
22:12:12.392   366 opcode=0x03D9 elapsed_us=33.4 ret=1 flag=1->1 state=2->2
22:12:12.392   367 opcode=0x03D9 elapsed_us=32.7 ret=1 flag=1->1 state=2->2
22:12:12.392   368 opcode=0x03D9 elapsed_us=32.2 ret=1 flag=1->1 state=2->2
22:12:12.392   369 opcode=0x03D9 elapsed_us=32.3 ret=1 flag=1->1 state=2->2
22:12:12.393   370 opcode=0x03D9 elapsed_us=32.2 ret=1 flag=1->1 state=2->2
22:12:12.393   371 opcode=0x03D9 elapsed_us=32.8 ret=1 flag=1->1 state=2->2
22:12:12.393   372 opcode=0x03D9 elapsed_us=44.5 ret=1 flag=1->1 state=2->2
22:12:12.393   373 opcode=0x03D9 elapsed_us=33.7 ret=1 flag=1->1 state=2->2
22:12:12.393   374 opcode=0x03D9 elapsed_us=32.8 ret=1 flag=1->1 state=2->2
22:12:12.394   375 opcode=0x03D9 elapsed_us=32.2 ret=1 flag=1->1 state=2->2
22:12:12.394   376 opcode=0x03D9 elapsed_us=32.5 ret=1 flag=1->1 state=2->2
22:12:12.394   377 opcode=0x03D9 elapsed_us=32.2 ret=1 flag=1->1 state=2->2
22:12:12.394   378 opcode=0x03D9 elapsed_us=31.5 ret=1 flag=1->1 state=2->2
22:12:12.394   379 opcode=0x03D9 elapsed_us=31.9 ret=1 flag=1->1 state=2->2
22:12:12.395   380 opcode=0x03D9 elapsed_us=33.3 ret=1 flag=1->1 state=2->2
22:12:13.428   876 opcode=0x03E4 elapsed_us=87.7 ret=1 flag=1->1 state=2->2
22:12:13.438   877 opcode=0x03E4 elapsed_us=74.9 ret=1 flag=1->1 state=2->2
22:12:13.438   878 opcode=0x03E4 elapsed_us=51.0 ret=1 flag=1->1 state=2->2
22:12:13.438   879 opcode=0x03E4 elapsed_us=41.5 ret=1 flag=1->1 state=2->2
22:12:13.439   880 opcode=0x03E4 elapsed_us=41.8 ret=1 flag=1->1 state=2->2
22:12:13.439   881 opcode=0x03E4 elapsed_us=34.1 ret=1 flag=1->1 state=2->2
22:12:13.439   882 opcode=0x03E4 elapsed_us=31.9 ret=1 flag=1->1 state=2->2
22:12:13.439   883 opcode=0x03E4 elapsed_us=31.9 ret=1 flag=1->1 state=2->2
22:12:13.439   884 opcode=0x03E4 elapsed_us=32.8 ret=1 flag=1->1 state=2->2
22:12:13.440   885 opcode=0x03E4 elapsed_us=31.3 ret=1 flag=1->1 state=2->2
22:12:13.440   886 opcode=0x03E4 elapsed_us=30.7 ret=1 flag=1->1 state=2->2
22:12:13.440   887 opcode=0x03E4 elapsed_us=30.6 ret=1 flag=1->1 state=2->2
22:12:13.440   888 opcode=0x03E4 elapsed_us=31.2 ret=1 flag=1->1 state=2->2
22:12:13.441   889 opcode=0x03E4 elapsed_us=31.0 ret=1 flag=1->1 state=2->2
22:12:13.441   890 opcode=0x03E4 elapsed_us=30.7 ret=1 flag=1->1 state=2->2
22:12:13.441   891 opcode=0x03E4 elapsed_us=30.6 ret=1 flag=1->1 state=2->2
22:12:13.441   892 opcode=0x03E4 elapsed_us=30.6 ret=1 flag=1->1 state=2->2
22:12:13.441   893 opcode=0x03E4 elapsed_us=30.4 ret=1 flag=1->1 state=2->2
22:12:13.442   894 opcode=0x03E4 elapsed_us=30.8 ret=1 flag=1->1 state=2->2
22:12:13.442   895 opcode=0x03E4 elapsed_us=30.4 ret=1 flag=1->1 state=2->2
22:12:13.442   896 opcode=0x03E4 elapsed_us=30.4 ret=1 flag=1->1 state=2->2
22:12:13.442   897 opcode=0x03E4 elapsed_us=30.7 ret=1 flag=1->1 state=2->2
22:12:13.442   898 opcode=0x03E4 elapsed_us=30.5 ret=1 flag=1->1 state=2->2
22:12:13.443   899 opcode=0x03E4 elapsed_us=30.6 ret=1 flag=1->1 state=2->2
22:12:13.443   900 opcode=0x03E4 elapsed_us=30.4 ret=1 flag=1->1 state=2->2
22:12:13.443   901 opcode=0x03E4 elapsed_us=32.1 ret=1 flag=1->1 state=2->2
22:12:13.443   902 opcode=0x03E4 elapsed_us=30.5 ret=1 flag=1->1 state=2->2
22:12:13.444   903 opcode=0x03E4 elapsed_us=30.8 ret=1 flag=1->1 state=2->2
22:12:13.444   904 opcode=0x03E4 elapsed_us=30.6 ret=1 flag=1->1 state=2->2
22:12:13.444   905 opcode=0x03E4 elapsed_us=30.6 ret=1 flag=1->1 state=2->2
22:12:13.468   381 opcode=0x03D9 elapsed_us=98.4 ret=1 flag=1->1 state=2->2
22:12:13.468   382 opcode=0x03D9 elapsed_us=54.7 ret=1 flag=1->1 state=2->2
22:12:13.468   383 opcode=0x03D9 elapsed_us=39.9 ret=1 flag=1->1 state=2->2
22:12:13.469   384 opcode=0x03D9 elapsed_us=37.9 ret=1 flag=1->1 state=2->2
22:12:13.469   385 opcode=0x03D9 elapsed_us=51.9 ret=1 flag=1->1 state=2->2
22:12:13.469   386 opcode=0x03D9 elapsed_us=46.1 ret=1 flag=1->1 state=2->2
22:12:13.469   387 opcode=0x03D9 elapsed_us=42.5 ret=1 flag=1->1 state=2->2
22:12:13.470   388 opcode=0x03D9 elapsed_us=39.6 ret=1 flag=1->1 state=2->2
22:12:13.470   389 opcode=0x03D9 elapsed_us=41.5 ret=1 flag=1->1 state=2->2
22:12:13.470   390 opcode=0x03D9 elapsed_us=39.9 ret=1 flag=1->1 state=2->2
22:12:13.470   391 opcode=0x03D9 elapsed_us=38.7 ret=1 flag=1->1 state=2->2
22:12:13.471   392 opcode=0x03D9 elapsed_us=32.5 ret=1 flag=1->1 state=2->2
22:12:13.471   393 opcode=0x03D9 elapsed_us=32.0 ret=1 flag=1->1 state=2->2
22:12:13.471   394 opcode=0x03D9 elapsed_us=32.3 ret=1 flag=1->1 state=2->2
22:12:13.471   395 opcode=0x03D9 elapsed_us=33.4 ret=1 flag=1->1 state=2->2
22:12:13.472   396 opcode=0x03D9 elapsed_us=34.4 ret=1 flag=1->1 state=2->2
22:12:13.472   397 opcode=0x03D9 elapsed_us=32.9 ret=1 flag=1->1 state=2->2
22:12:13.472   398 opcode=0x03D9 elapsed_us=52.4 ret=1 flag=1->1 state=2->2
22:12:13.472   399 opcode=0x03D9 elapsed_us=45.4 ret=1 flag=1->1 state=2->2
22:12:13.473   400 opcode=0x03D9 elapsed_us=41.3 ret=1 flag=1->1 state=2->2
22:12:13.473   401 opcode=0x03D9 elapsed_us=41.3 ret=1 flag=1->1 state=2->2
22:12:13.473   402 opcode=0x03D9 elapsed_us=40.0 ret=1 flag=1->1 state=2->2
22:12:13.473   403 opcode=0x03D9 elapsed_us=39.4 ret=1 flag=1->1 state=2->2
22:12:13.474   404 opcode=0x03D9 elapsed_us=33.1 ret=1 flag=1->1 state=2->2
22:12:13.474   405 opcode=0x03D9 elapsed_us=32.9 ret=1 flag=1->1 state=2->2
22:12:13.474   406 opcode=0x03D9 elapsed_us=32.0 ret=1 flag=1->1 state=2->2
22:12:13.474   407 opcode=0x03D9 elapsed_us=32.9 ret=1 flag=1->1 state=2->2
22:12:13.475   408 opcode=0x03D9 elapsed_us=32.0 ret=1 flag=1->1 state=2->2
22:12:13.475   409 opcode=0x03D9 elapsed_us=32.8 ret=1 flag=1->1 state=2->2
22:12:13.475   410 opcode=0x03D9 elapsed_us=32.6 ret=1 flag=1->1 state=2->2
22:12:13.764 ***** SESSION obj=0x6153a48 +0x2270=0x00 +0x227c=0x00 world=0 channel=0 -> no dialog (flag bit 2 clear) *****
22:12:14.149 ***** SESSION obj=0x617e158 +0x2270=0x00 +0x227c=0x00 world=0 channel=0 -> no dialog (flag bit 2 clear) *****
22:12:14.509   906 opcode=0x03E4 elapsed_us=88.5 ret=1 flag=1->1 state=2->2
22:12:14.518   907 opcode=0x03E4 elapsed_us=80.1 ret=1 flag=1->1 state=2->2
22:12:14.518   908 opcode=0x03E4 elapsed_us=57.4 ret=1 flag=1->1 state=2->2
22:12:14.518   909 opcode=0x03E4 elapsed_us=43.8 ret=1 flag=1->1 state=2->2
22:12:14.519   910 opcode=0x03E4 elapsed_us=40.8 ret=1 flag=1->1 state=2->2
22:12:14.519   911 opcode=0x03E4 elapsed_us=35.4 ret=1 flag=1->1 state=2->2
22:12:14.519   912 opcode=0x03E4 elapsed_us=33.1 ret=1 flag=1->1 state=2->2
22:12:14.519   913 opcode=0x03E4 elapsed_us=32.1 ret=1 flag=1->1 state=2->2
22:12:14.520   914 opcode=0x03E4 elapsed_us=39.3 ret=1 flag=1->1 state=2->2
22:12:14.520   915 opcode=0x03E4 elapsed_us=38.3 ret=1 flag=1->1 state=2->2
22:12:14.520   916 opcode=0x03E4 elapsed_us=37.3 ret=1 flag=1->1 state=2->2
22:12:14.520   917 opcode=0x03E4 elapsed_us=37.3 ret=1 flag=1->1 state=2->2
22:12:14.521   918 opcode=0x03E4 elapsed_us=31.2 ret=1 flag=1->1 state=2->2
22:12:14.521   919 opcode=0x03E4 elapsed_us=31.1 ret=1 flag=1->1 state=2->2
22:12:14.521   920 opcode=0x03E4 elapsed_us=30.7 ret=1 flag=1->1 state=2->2
22:12:14.521   921 opcode=0x03E4 elapsed_us=31.1 ret=1 flag=1->1 state=2->2
22:12:14.522   922 opcode=0x03E4 elapsed_us=30.7 ret=1 flag=1->1 state=2->2
22:12:14.522   923 opcode=0x03E4 elapsed_us=31.0 ret=1 flag=1->1 state=2->2
22:12:14.522   924 opcode=0x03E4 elapsed_us=30.6 ret=1 flag=1->1 state=2->2
22:12:14.522   925 opcode=0x03E4 elapsed_us=31.2 ret=1 flag=1->1 state=2->2
22:12:14.522   926 opcode=0x03E4 elapsed_us=30.5 ret=1 flag=1->1 state=2->2
22:12:14.523   927 opcode=0x03E4 elapsed_us=30.8 ret=1 flag=1->1 state=2->2
22:12:14.523   928 opcode=0x03E4 elapsed_us=32.0 ret=1 flag=1->1 state=2->2
22:12:14.523   929 opcode=0x03E4 elapsed_us=31.6 ret=1 flag=1->1 state=2->2
22:12:14.523   930 opcode=0x03E4 elapsed_us=30.5 ret=1 flag=1->1 state=2->2
22:12:14.523   931 opcode=0x03E4 elapsed_us=30.6 ret=1 flag=1->1 state=2->2
22:12:14.524   932 opcode=0x03E4 elapsed_us=31.8 ret=1 flag=1->1 state=2->2
22:12:14.524   933 opcode=0x03E4 elapsed_us=30.8 ret=1 flag=1->1 state=2->2
22:12:14.524   934 opcode=0x03E4 elapsed_us=30.4 ret=1 flag=1->1 state=2->2
22:12:14.524   935 opcode=0x03E4 elapsed_us=31.2 ret=1 flag=1->1 state=2->2
22:12:14.559   411 opcode=0x03D9 elapsed_us=102.7 ret=1 flag=1->1 state=2->2
22:12:14.559   412 opcode=0x03D9 elapsed_us=54.1 ret=1 flag=1->1 state=2->2
22:12:14.559   413 opcode=0x03D9 elapsed_us=39.1 ret=1 flag=1->1 state=2->2
22:12:14.559   414 opcode=0x03D9 elapsed_us=35.7 ret=1 flag=1->1 state=2->2
22:12:14.560   415 opcode=0x03D9 elapsed_us=35.0 ret=1 flag=1->1 state=2->2
22:12:14.560   416 opcode=0x03D9 elapsed_us=33.7 ret=1 flag=1->1 state=2->2
22:12:14.560   417 opcode=0x03D9 elapsed_us=32.4 ret=1 flag=1->1 state=2->2
22:12:14.560   418 opcode=0x03D9 elapsed_us=32.4 ret=1 flag=1->1 state=2->2
22:12:14.560   419 opcode=0x03D9 elapsed_us=31.8 ret=1 flag=1->1 state=2->2
22:12:14.561   420 opcode=0x03D9 elapsed_us=31.8 ret=1 flag=1->1 state=2->2
22:12:14.561   421 opcode=0x03D9 elapsed_us=32.2 ret=1 flag=1->1 state=2->2
22:12:14.561   422 opcode=0x03D9 elapsed_us=33.9 ret=1 flag=1->1 state=2->2
22:12:14.561   423 opcode=0x03D9 elapsed_us=32.4 ret=1 flag=1->1 state=2->2
22:12:14.562   424 opcode=0x03D9 elapsed_us=33.0 ret=1 flag=1->1 state=2->2
22:12:14.562   425 opcode=0x03D9 elapsed_us=33.3 ret=1 flag=1->1 state=2->2
22:12:14.562   426 opcode=0x03D9 elapsed_us=32.4 ret=1 flag=1->1 state=2->2
22:12:14.562   427 opcode=0x03D9 elapsed_us=32.0 ret=1 flag=1->1 state=2->2
22:12:14.562   428 opcode=0x03D9 elapsed_us=32.2 ret=1 flag=1->1 state=2->2
22:12:14.563   429 opcode=0x03D9 elapsed_us=31.5 ret=1 flag=1->1 state=2->2
22:12:14.563   430 opcode=0x03D9 elapsed_us=31.7 ret=1 flag=1->1 state=2->2
22:12:14.563   431 opcode=0x03D9 elapsed_us=32.6 ret=1 flag=1->1 state=2->2
22:12:14.563   432 opcode=0x03D9 elapsed_us=32.0 ret=1 flag=1->1 state=2->2
22:12:14.563   433 opcode=0x03D9 elapsed_us=32.3 ret=1 flag=1->1 state=2->2
22:12:14.564   434 opcode=0x03D9 elapsed_us=32.5 ret=1 flag=1->1 state=2->2
22:12:14.564   435 opcode=0x03D9 elapsed_us=32.0 ret=1 flag=1->1 state=2->2
22:12:14.564   436 opcode=0x03D9 elapsed_us=32.4 ret=1 flag=1->1 state=2->2
22:12:14.564   437 opcode=0x03D9 elapsed_us=31.7 ret=1 flag=1->1 state=2->2
22:12:14.565   438 opcode=0x03D9 elapsed_us=31.9 ret=1 flag=1->1 state=2->2
22:12:14.565   439 opcode=0x03D9 elapsed_us=31.6 ret=1 flag=1->1 state=2->2
22:12:14.565   440 opcode=0x03D9 elapsed_us=32.6 ret=1 flag=1->1 state=2->2
22:12:15.179   936 opcode=0x0453 elapsed_us=266.4 ret=1 flag=1->1 state=2->2
22:12:15.589   937 opcode=0x03E4 elapsed_us=87.8 ret=1 flag=1->1 state=2->2
22:12:15.589   938 opcode=0x03E4 elapsed_us=36.2 ret=1 flag=1->1 state=2->2
22:12:15.589   939 opcode=0x03E4 elapsed_us=32.3 ret=1 flag=1->1 state=2->2
22:12:15.590   940 opcode=0x03E4 elapsed_us=34.1 ret=1 flag=1->1 state=2->2
22:12:15.590   941 opcode=0x03E4 elapsed_us=32.3 ret=1 flag=1->1 state=2->2
22:12:15.590   942 opcode=0x03E4 elapsed_us=32.0 ret=1 flag=1->1 state=2->2
22:12:15.590   943 opcode=0x03E4 elapsed_us=31.6 ret=1 flag=1->1 state=2->2
22:12:15.590   944 opcode=0x03E4 elapsed_us=31.5 ret=1 flag=1->1 state=2->2
22:12:15.591   945 opcode=0x03E4 elapsed_us=32.2 ret=1 flag=1->1 state=2->2
22:12:15.591   946 opcode=0x03E4 elapsed_us=30.8 ret=1 flag=1->1 state=2->2
22:12:15.591   947 opcode=0x03E4 elapsed_us=31.0 ret=1 flag=1->1 state=2->2
22:12:15.591   948 opcode=0x03E4 elapsed_us=30.8 ret=1 flag=1->1 state=2->2
22:12:15.592   949 opcode=0x03E4 elapsed_us=30.6 ret=1 flag=1->1 state=2->2
22:12:15.592   950 opcode=0x03E4 elapsed_us=30.6 ret=1 flag=1->1 state=2->2
22:12:15.592   951 opcode=0x03E4 elapsed_us=30.6 ret=1 flag=1->1 state=2->2
22:12:15.592   952 opcode=0x03E4 elapsed_us=30.7 ret=1 flag=1->1 state=2->2
22:12:15.592   953 opcode=0x03E4 elapsed_us=30.6 ret=1 flag=1->1 state=2->2
22:12:15.593   954 opcode=0x03E4 elapsed_us=30.7 ret=1 flag=1->1 state=2->2
22:12:15.593   955 opcode=0x03E4 elapsed_us=30.6 ret=1 flag=1->1 state=2->2
22:12:15.593   956 opcode=0x03E4 elapsed_us=31.3 ret=1 flag=1->1 state=2->2
22:12:15.593   957 opcode=0x03E4 elapsed_us=30.8 ret=1 flag=1->1 state=2->2
22:12:15.594   958 opcode=0x03E4 elapsed_us=30.5 ret=1 flag=1->1 state=2->2
22:12:15.594   959 opcode=0x03E4 elapsed_us=30.4 ret=1 flag=1->1 state=2->2
22:12:15.594   960 opcode=0x03E4 elapsed_us=30.3 ret=1 flag=1->1 state=2->2
22:12:15.594   961 opcode=0x03E4 elapsed_us=30.7 ret=1 flag=1->1 state=2->2
22:12:15.594   962 opcode=0x03E4 elapsed_us=30.4 ret=1 flag=1->1 state=2->2
22:12:15.595   963 opcode=0x03E4 elapsed_us=31.6 ret=1 flag=1->1 state=2->2
22:12:15.595   964 opcode=0x03E4 elapsed_us=30.9 ret=1 flag=1->1 state=2->2
22:12:15.595   965 opcode=0x03E4 elapsed_us=31.3 ret=1 flag=1->1 state=2->2
22:12:15.595   966 opcode=0x03E4 elapsed_us=31.0 ret=1 flag=1->1 state=2->2
22:12:15.638   441 opcode=0x03D9 elapsed_us=105.7 ret=1 flag=1->1 state=2->2
22:12:15.639   442 opcode=0x03D9 elapsed_us=53.6 ret=1 flag=1->1 state=2->2
22:12:15.639   443 opcode=0x03D9 elapsed_us=46.1 ret=1 flag=1->1 state=2->2
22:12:15.639   444 opcode=0x03D9 elapsed_us=50.8 ret=1 flag=1->1 state=2->2
22:12:15.640   445 opcode=0x03D9 elapsed_us=49.1 ret=1 flag=1->1 state=2->2
22:12:15.640   446 opcode=0x03D9 elapsed_us=43.7 ret=1 flag=1->1 state=2->2
22:12:15.640   447 opcode=0x03D9 elapsed_us=40.7 ret=1 flag=1->1 state=2->2
22:12:15.640   448 opcode=0x03D9 elapsed_us=36.5 ret=1 flag=1->1 state=2->2
22:12:15.641   449 opcode=0x03D9 elapsed_us=34.6 ret=1 flag=1->1 state=2->2
22:12:15.641   450 opcode=0x03D9 elapsed_us=33.4 ret=1 flag=1->1 state=2->2
22:12:15.641   451 opcode=0x03D9 elapsed_us=33.7 ret=1 flag=1->1 state=2->2
22:12:15.641   452 opcode=0x03D9 elapsed_us=33.2 ret=1 flag=1->1 state=2->2
22:12:15.642   453 opcode=0x03D9 elapsed_us=32.1 ret=1 flag=1->1 state=2->2
22:12:15.642   454 opcode=0x03D9 elapsed_us=33.1 ret=1 flag=1->1 state=2->2
22:12:15.642   455 opcode=0x03D9 elapsed_us=32.1 ret=1 flag=1->1 state=2->2
22:12:15.642   456 opcode=0x03D9 elapsed_us=33.1 ret=1 flag=1->1 state=2->2
22:12:15.642   457 opcode=0x03D9 elapsed_us=32.1 ret=1 flag=1->1 state=2->2
22:12:15.643   458 opcode=0x03D9 elapsed_us=32.2 ret=1 flag=1->1 state=2->2
22:12:15.643   459 opcode=0x03D9 elapsed_us=32.7 ret=1 flag=1->1 state=2->2
22:12:15.643   460 opcode=0x03D9 elapsed_us=32.6 ret=1 flag=1->1 state=2->2
22:12:15.643   461 opcode=0x03D9 elapsed_us=33.0 ret=1 flag=1->1 state=2->2
22:12:15.643   462 opcode=0x03D9 elapsed_us=32.2 ret=1 flag=1->1 state=2->2
22:12:15.644   463 opcode=0x03D9 elapsed_us=31.8 ret=1 flag=1->1 state=2->2
22:12:15.644   464 opcode=0x03D9 elapsed_us=31.7 ret=1 flag=1->1 state=2->2
22:12:15.644   465 opcode=0x03D9 elapsed_us=33.4 ret=1 flag=1->1 state=2->2
22:12:15.644   466 opcode=0x03D9 elapsed_us=31.8 ret=1 flag=1->1 state=2->2
22:12:15.645   467 opcode=0x03D9 elapsed_us=32.7 ret=1 flag=1->1 state=2->2
22:12:15.645   468 opcode=0x03D9 elapsed_us=31.8 ret=1 flag=1->1 state=2->2
22:12:15.645   469 opcode=0x03D9 elapsed_us=32.8 ret=1 flag=1->1 state=2->2
22:12:15.645   470 opcode=0x03D9 elapsed_us=32.3 ret=1 flag=1->1 state=2->2
22:12:16.669   967 opcode=0x03E4 elapsed_us=93.2 ret=1 flag=1->1 state=2->2
22:12:16.669   968 opcode=0x03E4 elapsed_us=59.5 ret=1 flag=1->1 state=2->2
22:12:16.670   969 opcode=0x03E4 elapsed_us=41.5 ret=1 flag=1->1 state=2->2
22:12:16.670   970 opcode=0x03E4 elapsed_us=35.7 ret=1 flag=1->1 state=2->2
22:12:16.670   971 opcode=0x03E4 elapsed_us=33.9 ret=1 flag=1->1 state=2->2
22:12:16.670   972 opcode=0x03E4 elapsed_us=31.3 ret=1 flag=1->1 state=2->2
22:12:16.671   973 opcode=0x03E4 elapsed_us=47.8 ret=1 flag=1->1 state=2->2
22:12:16.671   974 opcode=0x03E4 elapsed_us=46.4 ret=1 flag=1->1 state=2->2
22:12:16.671   975 opcode=0x03E4 elapsed_us=41.1 ret=1 flag=1->1 state=2->2
22:12:16.672   976 opcode=0x03E4 elapsed_us=39.0 ret=1 flag=1->1 state=2->2
22:12:16.672   977 opcode=0x03E4 elapsed_us=32.3 ret=1 flag=1->1 state=2->2
22:12:16.672   978 opcode=0x03E4 elapsed_us=31.8 ret=1 flag=1->1 state=2->2
22:12:16.672   979 opcode=0x03E4 elapsed_us=31.1 ret=1 flag=1->1 state=2->2
22:12:16.672   980 opcode=0x03E4 elapsed_us=31.7 ret=1 flag=1->1 state=2->2
22:12:16.673   981 opcode=0x03E4 elapsed_us=31.0 ret=1 flag=1->1 state=2->2
22:12:16.673   982 opcode=0x03E4 elapsed_us=30.9 ret=1 flag=1->1 state=2->2
22:12:16.673   983 opcode=0x03E4 elapsed_us=31.8 ret=1 flag=1->1 state=2->2
22:12:16.673   984 opcode=0x03E4 elapsed_us=30.4 ret=1 flag=1->1 state=2->2
22:12:16.674   985 opcode=0x03E4 elapsed_us=31.7 ret=1 flag=1->1 state=2->2
22:12:16.674   986 opcode=0x03E4 elapsed_us=31.6 ret=1 flag=1->1 state=2->2
22:12:16.674   987 opcode=0x03E4 elapsed_us=31.5 ret=1 flag=1->1 state=2->2
22:12:16.674   988 opcode=0x03E4 elapsed_us=31.6 ret=1 flag=1->1 state=2->2
22:12:16.675   989 opcode=0x03E4 elapsed_us=30.9 ret=1 flag=1->1 state=2->2
22:12:16.675   990 opcode=0x03E4 elapsed_us=30.6 ret=1 flag=1->1 state=2->2
22:12:16.675   991 opcode=0x03E4 elapsed_us=31.8 ret=1 flag=1->1 state=2->2
22:12:16.675   992 opcode=0x03E4 elapsed_us=30.4 ret=1 flag=1->1 state=2->2
22:12:16.675   993 opcode=0x03E4 elapsed_us=30.8 ret=1 flag=1->1 state=2->2
22:12:16.676   994 opcode=0x03E4 elapsed_us=30.6 ret=1 flag=1->1 state=2->2
22:12:16.676   995 opcode=0x03E4 elapsed_us=31.2 ret=1 flag=1->1 state=2->2
22:12:16.676   996 opcode=0x03E4 elapsed_us=30.6 ret=1 flag=1->1 state=2->2
22:12:16.719   471 opcode=0x03D9 elapsed_us=106.4 ret=1 flag=1->1 state=2->2
22:12:16.719   472 opcode=0x03D9 elapsed_us=58.7 ret=1 flag=1->1 state=2->2
22:12:16.719   473 opcode=0x03D9 elapsed_us=40.1 ret=1 flag=1->1 state=2->2
22:12:16.720   474 opcode=0x03D9 elapsed_us=37.5 ret=1 flag=1->1 state=2->2
22:12:16.720   475 opcode=0x03D9 elapsed_us=33.7 ret=1 flag=1->1 state=2->2
22:12:16.720   476 opcode=0x03D9 elapsed_us=33.7 ret=1 flag=1->1 state=2->2
22:12:16.720   477 opcode=0x03D9 elapsed_us=33.4 ret=1 flag=1->1 state=2->2
22:12:16.720   478 opcode=0x03D9 elapsed_us=32.7 ret=1 flag=1->1 state=2->2
22:12:16.721   479 opcode=0x03D9 elapsed_us=32.5 ret=1 flag=1->1 state=2->2
22:12:16.721   480 opcode=0x03D9 elapsed_us=34.4 ret=1 flag=1->1 state=2->2
22:12:16.721   481 opcode=0x03D9 elapsed_us=33.3 ret=1 flag=1->1 state=2->2
22:12:16.721   482 opcode=0x03D9 elapsed_us=34.4 ret=1 flag=1->1 state=2->2
22:12:16.722   483 opcode=0x03D9 elapsed_us=32.8 ret=1 flag=1->1 state=2->2
22:12:16.722   484 opcode=0x03D9 elapsed_us=32.3 ret=1 flag=1->1 state=2->2
22:12:16.722   485 opcode=0x03D9 elapsed_us=32.6 ret=1 flag=1->1 state=2->2
22:12:16.722   486 opcode=0x03D9 elapsed_us=32.7 ret=1 flag=1->1 state=2->2
22:12:16.722   487 opcode=0x03D9 elapsed_us=32.5 ret=1 flag=1->1 state=2->2
22:12:16.723   488 opcode=0x03D9 elapsed_us=32.5 ret=1 flag=1->1 state=2->2
22:12:16.723   489 opcode=0x03D9 elapsed_us=32.6 ret=1 flag=1->1 state=2->2
22:12:16.723   490 opcode=0x03D9 elapsed_us=31.8 ret=1 flag=1->1 state=2->2
22:12:16.723   491 opcode=0x03D9 elapsed_us=32.0 ret=1 flag=1->1 state=2->2
22:12:16.723   492 opcode=0x03D9 elapsed_us=32.7 ret=1 flag=1->1 state=2->2
22:12:16.724   493 opcode=0x03D9 elapsed_us=32.1 ret=1 flag=1->1 state=2->2
22:12:16.724   494 opcode=0x03D9 elapsed_us=32.9 ret=1 flag=1->1 state=2->2
22:12:16.724   495 opcode=0x03D9 elapsed_us=32.1 ret=1 flag=1->1 state=2->2
22:12:16.724   496 opcode=0x03D9 elapsed_us=32.1 ret=1 flag=1->1 state=2->2
22:12:16.724   497 opcode=0x03D9 elapsed_us=32.0 ret=1 flag=1->1 state=2->2
22:12:16.725   498 opcode=0x03D9 elapsed_us=32.4 ret=1 flag=1->1 state=2->2
22:12:16.725   499 opcode=0x03D9 elapsed_us=33.2 ret=1 flag=1->1 state=2->2
22:12:16.725   500 opcode=0x03D9 elapsed_us=31.9 ret=1 flag=1->1 state=2->2
22:12:16.772 ***** SESSION obj=0x6153a48 +0x2270=0x00 +0x227c=0x00 world=0 channel=0 -> no dialog (flag bit 2 clear) *****
22:12:16.829   501 opcode=0x0453 elapsed_us=340.5 ret=1 flag=1->1 state=2->2
22:12:16.999   997 opcode=0x0453 elapsed_us=100.1 ret=1 flag=1->1 state=2->2
22:12:17.154 ***** SESSION obj=0x617e158 +0x2270=0x00 +0x227c=0x00 world=0 channel=0 -> no dialog (flag bit 2 clear) *****
22:12:17.749   998 opcode=0x03E4 elapsed_us=88.1 ret=1 flag=1->1 state=2->2
22:12:17.750   999 opcode=0x03E4 elapsed_us=57.5 ret=1 flag=1->1 state=2->2
22:12:17.750  1000 opcode=0x03E4 elapsed_us=39.4 ret=1 flag=1->1 state=2->2
22:12:17.750  1001 opcode=0x03E4 elapsed_us=35.7 ret=1 flag=1->1 state=2->2
22:12:17.750  1002 opcode=0x03E4 elapsed_us=32.9 ret=1 flag=1->1 state=2->2
22:12:17.751  1003 opcode=0x03E4 elapsed_us=32.8 ret=1 flag=1->1 state=2->2
22:12:17.751  1004 opcode=0x03E4 elapsed_us=32.9 ret=1 flag=1->1 state=2->2
22:12:17.751  1005 opcode=0x03E4 elapsed_us=39.5 ret=1 flag=1->1 state=2->2
22:12:17.751  1006 opcode=0x03E4 elapsed_us=35.0 ret=1 flag=1->1 state=2->2
22:12:17.752  1007 opcode=0x03E4 elapsed_us=38.8 ret=1 flag=1->1 state=2->2
22:12:17.752  1008 opcode=0x03E4 elapsed_us=35.5 ret=1 flag=1->1 state=2->2
22:12:17.759  1009 opcode=0x03E4 elapsed_us=50.8 ret=1 flag=1->1 state=2->2
22:12:17.759  1010 opcode=0x03E4 elapsed_us=35.3 ret=1 flag=1->1 state=2->2
22:12:17.759  1011 opcode=0x03E4 elapsed_us=33.5 ret=1 flag=1->1 state=2->2
22:12:17.759  1012 opcode=0x03E4 elapsed_us=33.0 ret=1 flag=1->1 state=2->2
22:12:17.760  1013 opcode=0x03E4 elapsed_us=32.3 ret=1 flag=1->1 state=2->2
22:12:17.760  1014 opcode=0x03E4 elapsed_us=31.7 ret=1 flag=1->1 state=2->2
22:12:17.760  1015 opcode=0x03E4 elapsed_us=31.5 ret=1 flag=1->1 state=2->2
22:12:17.760  1016 opcode=0x03E4 elapsed_us=31.6 ret=1 flag=1->1 state=2->2
22:12:17.761  1017 opcode=0x03E4 elapsed_us=32.4 ret=1 flag=1->1 state=2->2
22:12:17.761  1018 opcode=0x03E4 elapsed_us=34.9 ret=1 flag=1->1 state=2->2
22:12:17.761  1019 opcode=0x03E4 elapsed_us=30.6 ret=1 flag=1->1 state=2->2
22:12:17.761  1020 opcode=0x03E4 elapsed_us=30.4 ret=1 flag=1->1 state=2->2
22:12:17.761  1021 opcode=0x03E4 elapsed_us=31.0 ret=1 flag=1->1 state=2->2
22:12:17.762  1022 opcode=0x03E4 elapsed_us=30.7 ret=1 flag=1->1 state=2->2
22:12:17.762  1023 opcode=0x03E4 elapsed_us=30.5 ret=1 flag=1->1 state=2->2
22:12:17.762  1024 opcode=0x03E4 elapsed_us=30.5 ret=1 flag=1->1 state=2->2
22:12:17.762  1025 opcode=0x03E4 elapsed_us=30.5 ret=1 flag=1->1 state=2->2
22:12:17.763  1026 opcode=0x03E4 elapsed_us=30.6 ret=1 flag=1->1 state=2->2
22:12:17.763  1027 opcode=0x03E4 elapsed_us=30.7 ret=1 flag=1->1 state=2->2
22:12:17.809   502 opcode=0x03D9 elapsed_us=117.2 ret=1 flag=1->1 state=2->2
22:12:17.810   503 opcode=0x03D9 elapsed_us=65.8 ret=1 flag=1->1 state=2->2
22:12:17.810   504 opcode=0x03D9 elapsed_us=39.7 ret=1 flag=1->1 state=2->2
22:12:17.810   505 opcode=0x03D9 elapsed_us=36.9 ret=1 flag=1->1 state=2->2
22:12:17.810   506 opcode=0x03D9 elapsed_us=34.0 ret=1 flag=1->1 state=2->2
22:12:17.811   507 opcode=0x03D9 elapsed_us=33.7 ret=1 flag=1->1 state=2->2
22:12:17.811   508 opcode=0x03D9 elapsed_us=34.6 ret=1 flag=1->1 state=2->2
22:12:17.811   509 opcode=0x03D9 elapsed_us=32.0 ret=1 flag=1->1 state=2->2
22:12:17.811   510 opcode=0x03D9 elapsed_us=32.0 ret=1 flag=1->1 state=2->2
22:12:17.811   511 opcode=0x03D9 elapsed_us=32.3 ret=1 flag=1->1 state=2->2
22:12:17.812   512 opcode=0x03D9 elapsed_us=34.1 ret=1 flag=1->1 state=2->2
22:12:17.812   513 opcode=0x03D9 elapsed_us=32.0 ret=1 flag=1->1 state=2->2
22:12:17.812   514 opcode=0x03D9 elapsed_us=31.8 ret=1 flag=1->1 state=2->2
22:12:17.812   515 opcode=0x03D9 elapsed_us=32.7 ret=1 flag=1->1 state=2->2
22:12:17.813   516 opcode=0x03D9 elapsed_us=32.4 ret=1 flag=1->1 state=2->2
22:12:17.813   517 opcode=0x03D9 elapsed_us=32.5 ret=1 flag=1->1 state=2->2
22:12:17.813   518 opcode=0x03D9 elapsed_us=33.3 ret=1 flag=1->1 state=2->2
22:12:17.813   519 opcode=0x03D9 elapsed_us=48.6 ret=1 flag=1->1 state=2->2
22:12:17.814   520 opcode=0x03D9 elapsed_us=52.3 ret=1 flag=1->1 state=2->2
22:12:17.814   521 opcode=0x03D9 elapsed_us=40.5 ret=1 flag=1->1 state=2->2
22:12:17.814   522 opcode=0x03D9 elapsed_us=49.6 ret=1 flag=1->1 state=2->2
22:12:17.814   523 opcode=0x03D9 elapsed_us=42.6 ret=1 flag=1->1 state=2->2
22:12:17.815   524 opcode=0x03D9 elapsed_us=41.5 ret=1 flag=1->1 state=2->2
22:12:17.815   525 opcode=0x03D9 elapsed_us=40.9 ret=1 flag=1->1 state=2->2
22:12:17.815   526 opcode=0x03D9 elapsed_us=39.8 ret=1 flag=1->1 state=2->2
22:12:17.816   527 opcode=0x03D9 elapsed_us=39.6 ret=1 flag=1->1 state=2->2
22:12:17.816   528 opcode=0x03D9 elapsed_us=37.9 ret=1 flag=1->1 state=2->2
22:12:17.816   529 opcode=0x03D9 elapsed_us=31.4 ret=1 flag=1->1 state=2->2
22:12:17.816   530 opcode=0x03D9 elapsed_us=39.4 ret=1 flag=1->1 state=2->2
22:12:17.816   531 opcode=0x03D9 elapsed_us=35.3 ret=1 flag=1->1 state=2->2
22:12:18.829  1028 opcode=0x03E4 elapsed_us=86.0 ret=1 flag=1->1 state=2->2
22:12:18.839  1029 opcode=0x03E4 elapsed_us=73.6 ret=1 flag=1->1 state=2->2
22:12:18.840  1030 opcode=0x03E4 elapsed_us=51.6 ret=1 flag=1->1 state=2->2
22:12:18.840  1031 opcode=0x03E4 elapsed_us=37.2 ret=1 flag=1->1 state=2->2
22:12:18.840  1032 opcode=0x03E4 elapsed_us=34.7 ret=1 flag=1->1 state=2->2
22:12:18.840  1033 opcode=0x03E4 elapsed_us=32.6 ret=1 flag=1->1 state=2->2
22:12:18.841  1034 opcode=0x03E4 elapsed_us=31.7 ret=1 flag=1->1 state=2->2
22:12:18.841  1035 opcode=0x03E4 elapsed_us=31.8 ret=1 flag=1->1 state=2->2
22:12:18.841  1036 opcode=0x03E4 elapsed_us=30.9 ret=1 flag=1->1 state=2->2
22:12:18.841  1037 opcode=0x03E4 elapsed_us=31.0 ret=1 flag=1->1 state=2->2
22:12:18.842  1038 opcode=0x03E4 elapsed_us=32.2 ret=1 flag=1->1 state=2->2
22:12:18.842  1039 opcode=0x03E4 elapsed_us=31.0 ret=1 flag=1->1 state=2->2
22:12:18.842  1040 opcode=0x03E4 elapsed_us=30.7 ret=1 flag=1->1 state=2->2
22:12:18.842  1041 opcode=0x03E4 elapsed_us=42.0 ret=1 flag=1->1 state=2->2
22:12:18.842  1042 opcode=0x03E4 elapsed_us=31.0 ret=1 flag=1->1 state=2->2
22:12:18.843  1043 opcode=0x03E4 elapsed_us=30.9 ret=1 flag=1->1 state=2->2
22:12:18.843  1044 opcode=0x03E4 elapsed_us=31.0 ret=1 flag=1->1 state=2->2
22:12:18.843  1045 opcode=0x03E4 elapsed_us=30.8 ret=1 flag=1->1 state=2->2
22:12:18.843  1046 opcode=0x03E4 elapsed_us=30.6 ret=1 flag=1->1 state=2->2
22:12:18.843  1047 opcode=0x03E4 elapsed_us=30.8 ret=1 flag=1->1 state=2->2
22:12:18.844  1048 opcode=0x03E4 elapsed_us=30.5 ret=1 flag=1->1 state=2->2
22:12:18.844  1049 opcode=0x03E4 elapsed_us=30.7 ret=1 flag=1->1 state=2->2
22:12:18.844  1050 opcode=0x03E4 elapsed_us=31.1 ret=1 flag=1->1 state=2->2
22:12:18.844  1051 opcode=0x03E4 elapsed_us=31.2 ret=1 flag=1->1 state=2->2
22:12:18.845  1052 opcode=0x03E4 elapsed_us=30.6 ret=1 flag=1->1 state=2->2
22:12:18.845  1053 opcode=0x03E4 elapsed_us=30.7 ret=1 flag=1->1 state=2->2
22:12:18.845  1054 opcode=0x03E4 elapsed_us=30.4 ret=1 flag=1->1 state=2->2
22:12:18.845  1055 opcode=0x03E4 elapsed_us=31.6 ret=1 flag=1->1 state=2->2
22:12:18.845  1056 opcode=0x03E4 elapsed_us=30.7 ret=1 flag=1->1 state=2->2
22:12:18.846  1057 opcode=0x03E4 elapsed_us=30.5 ret=1 flag=1->1 state=2->2
22:12:18.889   532 opcode=0x03D9 elapsed_us=104.9 ret=1 flag=1->1 state=2->2
22:12:18.889   533 opcode=0x03D9 elapsed_us=69.8 ret=1 flag=1->1 state=2->2
22:12:18.889   534 opcode=0x03D9 elapsed_us=49.2 ret=1 flag=1->1 state=2->2
22:12:18.889   535 opcode=0x03D9 elapsed_us=42.4 ret=1 flag=1->1 state=2->2
22:12:18.890   536 opcode=0x03D9 elapsed_us=40.8 ret=1 flag=1->1 state=2->2
22:12:18.890   537 opcode=0x03D9 elapsed_us=33.9 ret=1 flag=1->1 state=2->2
22:12:18.890   538 opcode=0x03D9 elapsed_us=32.6 ret=1 flag=1->1 state=2->2
22:12:18.890   539 opcode=0x03D9 elapsed_us=33.3 ret=1 flag=1->1 state=2->2
22:12:18.891   540 opcode=0x03D9 elapsed_us=33.1 ret=1 flag=1->1 state=2->2
22:12:18.891   541 opcode=0x03D9 elapsed_us=32.2 ret=1 flag=1->1 state=2->2
22:12:18.891   542 opcode=0x03D9 elapsed_us=32.1 ret=1 flag=1->1 state=2->2
22:12:18.891   543 opcode=0x03D9 elapsed_us=31.9 ret=1 flag=1->1 state=2->2
22:12:18.891   544 opcode=0x03D9 elapsed_us=32.6 ret=1 flag=1->1 state=2->2
22:12:18.892   545 opcode=0x03D9 elapsed_us=32.4 ret=1 flag=1->1 state=2->2
22:12:18.892   546 opcode=0x03D9 elapsed_us=31.8 ret=1 flag=1->1 state=2->2
22:12:18.892   547 opcode=0x03D9 elapsed_us=31.7 ret=1 flag=1->1 state=2->2
22:12:18.892   548 opcode=0x03D9 elapsed_us=31.4 ret=1 flag=1->1 state=2->2
22:12:18.892   549 opcode=0x03D9 elapsed_us=31.3 ret=1 flag=1->1 state=2->2
22:12:18.893   550 opcode=0x03D9 elapsed_us=31.5 ret=1 flag=1->1 state=2->2
22:12:18.893   551 opcode=0x03D9 elapsed_us=32.0 ret=1 flag=1->1 state=2->2
22:12:18.893   552 opcode=0x03D9 elapsed_us=32.4 ret=1 flag=1->1 state=2->2
22:12:18.893   553 opcode=0x03D9 elapsed_us=31.8 ret=1 flag=1->1 state=2->2
22:12:18.894   554 opcode=0x03D9 elapsed_us=33.0 ret=1 flag=1->1 state=2->2
22:12:18.894   555 opcode=0x03D9 elapsed_us=31.8 ret=1 flag=1->1 state=2->2
22:12:18.894   556 opcode=0x03D9 elapsed_us=32.0 ret=1 flag=1->1 state=2->2
22:12:18.894   557 opcode=0x03D9 elapsed_us=32.6 ret=1 flag=1->1 state=2->2
22:12:18.894   558 opcode=0x03D9 elapsed_us=32.9 ret=1 flag=1->1 state=2->2
22:12:18.895   559 opcode=0x03D9 elapsed_us=32.3 ret=1 flag=1->1 state=2->2
22:12:18.895   560 opcode=0x03D9 elapsed_us=32.0 ret=1 flag=1->1 state=2->2
22:12:18.895   561 opcode=0x03D9 elapsed_us=32.0 ret=1 flag=1->1 state=2->2
22:12:18.999   562 opcode=0x0453 elapsed_us=102.9 ret=1 flag=1->1 state=2->2
22:12:19.778 ***** SESSION obj=0x6153a48 +0x2270=0x00 +0x227c=0x00 world=0 channel=0 -> no dialog (flag bit 2 clear) *****
22:12:19.910  1058 opcode=0x03E4 elapsed_us=93.5 ret=1 flag=1->1 state=2->2
22:12:19.910  1059 opcode=0x03E4 elapsed_us=59.9 ret=1 flag=1->1 state=2->2
22:12:19.910  1060 opcode=0x03E4 elapsed_us=44.8 ret=1 flag=1->1 state=2->2
22:12:19.911  1061 opcode=0x03E4 elapsed_us=40.0 ret=1 flag=1->1 state=2->2
22:12:19.911  1062 opcode=0x03E4 elapsed_us=38.3 ret=1 flag=1->1 state=2->2
22:12:19.911  1063 opcode=0x03E4 elapsed_us=31.7 ret=1 flag=1->1 state=2->2
22:12:19.911  1064 opcode=0x03E4 elapsed_us=30.8 ret=1 flag=1->1 state=2->2
22:12:19.911  1065 opcode=0x03E4 elapsed_us=31.8 ret=1 flag=1->1 state=2->2
22:12:19.912  1066 opcode=0x03E4 elapsed_us=30.6 ret=1 flag=1->1 state=2->2
22:12:19.912  1067 opcode=0x03E4 elapsed_us=30.5 ret=1 flag=1->1 state=2->2
22:12:19.912  1068 opcode=0x03E4 elapsed_us=32.0 ret=1 flag=1->1 state=2->2
22:12:19.912  1069 opcode=0x03E4 elapsed_us=30.9 ret=1 flag=1->1 state=2->2
22:12:19.913  1070 opcode=0x03E4 elapsed_us=30.8 ret=1 flag=1->1 state=2->2
22:12:19.913  1071 opcode=0x03E4 elapsed_us=31.1 ret=1 flag=1->1 state=2->2
22:12:19.913  1072 opcode=0x03E4 elapsed_us=32.2 ret=1 flag=1->1 state=2->2
22:12:19.913  1073 opcode=0x03E4 elapsed_us=31.5 ret=1 flag=1->1 state=2->2
22:12:19.913  1074 opcode=0x03E4 elapsed_us=31.1 ret=1 flag=1->1 state=2->2
22:12:19.914  1075 opcode=0x03E4 elapsed_us=30.5 ret=1 flag=1->1 state=2->2
22:12:19.914  1076 opcode=0x03E4 elapsed_us=30.4 ret=1 flag=1->1 state=2->2
22:12:19.914  1077 opcode=0x03E4 elapsed_us=30.3 ret=1 flag=1->1 state=2->2
22:12:19.914  1078 opcode=0x03E4 elapsed_us=30.5 ret=1 flag=1->1 state=2->2
22:12:19.914  1079 opcode=0x03E4 elapsed_us=31.0 ret=1 flag=1->1 state=2->2
22:12:19.915  1080 opcode=0x03E4 elapsed_us=30.8 ret=1 flag=1->1 state=2->2
22:12:19.915  1081 opcode=0x03E4 elapsed_us=30.8 ret=1 flag=1->1 state=2->2
22:12:19.915  1082 opcode=0x03E4 elapsed_us=30.6 ret=1 flag=1->1 state=2->2
22:12:19.915  1083 opcode=0x03E4 elapsed_us=30.3 ret=1 flag=1->1 state=2->2
22:12:19.916  1084 opcode=0x03E4 elapsed_us=30.5 ret=1 flag=1->1 state=2->2
22:12:19.916  1085 opcode=0x03E4 elapsed_us=30.7 ret=1 flag=1->1 state=2->2
22:12:19.916  1086 opcode=0x03E4 elapsed_us=30.9 ret=1 flag=1->1 state=2->2
22:12:19.916  1087 opcode=0x03E4 elapsed_us=30.5 ret=1 flag=1->1 state=2->2
22:12:19.960   563 opcode=0x03D9 elapsed_us=104.2 ret=1 flag=1->1 state=2->2
22:12:19.960   564 opcode=0x03D9 elapsed_us=58.7 ret=1 flag=1->1 state=2->2
22:12:19.960   565 opcode=0x03D9 elapsed_us=38.9 ret=1 flag=1->1 state=2->2
22:12:19.960   566 opcode=0x03D9 elapsed_us=37.4 ret=1 flag=1->1 state=2->2
22:12:19.961   567 opcode=0x03D9 elapsed_us=35.6 ret=1 flag=1->1 state=2->2
22:12:19.961   568 opcode=0x03D9 elapsed_us=37.7 ret=1 flag=1->1 state=2->2
22:12:19.961   569 opcode=0x03D9 elapsed_us=32.4 ret=1 flag=1->1 state=2->2
22:12:19.961   570 opcode=0x03D9 elapsed_us=32.6 ret=1 flag=1->1 state=2->2
22:12:19.962   571 opcode=0x03D9 elapsed_us=48.6 ret=1 flag=1->1 state=2->2
22:12:19.962   572 opcode=0x03D9 elapsed_us=38.4 ret=1 flag=1->1 state=2->2
22:12:19.962   573 opcode=0x03D9 elapsed_us=33.5 ret=1 flag=1->1 state=2->2
22:12:19.962   574 opcode=0x03D9 elapsed_us=33.0 ret=1 flag=1->1 state=2->2
22:12:19.963   575 opcode=0x03D9 elapsed_us=33.2 ret=1 flag=1->1 state=2->2
22:12:19.963   576 opcode=0x03D9 elapsed_us=33.1 ret=1 flag=1->1 state=2->2
22:12:19.963   577 opcode=0x03D9 elapsed_us=32.8 ret=1 flag=1->1 state=2->2
22:12:19.963   578 opcode=0x03D9 elapsed_us=32.8 ret=1 flag=1->1 state=2->2
22:12:19.963   579 opcode=0x03D9 elapsed_us=33.9 ret=1 flag=1->1 state=2->2
22:12:19.964   580 opcode=0x03D9 elapsed_us=33.8 ret=1 flag=1->1 state=2->2
22:12:19.964   581 opcode=0x03D9 elapsed_us=33.1 ret=1 flag=1->1 state=2->2
22:12:19.964   582 opcode=0x03D9 elapsed_us=32.4 ret=1 flag=1->1 state=2->2
22:12:19.964   583 opcode=0x03D9 elapsed_us=31.7 ret=1 flag=1->1 state=2->2
22:12:19.965   584 opcode=0x03D9 elapsed_us=32.3 ret=1 flag=1->1 state=2->2
22:12:19.965   585 opcode=0x03D9 elapsed_us=34.0 ret=1 flag=1->1 state=2->2
22:12:19.965   586 opcode=0x03D9 elapsed_us=32.7 ret=1 flag=1->1 state=2->2
22:12:19.965   587 opcode=0x03D9 elapsed_us=32.8 ret=1 flag=1->1 state=2->2
22:12:19.965   588 opcode=0x03D9 elapsed_us=32.0 ret=1 flag=1->1 state=2->2
22:12:19.966   589 opcode=0x03D9 elapsed_us=32.2 ret=1 flag=1->1 state=2->2
22:12:19.966   590 opcode=0x03D9 elapsed_us=31.8 ret=1 flag=1->1 state=2->2
22:12:19.966   591 opcode=0x03D9 elapsed_us=32.7 ret=1 flag=1->1 state=2->2
22:12:19.966   592 opcode=0x03D9 elapsed_us=31.7 ret=1 flag=1->1 state=2->2
22:12:20.160 ***** SESSION obj=0x617e158 +0x2270=0x00 +0x227c=0x00 world=0 channel=0 -> no dialog (flag bit 2 clear) *****
22:12:20.989  1088 opcode=0x03E4 elapsed_us=87.0 ret=1 flag=1->1 state=2->2
22:12:20.990  1089 opcode=0x03E4 elapsed_us=38.9 ret=1 flag=1->1 state=2->2
22:12:20.990  1090 opcode=0x03E4 elapsed_us=32.3 ret=1 flag=1->1 state=2->2
22:12:20.990  1091 opcode=0x03E4 elapsed_us=35.7 ret=1 flag=1->1 state=2->2
22:12:20.990  1092 opcode=0x03E4 elapsed_us=31.2 ret=1 flag=1->1 state=2->2
22:12:20.990  1093 opcode=0x03E4 elapsed_us=31.3 ret=1 flag=1->1 state=2->2
22:12:20.991  1094 opcode=0x03E4 elapsed_us=30.6 ret=1 flag=1->1 state=2->2
22:12:20.991  1095 opcode=0x03E4 elapsed_us=30.6 ret=1 flag=1->1 state=2->2
22:12:20.991  1096 opcode=0x03E4 elapsed_us=31.7 ret=1 flag=1->1 state=2->2
22:12:20.991  1097 opcode=0x03E4 elapsed_us=31.2 ret=1 flag=1->1 state=2->2
22:12:20.992  1098 opcode=0x03E4 elapsed_us=31.2 ret=1 flag=1->1 state=2->2
22:12:20.992  1099 opcode=0x03E4 elapsed_us=30.9 ret=1 flag=1->1 state=2->2
22:12:20.992  1100 opcode=0x03E4 elapsed_us=31.3 ret=1 flag=1->1 state=2->2
22:12:20.992  1101 opcode=0x03E4 elapsed_us=31.1 ret=1 flag=1->1 state=2->2
22:12:20.992  1102 opcode=0x03E4 elapsed_us=30.3 ret=1 flag=1->1 state=2->2
22:12:20.993  1103 opcode=0x03E4 elapsed_us=30.8 ret=1 flag=1->1 state=2->2
22:12:20.993  1104 opcode=0x03E4 elapsed_us=30.6 ret=1 flag=1->1 state=2->2
22:12:20.993  1105 opcode=0x03E4 elapsed_us=30.8 ret=1 flag=1->1 state=2->2
22:12:20.993  1106 opcode=0x03E4 elapsed_us=30.7 ret=1 flag=1->1 state=2->2
22:12:20.993  1107 opcode=0x03E4 elapsed_us=32.3 ret=1 flag=1->1 state=2->2
22:12:20.994  1108 opcode=0x03E4 elapsed_us=31.1 ret=1 flag=1->1 state=2->2
22:12:20.994  1109 opcode=0x03E4 elapsed_us=30.5 ret=1 flag=1->1 state=2->2
22:12:20.994  1110 opcode=0x03E4 elapsed_us=30.9 ret=1 flag=1->1 state=2->2
22:12:20.994  1111 opcode=0x03E4 elapsed_us=30.7 ret=1 flag=1->1 state=2->2
22:12:20.995  1112 opcode=0x03E4 elapsed_us=31.0 ret=1 flag=1->1 state=2->2
22:12:20.995  1113 opcode=0x03E4 elapsed_us=30.7 ret=1 flag=1->1 state=2->2
22:12:20.995  1114 opcode=0x03E4 elapsed_us=30.4 ret=1 flag=1->1 state=2->2
22:12:20.995  1115 opcode=0x03E4 elapsed_us=30.8 ret=1 flag=1->1 state=2->2
22:12:20.995  1116 opcode=0x03E4 elapsed_us=30.5 ret=1 flag=1->1 state=2->2
22:12:20.996  1117 opcode=0x03E4 elapsed_us=30.5 ret=1 flag=1->1 state=2->2
22:12:21.040   593 opcode=0x03D9 elapsed_us=105.8 ret=1 flag=1->1 state=2->2
22:12:21.040   594 opcode=0x03D9 elapsed_us=54.6 ret=1 flag=1->1 state=2->2
22:12:21.040   595 opcode=0x03D9 elapsed_us=37.2 ret=1 flag=1->1 state=2->2
22:12:21.041   596 opcode=0x03D9 elapsed_us=35.0 ret=1 flag=1->1 state=2->2
22:12:21.041   597 opcode=0x03D9 elapsed_us=34.9 ret=1 flag=1->1 state=2->2
22:12:21.041   598 opcode=0x03D9 elapsed_us=39.0 ret=1 flag=1->1 state=2->2
22:12:21.041   599 opcode=0x03D9 elapsed_us=39.4 ret=1 flag=1->1 state=2->2
22:12:21.042   600 opcode=0x03D9 elapsed_us=40.0 ret=1 flag=1->1 state=2->2
22:12:21.042   601 opcode=0x03D9 elapsed_us=40.2 ret=1 flag=1->1 state=2->2
22:12:21.042   602 opcode=0x03D9 elapsed_us=33.2 ret=1 flag=1->1 state=2->2
22:12:21.042   603 opcode=0x03D9 elapsed_us=33.6 ret=1 flag=1->1 state=2->2
22:12:21.043   604 opcode=0x03D9 elapsed_us=32.1 ret=1 flag=1->1 state=2->2
22:12:21.043   605 opcode=0x03D9 elapsed_us=33.1 ret=1 flag=1->1 state=2->2
22:12:21.043   606 opcode=0x03D9 elapsed_us=32.7 ret=1 flag=1->1 state=2->2
22:12:21.043   607 opcode=0x03D9 elapsed_us=32.3 ret=1 flag=1->1 state=2->2
22:12:21.043   608 opcode=0x03D9 elapsed_us=33.3 ret=1 flag=1->1 state=2->2
22:12:21.044   609 opcode=0x03D9 elapsed_us=32.3 ret=1 flag=1->1 state=2->2
22:12:21.044   610 opcode=0x03D9 elapsed_us=32.4 ret=1 flag=1->1 state=2->2
22:12:21.044   611 opcode=0x03D9 elapsed_us=32.0 ret=1 flag=1->1 state=2->2
22:12:21.044   612 opcode=0x03D9 elapsed_us=32.6 ret=1 flag=1->1 state=2->2
22:12:21.045   613 opcode=0x03D9 elapsed_us=31.7 ret=1 flag=1->1 state=2->2
22:12:21.045   614 opcode=0x03D9 elapsed_us=31.3 ret=1 flag=1->1 state=2->2
22:12:21.045   615 opcode=0x03D9 elapsed_us=32.1 ret=1 flag=1->1 state=2->2
22:12:21.045   616 opcode=0x03D9 elapsed_us=33.0 ret=1 flag=1->1 state=2->2
22:12:21.045   617 opcode=0x03D9 elapsed_us=32.7 ret=1 flag=1->1 state=2->2
22:12:21.046   618 opcode=0x03D9 elapsed_us=32.0 ret=1 flag=1->1 state=2->2
22:12:21.046   619 opcode=0x03D9 elapsed_us=32.2 ret=1 flag=1->1 state=2->2
22:12:21.046   620 opcode=0x03D9 elapsed_us=31.5 ret=1 flag=1->1 state=2->2
22:12:21.046   621 opcode=0x03D9 elapsed_us=31.7 ret=1 flag=1->1 state=2->2
22:12:21.046   622 opcode=0x03D9 elapsed_us=32.7 ret=1 flag=1->1 state=2->2
22:12:22.070  1118 opcode=0x03E4 elapsed_us=91.8 ret=1 flag=1->1 state=2->2
22:12:22.079  1119 opcode=0x03E4 elapsed_us=78.7 ret=1 flag=1->1 state=2->2
22:12:22.080  1120 opcode=0x03E4 elapsed_us=48.5 ret=1 flag=1->1 state=2->2
22:12:22.080  1121 opcode=0x03E4 elapsed_us=39.2 ret=1 flag=1->1 state=2->2
22:12:22.080  1122 opcode=0x03E4 elapsed_us=40.6 ret=1 flag=1->1 state=2->2
22:12:22.080  1123 opcode=0x03E4 elapsed_us=38.2 ret=1 flag=1->1 state=2->2
22:12:22.081  1124 opcode=0x03E4 elapsed_us=37.3 ret=1 flag=1->1 state=2->2
22:12:22.081  1125 opcode=0x03E4 elapsed_us=37.9 ret=1 flag=1->1 state=2->2
22:12:22.081  1126 opcode=0x03E4 elapsed_us=30.8 ret=1 flag=1->1 state=2->2
22:12:22.081  1127 opcode=0x03E4 elapsed_us=31.2 ret=1 flag=1->1 state=2->2
22:12:22.082  1128 opcode=0x03E4 elapsed_us=31.1 ret=1 flag=1->1 state=2->2
22:12:22.082  1129 opcode=0x03E4 elapsed_us=30.7 ret=1 flag=1->1 state=2->2
22:12:22.082  1130 opcode=0x03E4 elapsed_us=30.8 ret=1 flag=1->1 state=2->2
22:12:22.082  1131 opcode=0x03E4 elapsed_us=43.1 ret=1 flag=1->1 state=2->2
22:12:22.082  1132 opcode=0x03E4 elapsed_us=31.3 ret=1 flag=1->1 state=2->2
22:12:22.083  1133 opcode=0x03E4 elapsed_us=31.0 ret=1 flag=1->1 state=2->2
22:12:22.083  1134 opcode=0x03E4 elapsed_us=31.3 ret=1 flag=1->1 state=2->2
22:12:22.083  1135 opcode=0x03E4 elapsed_us=30.6 ret=1 flag=1->1 state=2->2
22:12:22.083  1136 opcode=0x03E4 elapsed_us=31.1 ret=1 flag=1->1 state=2->2
22:12:22.083  1137 opcode=0x03E4 elapsed_us=30.8 ret=1 flag=1->1 state=2->2
22:12:22.084  1138 opcode=0x03E4 elapsed_us=31.7 ret=1 flag=1->1 state=2->2
22:12:22.084  1139 opcode=0x03E4 elapsed_us=31.1 ret=1 flag=1->1 state=2->2
22:12:22.084  1140 opcode=0x03E4 elapsed_us=31.0 ret=1 flag=1->1 state=2->2
22:12:22.084  1141 opcode=0x03E4 elapsed_us=30.6 ret=1 flag=1->1 state=2->2
22:12:22.085  1142 opcode=0x03E4 elapsed_us=30.7 ret=1 flag=1->1 state=2->2
22:12:22.085  1143 opcode=0x03E4 elapsed_us=30.7 ret=1 flag=1->1 state=2->2
22:12:22.085  1144 opcode=0x03E4 elapsed_us=30.6 ret=1 flag=1->1 state=2->2
22:12:22.085  1145 opcode=0x03E4 elapsed_us=30.8 ret=1 flag=1->1 state=2->2
22:12:22.085  1146 opcode=0x03E4 elapsed_us=30.7 ret=1 flag=1->1 state=2->2
22:12:22.086  1147 opcode=0x03E4 elapsed_us=30.7 ret=1 flag=1->1 state=2->2
22:12:22.129   623 opcode=0x03D9 elapsed_us=102.7 ret=1 flag=1->1 state=2->2
22:12:22.130   624 opcode=0x03D9 elapsed_us=51.6 ret=1 flag=1->1 state=2->2
22:12:22.130   625 opcode=0x03D9 elapsed_us=39.2 ret=1 flag=1->1 state=2->2
22:12:22.130   626 opcode=0x03D9 elapsed_us=36.5 ret=1 flag=1->1 state=2->2
22:12:22.130   627 opcode=0x03D9 elapsed_us=34.7 ret=1 flag=1->1 state=2->2
22:12:22.130   628 opcode=0x03D9 elapsed_us=34.5 ret=1 flag=1->1 state=2->2
22:12:22.131   629 opcode=0x03D9 elapsed_us=33.8 ret=1 flag=1->1 state=2->2
22:12:22.131   630 opcode=0x03D9 elapsed_us=32.7 ret=1 flag=1->1 state=2->2
22:12:22.131   631 opcode=0x03D9 elapsed_us=33.1 ret=1 flag=1->1 state=2->2
22:12:22.131   632 opcode=0x03D9 elapsed_us=32.4 ret=1 flag=1->1 state=2->2
22:12:22.132   633 opcode=0x03D9 elapsed_us=32.0 ret=1 flag=1->1 state=2->2
22:12:22.132   634 opcode=0x03D9 elapsed_us=34.4 ret=1 flag=1->1 state=2->2
22:12:22.132   635 opcode=0x03D9 elapsed_us=33.3 ret=1 flag=1->1 state=2->2
22:12:22.132   636 opcode=0x03D9 elapsed_us=32.3 ret=1 flag=1->1 state=2->2
22:12:22.132   637 opcode=0x03D9 elapsed_us=32.3 ret=1 flag=1->1 state=2->2
22:12:22.133   638 opcode=0x03D9 elapsed_us=32.2 ret=1 flag=1->1 state=2->2
22:12:22.133   639 opcode=0x03D9 elapsed_us=32.0 ret=1 flag=1->1 state=2->2
22:12:22.133   640 opcode=0x03D9 elapsed_us=31.9 ret=1 flag=1->1 state=2->2
22:12:22.133   641 opcode=0x03D9 elapsed_us=33.1 ret=1 flag=1->1 state=2->2
22:12:22.133   642 opcode=0x03D9 elapsed_us=32.3 ret=1 flag=1->1 state=2->2
22:12:22.134   643 opcode=0x03D9 elapsed_us=32.4 ret=1 flag=1->1 state=2->2
22:12:22.134   644 opcode=0x03D9 elapsed_us=32.3 ret=1 flag=1->1 state=2->2
22:12:22.134   645 opcode=0x03D9 elapsed_us=32.3 ret=1 flag=1->1 state=2->2
22:12:22.134   646 opcode=0x03D9 elapsed_us=31.8 ret=1 flag=1->1 state=2->2
22:12:22.135   647 opcode=0x03D9 elapsed_us=31.7 ret=1 flag=1->1 state=2->2
22:12:22.135   648 opcode=0x03D9 elapsed_us=31.6 ret=1 flag=1->1 state=2->2
22:12:22.135   649 opcode=0x03D9 elapsed_us=31.8 ret=1 flag=1->1 state=2->2
22:12:22.135   650 opcode=0x03D9 elapsed_us=32.6 ret=1 flag=1->1 state=2->2
22:12:22.135   651 opcode=0x03D9 elapsed_us=32.8 ret=1 flag=1->1 state=2->2
22:12:22.136   652 opcode=0x03D9 elapsed_us=31.5 ret=1 flag=1->1 state=2->2
22:12:22.670   653 opcode=0x0453 elapsed_us=287.1 ret=1 flag=1->1 state=2->2
22:12:22.785 ***** SESSION obj=0x6153a48 +0x2270=0x00 +0x227c=0x00 world=0 channel=0 -> no dialog (flag bit 2 clear) *****
22:12:22.840  1148 opcode=0x0453 elapsed_us=99.9 ret=1 flag=1->1 state=2->2
22:12:22.960  1149 opcode=0x0453 elapsed_us=250.2 ret=1 flag=1->1 state=2->2
22:12:23.150  1150 opcode=0x03E4 elapsed_us=91.8 ret=1 flag=1->1 state=2->2
22:12:23.150  1151 opcode=0x03E4 elapsed_us=58.3 ret=1 flag=1->1 state=2->2
22:12:23.150  1152 opcode=0x03E4 elapsed_us=43.3 ret=1 flag=1->1 state=2->2
22:12:23.150  1153 opcode=0x03E4 elapsed_us=39.3 ret=1 flag=1->1 state=2->2
22:12:23.151  1154 opcode=0x03E4 elapsed_us=39.4 ret=1 flag=1->1 state=2->2
22:12:23.151  1155 opcode=0x03E4 elapsed_us=38.2 ret=1 flag=1->1 state=2->2
22:12:23.151  1156 opcode=0x03E4 elapsed_us=37.6 ret=1 flag=1->1 state=2->2
22:12:23.151  1157 opcode=0x03E4 elapsed_us=37.8 ret=1 flag=1->1 state=2->2
22:12:23.152  1158 opcode=0x03E4 elapsed_us=37.0 ret=1 flag=1->1 state=2->2
22:12:23.152  1159 opcode=0x03E4 elapsed_us=37.5 ret=1 flag=1->1 state=2->2
22:12:23.152  1160 opcode=0x03E4 elapsed_us=30.5 ret=1 flag=1->1 state=2->2
22:12:23.152  1161 opcode=0x03E4 elapsed_us=30.6 ret=1 flag=1->1 state=2->2
22:12:23.153  1162 opcode=0x03E4 elapsed_us=31.0 ret=1 flag=1->1 state=2->2
22:12:23.153  1163 opcode=0x03E4 elapsed_us=32.2 ret=1 flag=1->1 state=2->2
22:12:23.153  1164 opcode=0x03E4 elapsed_us=30.6 ret=1 flag=1->1 state=2->2
22:12:23.153  1165 opcode=0x03E4 elapsed_us=31.3 ret=1 flag=1->1 state=2->2
22:12:23.154  1166 opcode=0x03E4 elapsed_us=30.5 ret=1 flag=1->1 state=2->2
22:12:23.154  1167 opcode=0x03E4 elapsed_us=31.6 ret=1 flag=1->1 state=2->2
22:12:23.154  1168 opcode=0x03E4 elapsed_us=30.6 ret=1 flag=1->1 state=2->2
22:12:23.154  1169 opcode=0x03E4 elapsed_us=31.1 ret=1 flag=1->1 state=2->2
22:12:23.154  1170 opcode=0x03E4 elapsed_us=31.0 ret=1 flag=1->1 state=2->2
22:12:23.155  1171 opcode=0x03E4 elapsed_us=30.5 ret=1 flag=1->1 state=2->2
22:12:23.155  1172 opcode=0x03E4 elapsed_us=30.8 ret=1 flag=1->1 state=2->2
22:12:23.155  1173 opcode=0x03E4 elapsed_us=30.7 ret=1 flag=1->1 state=2->2
22:12:23.155  1174 opcode=0x03E4 elapsed_us=30.5 ret=1 flag=1->1 state=2->2
22:12:23.155  1175 opcode=0x03E4 elapsed_us=30.2 ret=1 flag=1->1 state=2->2
22:12:23.156  1176 opcode=0x03E4 elapsed_us=30.3 ret=1 flag=1->1 state=2->2
22:12:23.156  1177 opcode=0x03E4 elapsed_us=30.7 ret=1 flag=1->1 state=2->2
22:12:23.156  1178 opcode=0x03E4 elapsed_us=30.3 ret=1 flag=1->1 state=2->2
22:12:23.156  1179 opcode=0x03E4 elapsed_us=30.4 ret=1 flag=1->1 state=2->2
22:12:23.167 ***** SESSION obj=0x617e158 +0x2270=0x00 +0x227c=0x00 world=0 channel=0 -> no dialog (flag bit 2 clear) *****
22:12:23.210   654 opcode=0x03D9 elapsed_us=106.7 ret=1 flag=1->1 state=2->2
22:12:23.211   655 opcode=0x03D9 elapsed_us=39.3 ret=1 flag=1->1 state=2->2
22:12:23.211   656 opcode=0x03D9 elapsed_us=35.6 ret=1 flag=1->1 state=2->2
22:12:23.211   657 opcode=0x03D9 elapsed_us=36.3 ret=1 flag=1->1 state=2->2
22:12:23.211   658 opcode=0x03D9 elapsed_us=34.9 ret=1 flag=1->1 state=2->2
22:12:23.211   659 opcode=0x03D9 elapsed_us=34.6 ret=1 flag=1->1 state=2->2
22:12:23.212   660 opcode=0x03D9 elapsed_us=36.1 ret=1 flag=1->1 state=2->2
22:12:23.212   661 opcode=0x03D9 elapsed_us=35.0 ret=1 flag=1->1 state=2->2
22:12:23.212   662 opcode=0x03D9 elapsed_us=33.3 ret=1 flag=1->1 state=2->2
22:12:23.212   663 opcode=0x03D9 elapsed_us=33.4 ret=1 flag=1->1 state=2->2
22:12:23.213   664 opcode=0x03D9 elapsed_us=32.5 ret=1 flag=1->1 state=2->2
22:12:23.213   665 opcode=0x03D9 elapsed_us=32.2 ret=1 flag=1->1 state=2->2
22:12:23.213   666 opcode=0x03D9 elapsed_us=31.8 ret=1 flag=1->1 state=2->2
22:12:23.213   667 opcode=0x03D9 elapsed_us=32.6 ret=1 flag=1->1 state=2->2
22:12:23.214   668 opcode=0x03D9 elapsed_us=32.1 ret=1 flag=1->1 state=2->2
22:12:23.214   669 opcode=0x03D9 elapsed_us=32.3 ret=1 flag=1->1 state=2->2
22:12:23.214   670 opcode=0x03D9 elapsed_us=31.6 ret=1 flag=1->1 state=2->2
22:12:23.214   671 opcode=0x03D9 elapsed_us=31.8 ret=1 flag=1->1 state=2->2
22:12:23.214   672 opcode=0x03D9 elapsed_us=32.0 ret=1 flag=1->1 state=2->2
22:12:23.215   673 opcode=0x03D9 elapsed_us=32.0 ret=1 flag=1->1 state=2->2
22:12:23.215   674 opcode=0x03D9 elapsed_us=31.6 ret=1 flag=1->1 state=2->2
22:12:23.215   675 opcode=0x03D9 elapsed_us=31.8 ret=1 flag=1->1 state=2->2
22:12:23.215   676 opcode=0x03D9 elapsed_us=33.2 ret=1 flag=1->1 state=2->2
22:12:23.215   677 opcode=0x03D9 elapsed_us=32.3 ret=1 flag=1->1 state=2->2
22:12:23.216   678 opcode=0x03D9 elapsed_us=31.7 ret=1 flag=1->1 state=2->2
22:12:23.216   679 opcode=0x03D9 elapsed_us=31.9 ret=1 flag=1->1 state=2->2
22:12:23.216   680 opcode=0x03D9 elapsed_us=32.4 ret=1 flag=1->1 state=2->2
22:12:23.216   681 opcode=0x03D9 elapsed_us=32.3 ret=1 flag=1->1 state=2->2
22:12:23.217   682 opcode=0x03D9 elapsed_us=32.9 ret=1 flag=1->1 state=2->2
22:12:23.217   683 opcode=0x03D9 elapsed_us=31.9 ret=1 flag=1->1 state=2->2
22:12:24.230  1180 opcode=0x03E4 elapsed_us=86.3 ret=1 flag=1->1 state=2->2
22:12:24.231  1181 opcode=0x03E4 elapsed_us=52.8 ret=1 flag=1->1 state=2->2
22:12:24.231  1182 opcode=0x03E4 elapsed_us=40.0 ret=1 flag=1->1 state=2->2
22:12:24.231  1183 opcode=0x03E4 elapsed_us=40.9 ret=1 flag=1->1 state=2->2
22:12:24.232  1184 opcode=0x03E4 elapsed_us=40.0 ret=1 flag=1->1 state=2->2
22:12:24.232  1185 opcode=0x03E4 elapsed_us=40.2 ret=1 flag=1->1 state=2->2
22:12:24.232  1186 opcode=0x03E4 elapsed_us=34.1 ret=1 flag=1->1 state=2->2
22:12:24.232  1187 opcode=0x03E4 elapsed_us=30.9 ret=1 flag=1->1 state=2->2
22:12:24.233  1188 opcode=0x03E4 elapsed_us=30.9 ret=1 flag=1->1 state=2->2
22:12:24.233  1189 opcode=0x03E4 elapsed_us=31.5 ret=1 flag=1->1 state=2->2
22:12:24.233  1190 opcode=0x03E4 elapsed_us=31.2 ret=1 flag=1->1 state=2->2
22:12:24.233  1191 opcode=0x03E4 elapsed_us=32.8 ret=1 flag=1->1 state=2->2
22:12:24.233  1192 opcode=0x03E4 elapsed_us=32.1 ret=1 flag=1->1 state=2->2
22:12:24.234  1193 opcode=0x03E4 elapsed_us=31.2 ret=1 flag=1->1 state=2->2
22:12:24.234  1194 opcode=0x03E4 elapsed_us=31.8 ret=1 flag=1->1 state=2->2
22:12:24.234  1195 opcode=0x03E4 elapsed_us=31.5 ret=1 flag=1->1 state=2->2
22:12:24.234  1196 opcode=0x03E4 elapsed_us=31.5 ret=1 flag=1->1 state=2->2
22:12:24.235  1197 opcode=0x03E4 elapsed_us=30.8 ret=1 flag=1->1 state=2->2
22:12:24.235  1198 opcode=0x03E4 elapsed_us=32.0 ret=1 flag=1->1 state=2->2
22:12:24.235  1199 opcode=0x03E4 elapsed_us=31.4 ret=1 flag=1->1 state=2->2
22:12:24.235  1200 opcode=0x03E4 elapsed_us=33.2 ret=1 flag=1->1 state=2->2
22:12:24.235  1201 opcode=0x03E4 elapsed_us=31.2 ret=1 flag=1->1 state=2->2
22:12:24.236  1202 opcode=0x03E4 elapsed_us=31.3 ret=1 flag=1->1 state=2->2
22:12:24.236  1203 opcode=0x03E4 elapsed_us=31.3 ret=1 flag=1->1 state=2->2
22:12:24.236  1204 opcode=0x03E4 elapsed_us=31.3 ret=1 flag=1->1 state=2->2
22:12:24.236  1205 opcode=0x03E4 elapsed_us=32.3 ret=1 flag=1->1 state=2->2
22:12:24.240  1206 opcode=0x03E4 elapsed_us=39.8 ret=1 flag=1->1 state=2->2
22:12:24.241  1207 opcode=0x03E4 elapsed_us=35.9 ret=1 flag=1->1 state=2->2
22:12:24.241  1208 opcode=0x03E4 elapsed_us=34.0 ret=1 flag=1->1 state=2->2
22:12:24.241  1209 opcode=0x03E4 elapsed_us=32.5 ret=1 flag=1->1 state=2->2
22:12:24.301   684 opcode=0x03D9 elapsed_us=113.3 ret=1 flag=1->1 state=2->2
22:12:24.301   685 opcode=0x03D9 elapsed_us=65.2 ret=1 flag=1->1 state=2->2
22:12:24.301   686 opcode=0x03D9 elapsed_us=45.6 ret=1 flag=1->1 state=2->2
22:12:24.302   687 opcode=0x03D9 elapsed_us=53.6 ret=1 flag=1->1 state=2->2
22:12:24.302   688 opcode=0x03D9 elapsed_us=43.0 ret=1 flag=1->1 state=2->2
22:12:24.302   689 opcode=0x03D9 elapsed_us=43.4 ret=1 flag=1->1 state=2->2
22:12:24.302   690 opcode=0x03D9 elapsed_us=34.7 ret=1 flag=1->1 state=2->2
22:12:24.303   691 opcode=0x03D9 elapsed_us=33.5 ret=1 flag=1->1 state=2->2
22:12:24.303   692 opcode=0x03D9 elapsed_us=33.7 ret=1 flag=1->1 state=2->2
22:12:24.303   693 opcode=0x03D9 elapsed_us=33.1 ret=1 flag=1->1 state=2->2
22:12:24.303   694 opcode=0x03D9 elapsed_us=32.5 ret=1 flag=1->1 state=2->2
22:12:24.304   695 opcode=0x03D9 elapsed_us=48.7 ret=1 flag=1->1 state=2->2
22:12:24.304   696 opcode=0x03D9 elapsed_us=42.6 ret=1 flag=1->1 state=2->2
22:12:24.304   697 opcode=0x03D9 elapsed_us=40.9 ret=1 flag=1->1 state=2->2
22:12:24.304   698 opcode=0x03D9 elapsed_us=39.6 ret=1 flag=1->1 state=2->2
22:12:24.305   699 opcode=0x03D9 elapsed_us=39.3 ret=1 flag=1->1 state=2->2
22:12:24.305   700 opcode=0x03D9 elapsed_us=39.8 ret=1 flag=1->1 state=2->2
22:12:24.305   701 opcode=0x03D9 elapsed_us=38.4 ret=1 flag=1->1 state=2->2
22:12:24.305   702 opcode=0x03D9 elapsed_us=32.7 ret=1 flag=1->1 state=2->2
22:12:24.306   703 opcode=0x03D9 elapsed_us=33.0 ret=1 flag=1->1 state=2->2
22:12:24.306   704 opcode=0x03D9 elapsed_us=32.5 ret=1 flag=1->1 state=2->2
22:12:24.306   705 opcode=0x03D9 elapsed_us=32.3 ret=1 flag=1->1 state=2->2
22:12:24.306   706 opcode=0x03D9 elapsed_us=33.4 ret=1 flag=1->1 state=2->2
22:12:24.306   707 opcode=0x03D9 elapsed_us=32.5 ret=1 flag=1->1 state=2->2
22:12:24.307   708 opcode=0x03D9 elapsed_us=32.3 ret=1 flag=1->1 state=2->2
22:12:24.307   709 opcode=0x03D9 elapsed_us=32.5 ret=1 flag=1->1 state=2->2
22:12:24.307   710 opcode=0x03D9 elapsed_us=33.0 ret=1 flag=1->1 state=2->2
22:12:24.307   711 opcode=0x03D9 elapsed_us=32.3 ret=1 flag=1->1 state=2->2
22:12:24.307   712 opcode=0x03D9 elapsed_us=32.3 ret=1 flag=1->1 state=2->2
22:12:24.308   713 opcode=0x03D9 elapsed_us=32.9 ret=1 flag=1->1 state=2->2
22:12:25.090 ***** WATCH #2: 0x1415db360 ENTERED on tid 103868 while dispatching opcode 0x03D9 rcx=0x5199737 [0x00000000] rdx=0x7530 (as i32 30000) r8=0x75d1 r9=0xf0901ce9 (as i32 -258990871) called-from=0x144ee814f
      stack: 0x144ee814f(vm) 0x143d14364(?) 0x143d87000(vm) 0x144e5ef38(vm) 0x143add050(?) 0x143dea15c(vm) 0x14336e254(?) 0x143dea15c(vm) 0x143dea15c(vm) 0x142c4336b<-TEXT 0x143dea15c(vm) *****
22:12:25.311  1210 opcode=0x03E4 elapsed_us=89.3 ret=1 flag=1->1 state=2->2
22:12:25.321  1211 opcode=0x03E4 elapsed_us=73.2 ret=1 flag=1->1 state=2->2
22:12:25.321  1212 opcode=0x03E4 elapsed_us=47.0 ret=1 flag=1->1 state=2->2
22:12:25.321  1213 opcode=0x03E4 elapsed_us=38.4 ret=1 flag=1->1 state=2->2
22:12:25.321  1214 opcode=0x03E4 elapsed_us=33.1 ret=1 flag=1->1 state=2->2
22:12:25.322  1215 opcode=0x03E4 elapsed_us=33.3 ret=1 flag=1->1 state=2->2
22:12:25.322  1216 opcode=0x03E4 elapsed_us=32.6 ret=1 flag=1->1 state=2->2
22:12:25.322  1217 opcode=0x03E4 elapsed_us=32.2 ret=1 flag=1->1 state=2->2
22:12:25.322  1218 opcode=0x03E4 elapsed_us=31.1 ret=1 flag=1->1 state=2->2
22:12:25.323  1219 opcode=0x03E4 elapsed_us=31.4 ret=1 flag=1->1 state=2->2
22:12:25.323  1220 opcode=0x03E4 elapsed_us=30.9 ret=1 flag=1->1 state=2->2
22:12:25.323  1221 opcode=0x03E4 elapsed_us=30.8 ret=1 flag=1->1 state=2->2
22:12:25.323  1222 opcode=0x03E4 elapsed_us=31.1 ret=1 flag=1->1 state=2->2
22:12:25.323  1223 opcode=0x03E4 elapsed_us=31.1 ret=1 flag=1->1 state=2->2
22:12:25.324  1224 opcode=0x03E4 elapsed_us=32.6 ret=1 flag=1->1 state=2->2
22:12:25.324  1225 opcode=0x03E4 elapsed_us=30.9 ret=1 flag=1->1 state=2->2
22:12:25.324  1226 opcode=0x03E4 elapsed_us=31.2 ret=1 flag=1->1 state=2->2
22:12:25.324  1227 opcode=0x03E4 elapsed_us=30.6 ret=1 flag=1->1 state=2->2
22:12:25.324  1228 opcode=0x03E4 elapsed_us=30.9 ret=1 flag=1->1 state=2->2
22:12:25.325  1229 opcode=0x03E4 elapsed_us=30.8 ret=1 flag=1->1 state=2->2
22:12:25.325  1230 opcode=0x03E4 elapsed_us=30.9 ret=1 flag=1->1 state=2->2
22:12:25.325  1231 opcode=0x03E4 elapsed_us=30.6 ret=1 flag=1->1 state=2->2
22:12:25.325  1232 opcode=0x03E4 elapsed_us=30.8 ret=1 flag=1->1 state=2->2
22:12:25.326  1233 opcode=0x03E4 elapsed_us=30.9 ret=1 flag=1->1 state=2->2
22:12:25.326  1234 opcode=0x03E4 elapsed_us=30.6 ret=1 flag=1->1 state=2->2
22:12:25.326  1235 opcode=0x03E4 elapsed_us=30.7 ret=1 flag=1->1 state=2->2
22:12:25.326  1236 opcode=0x03E4 elapsed_us=30.9 ret=1 flag=1->1 state=2->2
22:12:25.326  1237 opcode=0x03E4 elapsed_us=30.9 ret=1 flag=1->1 state=2->2
22:12:25.327  1238 opcode=0x03E4 elapsed_us=30.8 ret=1 flag=1->1 state=2->2
22:12:25.327  1239 opcode=0x03E4 elapsed_us=30.6 ret=1 flag=1->1 state=2->2
22:12:25.381   714 opcode=0x03D9 elapsed_us=110.1 ret=1 flag=1->1 state=2->2
22:12:25.381   715 opcode=0x03D9 elapsed_us=65.8 ret=1 flag=1->1 state=2->2
22:12:25.381   716 opcode=0x03D9 elapsed_us=45.0 ret=1 flag=1->1 state=2->2
22:12:25.382   717 opcode=0x03D9 elapsed_us=41.0 ret=1 flag=1->1 state=2->2
22:12:25.382   718 opcode=0x03D9 elapsed_us=39.9 ret=1 flag=1->1 state=2->2
22:12:25.382   719 opcode=0x03D9 elapsed_us=33.5 ret=1 flag=1->1 state=2->2
22:12:25.382   720 opcode=0x03D9 elapsed_us=34.1 ret=1 flag=1->1 state=2->2
22:12:25.383   721 opcode=0x03D9 elapsed_us=34.2 ret=1 flag=1->1 state=2->2
22:12:25.383   722 opcode=0x03D9 elapsed_us=33.1 ret=1 flag=1->1 state=2->2
22:12:25.383   723 opcode=0x03D9 elapsed_us=32.9 ret=1 flag=1->1 state=2->2
22:12:25.383   724 opcode=0x03D9 elapsed_us=33.0 ret=1 flag=1->1 state=2->2
22:12:25.383   725 opcode=0x03D9 elapsed_us=32.5 ret=1 flag=1->1 state=2->2
22:12:25.384   726 opcode=0x03D9 elapsed_us=33.0 ret=1 flag=1->1 state=2->2
22:12:25.384   727 opcode=0x03D9 elapsed_us=32.0 ret=1 flag=1->1 state=2->2
22:12:25.384   728 opcode=0x03D9 elapsed_us=32.5 ret=1 flag=1->1 state=2->2
22:12:25.384   729 opcode=0x03D9 elapsed_us=32.4 ret=1 flag=1->1 state=2->2
22:12:25.385   730 opcode=0x03D9 elapsed_us=32.6 ret=1 flag=1->1 state=2->2
22:12:25.385   731 opcode=0x03D9 elapsed_us=32.3 ret=1 flag=1->1 state=2->2
22:12:25.385   732 opcode=0x03D9 elapsed_us=32.5 ret=1 flag=1->1 state=2->2
22:12:25.385   733 opcode=0x03D9 elapsed_us=32.4 ret=1 flag=1->1 state=2->2
22:12:25.385   734 opcode=0x03D9 elapsed_us=31.8 ret=1 flag=1->1 state=2->2
22:12:25.386   735 opcode=0x03D9 elapsed_us=33.2 ret=1 flag=1->1 state=2->2
22:12:25.386   736 opcode=0x03D9 elapsed_us=32.9 ret=1 flag=1->1 state=2->2
22:12:25.386   737 opcode=0x03D9 elapsed_us=32.9 ret=1 flag=1->1 state=2->2
22:12:25.386   738 opcode=0x03D9 elapsed_us=31.7 ret=1 flag=1->1 state=2->2
22:12:25.387   739 opcode=0x03D9 elapsed_us=32.4 ret=1 flag=1->1 state=2->2
22:12:25.387   740 opcode=0x03D9 elapsed_us=34.7 ret=1 flag=1->1 state=2->2
22:12:25.387   741 opcode=0x03D9 elapsed_us=33.4 ret=1 flag=1->1 state=2->2
22:12:25.387   742 opcode=0x03D9 elapsed_us=32.7 ret=1 flag=1->1 state=2->2
22:12:25.387   743 opcode=0x03D9 elapsed_us=32.4 ret=1 flag=1->1 state=2->2
22:12:25.792 ***** SESSION obj=0x6153a48 +0x2270=0x00 +0x227c=0x00 world=0 channel=0 -> no dialog (flag bit 2 clear) *****
22:12:26.173 ***** SESSION obj=0x617e158 +0x2270=0x00 +0x227c=0x00 world=0 channel=0 -> no dialog (flag bit 2 clear) *****
22:12:26.391  1240 opcode=0x03E4 elapsed_us=86.7 ret=1 flag=1->1 state=2->2
22:12:26.391  1241 opcode=0x03E4 elapsed_us=51.1 ret=1 flag=1->1 state=2->2
22:12:26.391  1242 opcode=0x03E4 elapsed_us=39.4 ret=1 flag=1->1 state=2->2
22:12:26.392  1243 opcode=0x03E4 elapsed_us=34.0 ret=1 flag=1->1 state=2->2
22:12:26.392  1244 opcode=0x03E4 elapsed_us=47.8 ret=1 flag=1->1 state=2->2
22:12:26.392  1245 opcode=0x03E4 elapsed_us=42.7 ret=1 flag=1->1 state=2->2
22:12:26.393  1246 opcode=0x03E4 elapsed_us=40.2 ret=1 flag=1->1 state=2->2
22:12:26.393  1247 opcode=0x03E4 elapsed_us=39.3 ret=1 flag=1->1 state=2->2
22:12:26.393  1248 opcode=0x03E4 elapsed_us=39.0 ret=1 flag=1->1 state=2->2
22:12:26.393  1249 opcode=0x03E4 elapsed_us=31.7 ret=1 flag=1->1 state=2->2
22:12:26.394  1250 opcode=0x03E4 elapsed_us=34.0 ret=1 flag=1->1 state=2->2
22:12:26.394  1251 opcode=0x03E4 elapsed_us=32.3 ret=1 flag=1->1 state=2->2
22:12:26.394  1252 opcode=0x03E4 elapsed_us=31.0 ret=1 flag=1->1 state=2->2
22:12:26.394  1253 opcode=0x03E4 elapsed_us=31.3 ret=1 flag=1->1 state=2->2
22:12:26.394  1254 opcode=0x03E4 elapsed_us=31.7 ret=1 flag=1->1 state=2->2
22:12:26.395  1255 opcode=0x03E4 elapsed_us=38.5 ret=1 flag=1->1 state=2->2
22:12:26.395  1256 opcode=0x03E4 elapsed_us=34.7 ret=1 flag=1->1 state=2->2
22:12:26.395  1257 opcode=0x03E4 elapsed_us=33.5 ret=1 flag=1->1 state=2->2
22:12:26.395  1258 opcode=0x03E4 elapsed_us=31.6 ret=1 flag=1->1 state=2->2
22:12:26.396  1259 opcode=0x03E4 elapsed_us=31.3 ret=1 flag=1->1 state=2->2
22:12:26.396  1260 opcode=0x03E4 elapsed_us=31.9 ret=1 flag=1->1 state=2->2
22:12:26.396  1261 opcode=0x03E4 elapsed_us=32.7 ret=1 flag=1->1 state=2->2
22:12:26.396  1262 opcode=0x03E4 elapsed_us=32.0 ret=1 flag=1->1 state=2->2
22:12:26.397  1263 opcode=0x03E4 elapsed_us=30.8 ret=1 flag=1->1 state=2->2
22:12:26.397  1264 opcode=0x03E4 elapsed_us=38.6 ret=1 flag=1->1 state=2->2
22:12:26.397  1265 opcode=0x03E4 elapsed_us=34.8 ret=1 flag=1->1 state=2->2
22:12:26.397  1266 opcode=0x03E4 elapsed_us=32.4 ret=1 flag=1->1 state=2->2
22:12:26.398  1267 opcode=0x03E4 elapsed_us=32.3 ret=1 flag=1->1 state=2->2
22:12:26.398  1268 opcode=0x03E4 elapsed_us=31.3 ret=1 flag=1->1 state=2->2
22:12:26.398  1269 opcode=0x03E4 elapsed_us=31.1 ret=1 flag=1->1 state=2->2
22:12:26.461   744 opcode=0x03D9 elapsed_us=101.6 ret=1 flag=1->1 state=2->2
22:12:26.461   745 opcode=0x03D9 elapsed_us=52.5 ret=1 flag=1->1 state=2->2
22:12:26.461   746 opcode=0x03D9 elapsed_us=37.9 ret=1 flag=1->1 state=2->2
22:12:26.462   747 opcode=0x03D9 elapsed_us=35.1 ret=1 flag=1->1 state=2->2
22:12:26.462   748 opcode=0x03D9 elapsed_us=34.4 ret=1 flag=1->1 state=2->2
22:12:26.462   749 opcode=0x03D9 elapsed_us=34.2 ret=1 flag=1->1 state=2->2
22:12:26.462   750 opcode=0x03D9 elapsed_us=40.6 ret=1 flag=1->1 state=2->2
22:12:26.463   751 opcode=0x03D9 elapsed_us=52.3 ret=1 flag=1->1 state=2->2
22:12:26.463   752 opcode=0x03D9 elapsed_us=39.8 ret=1 flag=1->1 state=2->2
22:12:26.463   753 opcode=0x03D9 elapsed_us=38.4 ret=1 flag=1->1 state=2->2
22:12:26.463   754 opcode=0x03D9 elapsed_us=32.7 ret=1 flag=1->1 state=2->2
22:12:26.464   755 opcode=0x03D9 elapsed_us=32.5 ret=1 flag=1->1 state=2->2
22:12:26.464   756 opcode=0x03D9 elapsed_us=32.8 ret=1 flag=1->1 state=2->2
22:12:26.464   757 opcode=0x03D9 elapsed_us=32.6 ret=1 flag=1->1 state=2->2
22:12:26.464   758 opcode=0x03D9 elapsed_us=31.7 ret=1 flag=1->1 state=2->2
22:12:26.464   759 opcode=0x03D9 elapsed_us=32.7 ret=1 flag=1->1 state=2->2
22:12:26.465   760 opcode=0x03D9 elapsed_us=32.8 ret=1 flag=1->1 state=2->2
22:12:26.465   761 opcode=0x03D9 elapsed_us=32.0 ret=1 flag=1->1 state=2->2
22:12:26.465   762 opcode=0x03D9 elapsed_us=33.4 ret=1 flag=1->1 state=2->2
22:12:26.465   763 opcode=0x03D9 elapsed_us=32.2 ret=1 flag=1->1 state=2->2
22:12:26.466   764 opcode=0x03D9 elapsed_us=31.6 ret=1 flag=1->1 state=2->2
22:12:26.466   765 opcode=0x03D9 elapsed_us=33.1 ret=1 flag=1->1 state=2->2
22:12:26.466   766 opcode=0x03D9 elapsed_us=32.8 ret=1 flag=1->1 state=2->2
22:12:26.466   767 opcode=0x03D9 elapsed_us=31.9 ret=1 flag=1->1 state=2->2
22:12:26.466   768 opcode=0x03D9 elapsed_us=31.6 ret=1 flag=1->1 state=2->2
22:12:26.467   769 opcode=0x03D9 elapsed_us=32.5 ret=1 flag=1->1 state=2->2
22:12:26.467   770 opcode=0x03D9 elapsed_us=31.9 ret=1 flag=1->1 state=2->2
22:12:26.467   771 opcode=0x03D9 elapsed_us=32.0 ret=1 flag=1->1 state=2->2
22:12:26.467   772 opcode=0x03D9 elapsed_us=31.6 ret=1 flag=1->1 state=2->2
22:12:26.467   773 opcode=0x03D9 elapsed_us=32.2 ret=1 flag=1->1 state=2->2
22:12:27.001   774 opcode=0x0453 elapsed_us=101.9 ret=1 flag=1->1 state=2->2
22:12:27.471  1270 opcode=0x03E4 elapsed_us=86.3 ret=1 flag=1->1 state=2->2
22:12:27.471  1271 opcode=0x03E4 elapsed_us=53.3 ret=1 flag=1->1 state=2->2
22:12:27.472  1272 opcode=0x03E4 elapsed_us=41.4 ret=1 flag=1->1 state=2->2
22:12:27.472  1273 opcode=0x03E4 elapsed_us=42.3 ret=1 flag=1->1 state=2->2
22:12:27.472  1274 opcode=0x03E4 elapsed_us=35.7 ret=1 flag=1->1 state=2->2
22:12:27.473  1275 opcode=0x03E4 elapsed_us=33.5 ret=1 flag=1->1 state=2->2
22:12:27.473  1276 opcode=0x03E4 elapsed_us=32.7 ret=1 flag=1->1 state=2->2
22:12:27.481  1277 opcode=0x03E4 elapsed_us=49.5 ret=1 flag=1->1 state=2->2
22:12:27.481  1278 opcode=0x03E4 elapsed_us=42.0 ret=1 flag=1->1 state=2->2
22:12:27.481  1279 opcode=0x03E4 elapsed_us=32.9 ret=1 flag=1->1 state=2->2
22:12:27.482  1280 opcode=0x03E4 elapsed_us=32.0 ret=1 flag=1->1 state=2->2
22:12:27.482  1281 opcode=0x03E4 elapsed_us=32.8 ret=1 flag=1->1 state=2->2
22:12:27.482  1282 opcode=0x03E4 elapsed_us=32.9 ret=1 flag=1->1 state=2->2
22:12:27.482  1283 opcode=0x03E4 elapsed_us=31.5 ret=1 flag=1->1 state=2->2
22:12:27.482  1284 opcode=0x03E4 elapsed_us=31.3 ret=1 flag=1->1 state=2->2
22:12:27.483  1285 opcode=0x03E4 elapsed_us=31.6 ret=1 flag=1->1 state=2->2
22:12:27.483  1286 opcode=0x03E4 elapsed_us=31.1 ret=1 flag=1->1 state=2->2
22:12:27.483  1287 opcode=0x03E4 elapsed_us=30.6 ret=1 flag=1->1 state=2->2
22:12:27.483  1288 opcode=0x03E4 elapsed_us=31.3 ret=1 flag=1->1 state=2->2
22:12:27.484  1289 opcode=0x03E4 elapsed_us=30.9 ret=1 flag=1->1 state=2->2
22:12:27.484  1290 opcode=0x03E4 elapsed_us=31.2 ret=1 flag=1->1 state=2->2
22:12:27.484  1291 opcode=0x03E4 elapsed_us=30.5 ret=1 flag=1->1 state=2->2
22:12:27.484  1292 opcode=0x03E4 elapsed_us=30.4 ret=1 flag=1->1 state=2->2
22:12:27.484  1293 opcode=0x03E4 elapsed_us=30.6 ret=1 flag=1->1 state=2->2
22:12:27.485  1294 opcode=0x03E4 elapsed_us=30.8 ret=1 flag=1->1 state=2->2
22:12:27.485  1295 opcode=0x03E4 elapsed_us=30.9 ret=1 flag=1->1 state=2->2
22:12:27.485  1296 opcode=0x03E4 elapsed_us=30.5 ret=1 flag=1->1 state=2->2
22:12:27.485  1297 opcode=0x03E4 elapsed_us=31.0 ret=1 flag=1->1 state=2->2
22:12:27.486  1298 opcode=0x03E4 elapsed_us=30.6 ret=1 flag=1->1 state=2->2
22:12:27.486  1299 opcode=0x03E4 elapsed_us=30.7 ret=1 flag=1->1 state=2->2
22:12:27.561   775 opcode=0x03D9 elapsed_us=112.3 ret=1 flag=1->1 state=2->2
22:12:27.561   776 opcode=0x03D9 elapsed_us=56.0 ret=1 flag=1->1 state=2->2
22:12:27.562   777 opcode=0x03D9 elapsed_us=39.2 ret=1 flag=1->1 state=2->2
22:12:27.562   778 opcode=0x03D9 elapsed_us=36.0 ret=1 flag=1->1 state=2->2
22:12:27.562   779 opcode=0x03D9 elapsed_us=35.6 ret=1 flag=1->1 state=2->2
22:12:27.562   780 opcode=0x03D9 elapsed_us=40.2 ret=1 flag=1->1 state=2->2
22:12:27.563   781 opcode=0x03D9 elapsed_us=39.9 ret=1 flag=1->1 state=2->2
22:12:27.563   782 opcode=0x03D9 elapsed_us=40.1 ret=1 flag=1->1 state=2->2
22:12:27.563   783 opcode=0x03D9 elapsed_us=37.3 ret=1 flag=1->1 state=2->2
22:12:27.563   784 opcode=0x03D9 elapsed_us=33.2 ret=1 flag=1->1 state=2->2
22:12:27.564   785 opcode=0x03D9 elapsed_us=32.4 ret=1 flag=1->1 state=2->2
22:12:27.564   786 opcode=0x03D9 elapsed_us=34.8 ret=1 flag=1->1 state=2->2
22:12:27.564   787 opcode=0x03D9 elapsed_us=32.9 ret=1 flag=1->1 state=2->2
22:12:27.564   788 opcode=0x03D9 elapsed_us=32.3 ret=1 flag=1->1 state=2->2
22:12:27.565   789 opcode=0x03D9 elapsed_us=32.4 ret=1 flag=1->1 state=2->2
22:12:27.565   790 opcode=0x03D9 elapsed_us=32.5 ret=1 flag=1->1 state=2->2
22:12:27.565   791 opcode=0x03D9 elapsed_us=33.3 ret=1 flag=1->1 state=2->2
22:12:27.565   792 opcode=0x03D9 elapsed_us=31.8 ret=1 flag=1->1 state=2->2
22:12:27.565   793 opcode=0x03D9 elapsed_us=31.9 ret=1 flag=1->1 state=2->2
22:12:27.566   794 opcode=0x03D9 elapsed_us=32.9 ret=1 flag=1->1 state=2->2
22:12:27.566   795 opcode=0x03D9 elapsed_us=31.4 ret=1 flag=1->1 state=2->2
22:12:27.566   796 opcode=0x03D9 elapsed_us=31.9 ret=1 flag=1->1 state=2->2
22:12:27.566   797 opcode=0x03D9 elapsed_us=31.9 ret=1 flag=1->1 state=2->2
22:12:27.566   798 opcode=0x03D9 elapsed_us=33.3 ret=1 flag=1->1 state=2->2
22:12:27.567   799 opcode=0x03D9 elapsed_us=31.8 ret=1 flag=1->1 state=2->2
22:12:27.567   800 opcode=0x03D9 elapsed_us=32.0 ret=1 flag=1->1 state=2->2
22:12:27.567   801 opcode=0x03D9 elapsed_us=32.2 ret=1 flag=1->1 state=2->2
22:12:27.567   802 opcode=0x03D9 elapsed_us=31.9 ret=1 flag=1->1 state=2->2
22:12:27.567   803 opcode=0x03D9 elapsed_us=32.5 ret=1 flag=1->1 state=2->2
22:12:27.568   804 opcode=0x03D9 elapsed_us=31.6 ret=1 flag=1->1 state=2->2
22:12:28.551  1300 opcode=0x03E4 elapsed_us=83.7 ret=1 flag=1->1 state=2->2
22:12:28.561  1301 opcode=0x03E4 elapsed_us=83.7 ret=1 flag=1->1 state=2->2
22:12:28.562  1302 opcode=0x03E4 elapsed_us=43.3 ret=1 flag=1->1 state=2->2
22:12:28.562  1303 opcode=0x03E4 elapsed_us=36.5 ret=1 flag=1->1 state=2->2
22:12:28.562  1304 opcode=0x03E4 elapsed_us=34.2 ret=1 flag=1->1 state=2->2
22:12:28.562  1305 opcode=0x03E4 elapsed_us=32.4 ret=1 flag=1->1 state=2->2
22:12:28.562  1306 opcode=0x03E4 elapsed_us=31.5 ret=1 flag=1->1 state=2->2
22:12:28.563  1307 opcode=0x03E4 elapsed_us=31.0 ret=1 flag=1->1 state=2->2
22:12:28.563  1308 opcode=0x03E4 elapsed_us=31.0 ret=1 flag=1->1 state=2->2
22:12:28.563  1309 opcode=0x03E4 elapsed_us=46.9 ret=1 flag=1->1 state=2->2
22:12:28.563  1310 opcode=0x03E4 elapsed_us=41.5 ret=1 flag=1->1 state=2->2
22:12:28.564  1311 opcode=0x03E4 elapsed_us=39.4 ret=1 flag=1->1 state=2->2
22:12:28.564  1312 opcode=0x03E4 elapsed_us=38.5 ret=1 flag=1->1 state=2->2
22:12:28.564  1313 opcode=0x03E4 elapsed_us=39.5 ret=1 flag=1->1 state=2->2
22:12:28.565  1314 opcode=0x03E4 elapsed_us=34.4 ret=1 flag=1->1 state=2->2
22:12:28.565  1315 opcode=0x03E4 elapsed_us=32.6 ret=1 flag=1->1 state=2->2
22:12:28.565  1316 opcode=0x03E4 elapsed_us=32.3 ret=1 flag=1->1 state=2->2
22:12:28.565  1317 opcode=0x03E4 elapsed_us=31.8 ret=1 flag=1->1 state=2->2
22:12:28.565  1318 opcode=0x03E4 elapsed_us=31.6 ret=1 flag=1->1 state=2->2
22:12:28.566  1319 opcode=0x03E4 elapsed_us=31.2 ret=1 flag=1->1 state=2->2
22:12:28.566  1320 opcode=0x03E4 elapsed_us=31.1 ret=1 flag=1->1 state=2->2
22:12:28.566  1321 opcode=0x03E4 elapsed_us=31.9 ret=1 flag=1->1 state=2->2
22:12:28.566  1322 opcode=0x03E4 elapsed_us=31.2 ret=1 flag=1->1 state=2->2
22:12:28.566  1323 opcode=0x03E4 elapsed_us=30.8 ret=1 flag=1->1 state=2->2
22:12:28.567  1324 opcode=0x03E4 elapsed_us=32.0 ret=1 flag=1->1 state=2->2
22:12:28.567  1325 opcode=0x03E4 elapsed_us=31.6 ret=1 flag=1->1 state=2->2
22:12:28.567  1326 opcode=0x03E4 elapsed_us=46.3 ret=1 flag=1->1 state=2->2
22:12:28.568  1327 opcode=0x03E4 elapsed_us=42.2 ret=1 flag=1->1 state=2->2
22:12:28.568  1328 opcode=0x03E4 elapsed_us=39.3 ret=1 flag=1->1 state=2->2
22:12:28.568  1329 opcode=0x03E4 elapsed_us=38.2 ret=1 flag=1->1 state=2->2
22:12:28.656   805 opcode=0x03D9 elapsed_us=144.3 ret=1 flag=1->1 state=2->2
22:12:28.656   806 opcode=0x03D9 elapsed_us=80.7 ret=1 flag=1->1 state=2->2
22:12:28.657   807 opcode=0x03D9 elapsed_us=60.7 ret=1 flag=1->1 state=2->2
22:12:28.657   808 opcode=0x03D9 elapsed_us=48.4 ret=1 flag=1->1 state=2->2
22:12:28.657   809 opcode=0x03D9 elapsed_us=42.2 ret=1 flag=1->1 state=2->2
22:12:28.657   810 opcode=0x03D9 elapsed_us=36.9 ret=1 flag=1->1 state=2->2
22:12:28.658   811 opcode=0x03D9 elapsed_us=35.7 ret=1 flag=1->1 state=2->2
22:12:28.658   812 opcode=0x03D9 elapsed_us=37.9 ret=1 flag=1->1 state=2->2
22:12:28.658   813 opcode=0x03D9 elapsed_us=36.1 ret=1 flag=1->1 state=2->2
22:12:28.658   814 opcode=0x03D9 elapsed_us=36.2 ret=1 flag=1->1 state=2->2
22:12:28.659   815 opcode=0x03D9 elapsed_us=33.7 ret=1 flag=1->1 state=2->2
22:12:28.659   816 opcode=0x03D9 elapsed_us=32.8 ret=1 flag=1->1 state=2->2
22:12:28.659   817 opcode=0x03D9 elapsed_us=40.0 ret=1 flag=1->1 state=2->2
22:12:28.660   818 opcode=0x03D9 elapsed_us=41.0 ret=1 flag=1->1 state=2->2
22:12:28.660   819 opcode=0x03D9 elapsed_us=40.5 ret=1 flag=1->1 state=2->2
22:12:28.660   820 opcode=0x03D9 elapsed_us=41.0 ret=1 flag=1->1 state=2->2
22:12:28.661   821 opcode=0x03D9 elapsed_us=36.9 ret=1 flag=1->1 state=2->2
22:12:28.661   822 opcode=0x03D9 elapsed_us=40.1 ret=1 flag=1->1 state=2->2
22:12:28.661   823 opcode=0x03D9 elapsed_us=35.8 ret=1 flag=1->1 state=2->2
22:12:28.662   824 opcode=0x03D9 elapsed_us=40.9 ret=1 flag=1->1 state=2->2
22:12:28.662   825 opcode=0x03D9 elapsed_us=36.6 ret=1 flag=1->1 state=2->2
22:12:28.662   826 opcode=0x03D9 elapsed_us=34.5 ret=1 flag=1->1 state=2->2
22:12:28.662   827 opcode=0x03D9 elapsed_us=34.0 ret=1 flag=1->1 state=2->2
22:12:28.663   828 opcode=0x03D9 elapsed_us=34.3 ret=1 flag=1->1 state=2->2
22:12:28.663   829 opcode=0x03D9 elapsed_us=32.4 ret=1 flag=1->1 state=2->2
22:12:28.663   830 opcode=0x03D9 elapsed_us=32.4 ret=1 flag=1->1 state=2->2
22:12:28.663   831 opcode=0x03D9 elapsed_us=32.7 ret=1 flag=1->1 state=2->2
22:12:28.663   832 opcode=0x03D9 elapsed_us=33.1 ret=1 flag=1->1 state=2->2
22:12:28.664   833 opcode=0x03D9 elapsed_us=31.6 ret=1 flag=1->1 state=2->2
22:12:28.664   834 opcode=0x03D9 elapsed_us=34.3 ret=1 flag=1->1 state=2->2
22:12:28.797 ***** SESSION obj=0x6153a48 +0x2270=0x00 +0x227c=0x00 world=0 channel=0 -> no dialog (flag bit 2 clear) *****
22:12:29.181 ***** SESSION obj=0x617e158 +0x2270=0x00 +0x227c=0x00 world=0 channel=0 -> no dialog (flag bit 2 clear) *****
22:12:29.631  1330 opcode=0x03E4 elapsed_us=92.7 ret=1 flag=1->1 state=2->2
22:12:29.631  1331 opcode=0x03E4 elapsed_us=58.1 ret=1 flag=1->1 state=2->2
22:12:29.631  1332 opcode=0x03E4 elapsed_us=45.9 ret=1 flag=1->1 state=2->2
22:12:29.631  1333 opcode=0x03E4 elapsed_us=33.9 ret=1 flag=1->1 state=2->2
22:12:29.632  1334 opcode=0x03E4 elapsed_us=31.9 ret=1 flag=1->1 state=2->2
22:12:29.632  1335 opcode=0x03E4 elapsed_us=31.8 ret=1 flag=1->1 state=2->2
22:12:29.632  1336 opcode=0x03E4 elapsed_us=31.6 ret=1 flag=1->1 state=2->2
22:12:29.632  1337 opcode=0x03E4 elapsed_us=31.8 ret=1 flag=1->1 state=2->2
22:12:29.633  1338 opcode=0x03E4 elapsed_us=30.5 ret=1 flag=1->1 state=2->2
22:12:29.633  1339 opcode=0x03E4 elapsed_us=30.8 ret=1 flag=1->1 state=2->2
22:12:29.633  1340 opcode=0x03E4 elapsed_us=31.3 ret=1 flag=1->1 state=2->2
22:12:29.633  1341 opcode=0x03E4 elapsed_us=30.5 ret=1 flag=1->1 state=2->2
22:12:29.634  1342 opcode=0x03E4 elapsed_us=63.4 ret=1 flag=1->1 state=2->2
22:12:29.634  1343 opcode=0x03E4 elapsed_us=56.9 ret=1 flag=1->1 state=2->2
22:12:29.634  1344 opcode=0x03E4 elapsed_us=42.8 ret=1 flag=1->1 state=2->2
22:12:29.635  1345 opcode=0x03E4 elapsed_us=38.5 ret=1 flag=1->1 state=2->2
22:12:29.635  1346 opcode=0x03E4 elapsed_us=34.1 ret=1 flag=1->1 state=2->2
22:12:29.635  1347 opcode=0x03E4 elapsed_us=32.4 ret=1 flag=1->1 state=2->2
22:12:29.635  1348 opcode=0x03E4 elapsed_us=32.9 ret=1 flag=1->1 state=2->2
22:12:29.635  1349 opcode=0x03E4 elapsed_us=31.9 ret=1 flag=1->1 state=2->2
22:12:29.636  1350 opcode=0x03E4 elapsed_us=31.0 ret=1 flag=1->1 state=2->2
22:12:29.636  1351 opcode=0x03E4 elapsed_us=31.0 ret=1 flag=1->1 state=2->2
22:12:29.636  1352 opcode=0x03E4 elapsed_us=30.7 ret=1 flag=1->1 state=2->2
22:12:29.636  1353 opcode=0x03E4 elapsed_us=30.7 ret=1 flag=1->1 state=2->2
22:12:29.637  1354 opcode=0x03E4 elapsed_us=31.2 ret=1 flag=1->1 state=2->2
22:12:29.637  1355 opcode=0x03E4 elapsed_us=30.8 ret=1 flag=1->1 state=2->2
22:12:29.637  1356 opcode=0x03E4 elapsed_us=30.6 ret=1 flag=1->1 state=2->2
22:12:29.637  1357 opcode=0x03E4 elapsed_us=30.5 ret=1 flag=1->1 state=2->2
22:12:29.637  1358 opcode=0x03E4 elapsed_us=30.8 ret=1 flag=1->1 state=2->2
22:12:29.638  1359 opcode=0x03E4 elapsed_us=30.4 ret=1 flag=1->1 state=2->2
22:12:29.721   835 opcode=0x03D9 elapsed_us=104.3 ret=1 flag=1->1 state=2->2
22:12:29.722   836 opcode=0x03D9 elapsed_us=55.3 ret=1 flag=1->1 state=2->2
22:12:29.722   837 opcode=0x03D9 elapsed_us=38.2 ret=1 flag=1->1 state=2->2
22:12:29.722   838 opcode=0x03D9 elapsed_us=35.6 ret=1 flag=1->1 state=2->2
22:12:29.722   839 opcode=0x03D9 elapsed_us=34.9 ret=1 flag=1->1 state=2->2
22:12:29.722   840 opcode=0x03D9 elapsed_us=33.3 ret=1 flag=1->1 state=2->2
22:12:29.723   841 opcode=0x03D9 elapsed_us=33.7 ret=1 flag=1->1 state=2->2
22:12:29.723   842 opcode=0x03D9 elapsed_us=32.8 ret=1 flag=1->1 state=2->2
22:12:29.723   843 opcode=0x03D9 elapsed_us=32.8 ret=1 flag=1->1 state=2->2
22:12:29.723   844 opcode=0x03D9 elapsed_us=33.3 ret=1 flag=1->1 state=2->2
22:12:29.724   845 opcode=0x03D9 elapsed_us=32.4 ret=1 flag=1->1 state=2->2
22:12:29.724   846 opcode=0x03D9 elapsed_us=32.1 ret=1 flag=1->1 state=2->2
22:12:29.724   847 opcode=0x03D9 elapsed_us=32.6 ret=1 flag=1->1 state=2->2
22:12:29.724   848 opcode=0x03D9 elapsed_us=31.9 ret=1 flag=1->1 state=2->2
22:12:29.724   849 opcode=0x03D9 elapsed_us=32.2 ret=1 flag=1->1 state=2->2
22:12:29.725   850 opcode=0x03D9 elapsed_us=32.4 ret=1 flag=1->1 state=2->2
22:12:29.725   851 opcode=0x03D9 elapsed_us=32.0 ret=1 flag=1->1 state=2->2
22:12:29.725   852 opcode=0x03D9 elapsed_us=31.9 ret=1 flag=1->1 state=2->2
22:12:29.725   853 opcode=0x03D9 elapsed_us=32.2 ret=1 flag=1->1 state=2->2
22:12:29.726   854 opcode=0x03D9 elapsed_us=31.9 ret=1 flag=1->1 state=2->2
22:12:29.726   855 opcode=0x03D9 elapsed_us=32.8 ret=1 flag=1->1 state=2->2
22:12:29.726   856 opcode=0x03D9 elapsed_us=31.5 ret=1 flag=1->1 state=2->2
22:12:29.726   857 opcode=0x03D9 elapsed_us=48.6 ret=1 flag=1->1 state=2->2
22:12:29.727   858 opcode=0x03D9 elapsed_us=44.0 ret=1 flag=1->1 state=2->2
22:12:29.727   859 opcode=0x03D9 elapsed_us=40.5 ret=1 flag=1->1 state=2->2
22:12:29.727   860 opcode=0x03D9 elapsed_us=49.2 ret=1 flag=1->1 state=2->2
22:12:29.727   861 opcode=0x03D9 elapsed_us=43.8 ret=1 flag=1->1 state=2->2
22:12:29.728   862 opcode=0x03D9 elapsed_us=40.5 ret=1 flag=1->1 state=2->2
22:12:29.728   863 opcode=0x03D9 elapsed_us=39.8 ret=1 flag=1->1 state=2->2
22:12:29.728   864 opcode=0x03D9 elapsed_us=40.4 ret=1 flag=1->1 state=2->2
22:12:30.152   865 opcode=0x0453 elapsed_us=352.9 ret=1 flag=1->1 state=2->2
22:12:30.711  1360 opcode=0x03E4 elapsed_us=88.7 ret=1 flag=1->1 state=2->2
22:12:30.711  1361 opcode=0x03E4 elapsed_us=53.2 ret=1 flag=1->1 state=2->2
22:12:30.712  1362 opcode=0x03E4 elapsed_us=46.2 ret=1 flag=1->1 state=2->2
22:12:30.712  1363 opcode=0x03E4 elapsed_us=41.2 ret=1 flag=1->1 state=2->2
22:12:30.712  1364 opcode=0x03E4 elapsed_us=39.9 ret=1 flag=1->1 state=2->2
22:12:30.712  1365 opcode=0x03E4 elapsed_us=37.7 ret=1 flag=1->1 state=2->2
22:12:30.713  1366 opcode=0x03E4 elapsed_us=31.6 ret=1 flag=1->1 state=2->2
22:12:30.713  1367 opcode=0x03E4 elapsed_us=46.7 ret=1 flag=1->1 state=2->2
22:12:30.713  1368 opcode=0x03E4 elapsed_us=41.5 ret=1 flag=1->1 state=2->2
22:12:30.713  1369 opcode=0x03E4 elapsed_us=40.3 ret=1 flag=1->1 state=2->2
22:12:30.714  1370 opcode=0x03E4 elapsed_us=39.7 ret=1 flag=1->1 state=2->2
22:12:30.714  1371 opcode=0x03E4 elapsed_us=38.7 ret=1 flag=1->1 state=2->2
22:12:30.714  1372 opcode=0x03E4 elapsed_us=38.2 ret=1 flag=1->1 state=2->2
22:12:30.714  1373 opcode=0x03E4 elapsed_us=30.9 ret=1 flag=1->1 state=2->2
22:12:30.715  1374 opcode=0x03E4 elapsed_us=32.3 ret=1 flag=1->1 state=2->2
22:12:30.715  1375 opcode=0x03E4 elapsed_us=31.7 ret=1 flag=1->1 state=2->2
22:12:30.715  1376 opcode=0x03E4 elapsed_us=31.8 ret=1 flag=1->1 state=2->2
22:12:30.715  1377 opcode=0x03E4 elapsed_us=31.0 ret=1 flag=1->1 state=2->2
22:12:30.716  1378 opcode=0x03E4 elapsed_us=30.9 ret=1 flag=1->1 state=2->2
22:12:30.716  1379 opcode=0x03E4 elapsed_us=32.4 ret=1 flag=1->1 state=2->2
22:12:30.716  1380 opcode=0x03E4 elapsed_us=32.1 ret=1 flag=1->1 state=2->2
22:12:30.716  1381 opcode=0x03E4 elapsed_us=30.8 ret=1 flag=1->1 state=2->2
22:12:30.717  1382 opcode=0x03E4 elapsed_us=31.5 ret=1 flag=1->1 state=2->2
22:12:30.717  1383 opcode=0x03E4 elapsed_us=31.9 ret=1 flag=1->1 state=2->2
22:12:30.717  1384 opcode=0x03E4 elapsed_us=30.9 ret=1 flag=1->1 state=2->2
22:12:30.717  1385 opcode=0x03E4 elapsed_us=30.7 ret=1 flag=1->1 state=2->2
22:12:30.717  1386 opcode=0x03E4 elapsed_us=38.4 ret=1 flag=1->1 state=2->2
22:12:30.718  1387 opcode=0x03E4 elapsed_us=34.4 ret=1 flag=1->1 state=2->2
22:12:30.718  1388 opcode=0x03E4 elapsed_us=38.4 ret=1 flag=1->1 state=2->2
22:12:30.718  1389 opcode=0x03E4 elapsed_us=33.9 ret=1 flag=1->1 state=2->2
22:12:30.801   866 opcode=0x03D9 elapsed_us=102.8 ret=1 flag=1->1 state=2->2
22:12:30.802   867 opcode=0x03D9 elapsed_us=37.5 ret=1 flag=1->1 state=2->2
22:12:30.802   868 opcode=0x03D9 elapsed_us=35.7 ret=1 flag=1->1 state=2->2
22:12:30.802   869 opcode=0x03D9 elapsed_us=34.3 ret=1 flag=1->1 state=2->2
22:12:30.802   870 opcode=0x03D9 elapsed_us=46.9 ret=1 flag=1->1 state=2->2
22:12:30.802   871 opcode=0x03D9 elapsed_us=36.8 ret=1 flag=1->1 state=2->2
22:12:30.803   872 opcode=0x03D9 elapsed_us=35.8 ret=1 flag=1->1 state=2->2
22:12:30.803   873 opcode=0x03D9 elapsed_us=34.1 ret=1 flag=1->1 state=2->2
22:12:30.803   874 opcode=0x03D9 elapsed_us=34.1 ret=1 flag=1->1 state=2->2
22:12:30.803   875 opcode=0x03D9 elapsed_us=36.5 ret=1 flag=1->1 state=2->2
22:12:30.804   876 opcode=0x03D9 elapsed_us=32.7 ret=1 flag=1->1 state=2->2
22:12:30.804   877 opcode=0x03D9 elapsed_us=32.1 ret=1 flag=1->1 state=2->2
22:12:30.804   878 opcode=0x03D9 elapsed_us=32.0 ret=1 flag=1->1 state=2->2
22:12:30.804   879 opcode=0x03D9 elapsed_us=31.7 ret=1 flag=1->1 state=2->2
22:12:30.804   880 opcode=0x03D9 elapsed_us=32.5 ret=1 flag=1->1 state=2->2
22:12:30.805   881 opcode=0x03D9 elapsed_us=32.4 ret=1 flag=1->1 state=2->2
22:12:30.805   882 opcode=0x03D9 elapsed_us=32.5 ret=1 flag=1->1 state=2->2
22:12:30.805   883 opcode=0x03D9 elapsed_us=32.1 ret=1 flag=1->1 state=2->2
22:12:30.805   884 opcode=0x03D9 elapsed_us=32.4 ret=1 flag=1->1 state=2->2
22:12:30.806   885 opcode=0x03D9 elapsed_us=31.9 ret=1 flag=1->1 state=2->2
22:12:30.806   886 opcode=0x03D9 elapsed_us=31.9 ret=1 flag=1->1 state=2->2
22:12:30.806   887 opcode=0x03D9 elapsed_us=32.0 ret=1 flag=1->1 state=2->2
22:12:30.806   888 opcode=0x03D9 elapsed_us=31.8 ret=1 flag=1->1 state=2->2
22:12:30.806   889 opcode=0x03D9 elapsed_us=33.1 ret=1 flag=1->1 state=2->2
22:12:30.807   890 opcode=0x03D9 elapsed_us=31.7 ret=1 flag=1->1 state=2->2
22:12:30.807   891 opcode=0x03D9 elapsed_us=31.8 ret=1 flag=1->1 state=2->2
22:12:30.807   892 opcode=0x03D9 elapsed_us=32.7 ret=1 flag=1->1 state=2->2
22:12:30.807   893 opcode=0x03D9 elapsed_us=32.6 ret=1 flag=1->1 state=2->2
22:12:30.807   894 opcode=0x03D9 elapsed_us=31.6 ret=1 flag=1->1 state=2->2
22:12:30.808   895 opcode=0x03D9 elapsed_us=33.0 ret=1 flag=1->1 state=2->2
22:12:31.151  1390 opcode=0x0453 elapsed_us=105.2 ret=1 flag=1->1 state=2->2
22:12:31.482  1391 opcode=0x0453 elapsed_us=236.2 ret=1 flag=1->1 state=2->2
22:12:31.502   896 opcode=0x0453 elapsed_us=98.2 ret=1 flag=1->1 state=2->2
22:12:31.713   897 opcode=0x00A5 elapsed_us=1600.9 ret=1 flag=1->1 state=2->2
22:12:31.713 ***** C++ THROW #5 at 0x7ffaaf455369 in KERNELBASE.dll on tid 103868 at +38609ms
      stack: 0x143a3b118(?) 0x143a3b118(?) 0x143acc710(?) 0x144fe3010(vm) 0x143a3b118(?) 0x142ef6ddc<-TEXT 0x1401d67aa<-TEXT 0x143a3b118(?) 0x1406e8cb1<-TEXT 0x1406e90e8<-TEXT 0x14019b7eb<-TEXT 0x1406f2fed<-TEXT 0x143acc700(?) 0x1413bc15d<-TEXT *****
22:12:31.715 ***** C++ THROW #6 at 0x7ffaaf455369 in KERNELBASE.dll on tid 103868 at +38609ms
      stack: 0x143a3b118(?) 0x143a3b118(?) 0x144fe3010(vm) 0x143a3b118(?) 0x142ef6ddc<-TEXT 0x143a3b118(?) 0x142fa8164<-TEXT 0x142f04370<-TEXT 0x142fa811e<-TEXT 0x142efb305<-TEXT 0x142fa811e<-TEXT 0x142fa811e<-TEXT 0x1406e8cb1<-TEXT 0x143acc710(?) 0x143acc700(?) 0x1406e8cb1<-TEXT *****
22:12:31.717 ***** C++ THROW #7 at 0x7ffaaf455369 in KERNELBASE.dll on tid 103868 at +38609ms
      stack: 0x143a3b118(?) 0x143a3b118(?) 0x143271f04(?) 0x1433d5e98(?) 0x144fe3010(vm) 0x141804bfe<-TEXT 0x143a3b118(?) 0x142ef6ddc<-TEXT 0x1433d5e98(?) 0x143a3b118(?) 0x1418049e8<-TEXT 0x1433d5e74(?) 0x143271f04(?) 0x142c87a0b<-TEXT 0x143271f04(?) 0x143acedf0(?) *****
22:12:31.792  1392 opcode=0x03E4 elapsed_us=98.4 ret=2 flag=1->1 state=2->2
22:12:31.792 ***** C++ THROW #5 at 0x7ffaaf455369 in KERNELBASE.dll on tid 103200 at +60125ms
      stack: 0x143a3b118(?) 0x143a3b118(?) 0x143acc710(?) 0x144fe3010(vm) 0x143a3b118(?) 0x142ef6ddc<-TEXT 0x1401d67aa<-TEXT 0x143a3b118(?) 0x1406e8cb1<-TEXT 0x1406e90e8<-TEXT 0x14019b7eb<-TEXT 0x1406f2fed<-TEXT 0x143acc700(?) 0x1413bc0c5<-TEXT *****
22:12:31.795 ***** C++ THROW #6 at 0x7ffaaf455369 in KERNELBASE.dll on tid 103200 at +60125ms
      stack: 0x143a3b118(?) 0x143a3b118(?) 0x144fe3010(vm) 0x143a3b118(?) 0x142ef6ddc<-TEXT 0x143a3b118(?) 0x142fa8164<-TEXT 0x142f04370<-TEXT 0x142fa811e<-TEXT 0x142efb305<-TEXT 0x142fa811e<-TEXT 0x142fa811e<-TEXT 0x1406e8cb1<-TEXT 0x143acc710(?) 0x143acc700(?) 0x1406e8cb1<-TEXT *****
22:12:31.797 ***** C++ THROW #7 at 0x7ffaaf455369 in KERNELBASE.dll on tid 103200 at +60125ms
      stack: 0x143a3b118(?) 0x143a3b118(?) 0x143271f04(?) 0x1433d5e98(?) 0x144fe3010(vm) 0x141804bfe<-TEXT 0x143a3b118(?) 0x142ef6ddc<-TEXT 0x1433d5e98(?) 0x143a3b118(?) 0x1418049e8<-TEXT 0x1433d5e74(?) 0x143271f04(?) 0x142c87a0b<-TEXT 0x143271f04(?) 0x143acedf0(?) *****
22:12:31.797 ***** C++ THROW #8 at 0x7ffaaf455369 in KERNELBASE.dll on tid 103200 at +60125ms
      stack: 0x143a3b118(?) 0x143a3b118(?) 0x143271f04(?) 0x1433d5e98(?) 0x144fe3010(vm) 0x141804bfe<-TEXT 0x143a3b118(?) 0x142ef6ddc<-TEXT 0x1433d5e98(?) 0x143a3b118(?) 0x1418049e8<-TEXT 0x1433d5e74(?) 0x143271f04(?) 0x142c87a0b<-TEXT 0x143271f04(?) 0x143acedf0(?) *****
22:12:31.804 ***** SESSION obj=0x6153a48 +0x2270=0x00 +0x227c=0x00 world=0 channel=0 -> no dialog (flag bit 2 clear) *****
22:12:32.189 ***** SESSION obj=0x617e158 +0x2270=0x00 +0x227c=0x00 world=0 channel=0 -> no dialog (flag bit 2 clear) *****
22:12:34.812 ***** SOCKET conn=0x5ab6f08 +0x20=0xffffffffffffffff - closed and cleared by the client (FUN_1415e3b60 ran) *****
22:12:34.816 ***** SOCKET conn=0x60939a8 +0x20=0xffffffffffffffff - closed and cleared by the client (FUN_1415e3b60 ran) *****
22:12:34.817 ***** SESSION obj=0x6153a48 +0x2270=0x00 +0x227c=0x00 world=0 channel=0 -> no dialog (flag bit 2 clear) *****
