20:40:05.605 instance: ARMING in pid 779772 - marker maplecw-hook.multiclient present, this is the FIRST client on this desktop, so the guard will be LOGGED ONLY (first client behaves exactly as before)
20:40:05.605 instance: hooked user32.dll!FindWindowW at 0x7ff8d5453bc0, stole 14 bytes (48 89 5c 24 08 48 89 7c 24 10 55 48 8b ec 48 83)
20:40:05.605 instance: hooked user32.dll!FindWindowA at 0x7ff8d54aab90, stole 12 bytes (48 83 ec 38 4c 8b ca 4c 8b c1 33 d2 33 c9 e8 75)
20:40:05.605 instance: redirected kernel32.dll!CreateMutexW by rewriting its forwarder slot at 0x7ff8d6e655f0 (0x7ff8d4ab7230 -> 0x7ff8947c8560). No code was modified; callers that reach kernelbase by another route are unaffected
20:40:05.605 instance: redirected kernel32.dll!CreateMutexA by rewriting its forwarder slot at 0x7ff8d6e65520 (0x7ff8d4b07460 -> 0x7ff8947c8200). No code was modified; callers that reach kernelbase by another route are unaffected
20:40:05.807 instance: CreateMutexA(name="Global\\WvsClientMtx") already_existed=false -> we are the first to create it
20:40:07.987 install_once: our code IS running. env=false marker=true -> installing
20:40:08.039 install: .text settled after 51 ms (deadline 5000 ms) - the client's login dialog fires around 4.5 s after connect, so this margin is what decides whether the suppression lands
20:40:08.039 install: base=0x140000000 target=0x1415d60e0
20:40:08.039 probe: entries to 0x1415db360 will RETURN IMMEDIATELY - THIS IS A CLIENT PATCH
20:40:08.040 probe: watching 0x1415db360 (slot 0), int3 verified - will report every entry with tid and rcx/rdx/r8/r9 (first 32)
20:40:08.040 probe: will FORCE rdx=0x0 on every entry to 0x141b2a280
20:40:08.040 session: watching DAT_143aa84a0 at 0x143aa84a0 (+0x2270 flags, +0x227c status), mode="mode=2,create=on,guardpage=0x20+0x40"
20:40:08.040 probe: watching 0x141b2a280 (slot 1), int3 verified - will report every entry with tid and rcx/rdx/r8/r9 (first 32)
20:40:08.040 probe: watch on 0x142ef3e44 will log up to 8 hits
20:40:08.040 probe: watching 0x142ef3e44 (slot 2), int3 verified - will report every entry with tid and rcx/rdx/r8/r9 (first 8)
20:40:08.040 probe: watch on 0x141177790 will log up to 6 hits
20:40:08.040 probe: watching 0x141177790 (slot 3), int3 verified - will report every entry with tid and rcx/rdx/r8/r9 (first 6)
20:40:08.040 probe: watch on 0x141177e80 will log up to 16 hits
20:40:08.040 probe: watching 0x141177e80 (slot 4), int3 verified - will report every entry with tid and rcx/rdx/r8/r9 (first 16)
20:40:08.041 BEAUTYTEXT: patched 0x1432e8f2e - string 0x0464 now reads 'Would you like to use #fc0xff000000#%s?', so the Beauty Coupon dialog draws the item name in BLACK. If it is still white on screen, the client decrypted the table before this hook ran; the fallback is the same six bytes in the exe file
20:40:08.041 identity: maplecw-hook.identity read and DELETED - the token now exists only in this process, and cannot be picked up by a later run
20:40:08.109 identity: armed on FUN_142c50400 at 0x142c50400 (trampoline 0x3ca0000), 26 byte token from maplecw-hook.identity. It was a PLAIN-TEXT LOCAL SECRET on disk until the line above deleted it: anything running as this user could have read it, which is the same power as being this launch. It is one-time, and the server keeps only its SHA-256
20:40:08.109 install: hook active
20:40:08.172 ***** GUARD PAGE ARMED: size class(es) 0x20+0x40 are served one-slot-per-page from a 32 GB reserve (8388608 slots) at 0x180060000 and DECOMMITTED on free, each address held back for 600s before it can be handed out again. SIZED FROM THE 12:01 RUN: 0x20 burst to 627172 in its first minute then ran at 1560/s, so ONE class needs 1469572 slots for its first retirement window (936000 once it is turning over) - the old 1048576-slot cursor was spent at six minutes and 419588 allocations fell back. Against that requirement this reserve has 2.8x of headroom for the 2 class(es) armed, IF they churn like 0x20 - which is measured for 0x20 and unmeasured for the other three, so read the 'pool allocations seen by class' counters in the heartbeat. Metadata is committed lazily, so arming costs 33 MB now and grows with the cursor instead of 320 MB up front. Committed PAGE memory is bounded by the LIVE set, not by the cursor: 0x20 held ~26000 live slots all run, which is 101 MB, so expect roughly that per class rather than the 230 MB predicted before that launch. A stale write or read into a freed slot faults at the instruction that makes it, which the handler logs (RIP, target, who allocated, who freed, how long ago) and recommits so the client continues. control PASS. The pool's own chain, free list and counters are untouched - our slots take the HeapFree arm, and that arm is chosen by the header value ALONE, so one stamp 0x100 covers every class at once *****
20:40:08.240 session: object at 0x6098898 is now readable
20:40:08.241 ***** SESSION obj=0x6098898 +0x2270=0x00 +0x227c=0x00 world=0 channel=0 -> no dialog (flag bit 2 clear) *****
20:40:08.669 guard page: the FIRST free of class 0x20 came back through our HeapFree shim - that class's free path IS intercepted and its slots are being decommitted. (This is the control: a class that is served and never freed would leak and the heartbeat would say so.)
20:40:08.669 guard page: the FIRST free of class 0x40 came back through our HeapFree shim - that class's free path IS intercepted and its slots are being decommitted. (This is the control: a class that is served and never freed would leak and the heartbeat would say so.)
20:40:09.263     0 opcode=0x0032 elapsed_us=54.5 ret=111595296 flag=0->1 state=0->2
20:40:09.264 ***** OPCODE 0x0032 RELEASED THE STARTUP LOOP (conn+0x150 0->1, Data.wz hash now 0x00000000) *****
20:40:09.444 ***** SOCKET conn=0x603d818 +0x20=0x668 - the client holds a socket *****
20:40:09.580 ***** C++ THROW #1 at 0x7ff8d4ab5369 in KERNELBASE.dll on tid 754312 at +1547ms
      stack: 0x145173000(?) 0x143a3b0c0(?) 0x143a3b0c0(?) 0x144fe3010(vm) 0x143a3b0c0(?) 0x142ef6ddc<-TEXT 0x143a3b0c0(?) 0x140001000<-TEXT 0x142ef3bb7<-TEXT 0x1432743e8(?) 0x143272460(?) 0x142ef3b78<-TEXT 0x1432743e8(?) 0x1432abe30(?) 0x1403da5d3<-TEXT 0x143d87000(vm) *****
20:40:09.662     1 opcode=0x0032 elapsed_us=54.8 ret=1 flag=1->1 state=2->2
20:40:10.046 ***** SOCKET 0x668 is now VALID (client still holds it) *****
20:40:10.118 ***** POOL SENTRY ARMED: pool ctx 0x143ad68a0, every 100 ms (all four buckets every 10), heartbeat 60 s, up to 0 dump(s). REPAIR IS ON: a confirmed damaged header is put back to the slot size, which is the ONE client byte this module ever writes - it turns a fatal free into a correct one and does NOT stop the writer. No lock is taken either way. The writer runs on a 180-SECOND CLOCK - six catches, four intervals, all 180.0 s within 0.12 s (research/the-180-second-clock-2026-09-07.md) - so after the first catch the next one is predictable, and silence for longer than that is itself the news.
      bucket 0 slot 0x10: 577 chunks, 36928 slots, 0 not equal to the slot size; walk ended ListEnd; carve identity 36928 vs carved 37056 [FAIL]
      bucket 1 slot 0x20: 1029 chunks, 32928 slots, 0 not equal to the slot size; walk ended ListEnd; carve identity 32928 vs carved 32928 [PASS]
      bucket 2 slot 0x40: 316 chunks, 5056 slots, 0 not equal to the slot size; walk ended ListEnd; carve identity 5056 vs carved 5056 [PASS]
      bucket 3 slot 0x80: 887 chunks, 7096 slots, 0 not equal to the slot size; walk ended ListEnd; carve identity 7096 vs carved 7096 [PASS] *****
20:40:10.331 ***** C++ THROW #2 at 0x7ff8d4ab5369 in KERNELBASE.dll on tid 780928 at +2297ms
      stack: 0x143a3b0c0(?) 0x143a3b0c0(?) 0x144fe3010(vm) 0x143a3b0c0(?) 0x142ef6ddc<-TEXT 0x1433d3650(?) 0x143a3b0c0(?) 0x142ef3bb7<-TEXT 0x1432743e8(?) 0x143272460(?) 0x142ef3b78<-TEXT 0x1432743e8(?) 0x1417810d0<-TEXT 0x140001000<-TEXT 0x143ad68a0(?) 0x141780d4c<-TEXT *****
20:40:11.049 ***** SESSION obj=0x6098898 +0x2270=0x00 +0x227c=0x00 world=0 channel=0 -> no dialog (flag bit 2 clear) *****
20:40:11.867 ***** IDENTITY wrote 26 bytes into 0x14f9f0+0x1b8 on getter entry #1 (block 0x32057378, refcount held at 2 so the session destructor cannot free it). The token itself is NOT logged. login.log should now show `0x0073 IDENTITY: ... identity length=26` - if it shows 0, the client dropped it between here and w_str *****
20:40:11.972     2 opcode=0x0000 elapsed_us=367.9 ret=1 flag=1->1 state=2->2
20:40:11.972 ***** SESSION mode patched at 0x14f9f0+0x68: 5 -> 2 - the tick should no longer auto-login, and Login should transition to CharSelect *****
20:40:11.973     3 opcode=0x000B elapsed_us=200.1 ret=1 flag=1->1 state=2->2
20:40:11.973     4 opcode=0x000B elapsed_us=173.2 ret=1 flag=1->1 state=2->2
20:40:12.405 ***** SESSION called FUN_140c9e230 at 0x140c9e230 - the create-character flag should now read 1. THIS IS A CLIENT PATCH: the real service sets it from virtualised code, so this proves the button's gate, not the protocol *****
20:40:12.405 ***** SELECTFILL: the select UI is not built yet after this 0x0010 - the build will fill from the decoded list; nothing called *****
20:40:12.405     5 opcode=0x0010 elapsed_us=3947.7 ret=1 flag=1->1 state=2->2
20:40:12.477 ***** WATCH #1: 0x141177790 ENTERED on tid 754312 while dispatching opcode 0x0010 rcx=0x501167c8 [0x43387f80] rdx=0x0 (as i32 0) r8=0x1533fd530 r9=0x8e (as i32 142) called-from=0x142bf3cce
      stack: 0x142bf3cce<-TEXT 0x142ef4541<-TEXT 0x143ad68a0(?) 0x14117c9e0<-TEXT 0x14117ca35<-TEXT 0x140331540<-TEXT 0x142ef4541<-TEXT 0x141177613<-TEXT 0x143271f04(?) 0x143271f04(?) 0x141b28059<-TEXT 0x141b3f300<-TEXT 0x140e0b2a0<-TEXT 0x143d87000(vm) 0x141b3f010<-TEXT 0x141b24fb8<-TEXT *****
20:40:12.486 ***** WATCH #1: 0x141177e80 ENTERED on tid 754312 while dispatching opcode 0x0010 rcx=0x501167c8 [0x43387f80] rdx=0x0 (as i32 0) r8=0x14dd40 r9=0x27e95730 (as i32 669603632) called-from=0x14117784d
      stack: 0x14117784d<-TEXT 0x142bf3cce<-TEXT 0x142ef4541<-TEXT 0x143ad68a0(?) 0x14117c9e0<-TEXT 0x14117ca35<-TEXT 0x140331540<-TEXT 0x142ef4541<-TEXT 0x141177613<-TEXT 0x143271f04(?) 0x143271f04(?) 0x141b28059<-TEXT 0x141b3f300<-TEXT 0x140e0b2a0<-TEXT 0x143d87000(vm) 0x141b3f010<-TEXT *****
20:40:12.550 ***** WATCH #2: 0x141177e80 ENTERED on tid 754312 while dispatching opcode 0x0010 rcx=0x501167c8 [0x43387f80] rdx=0x1 (as i32 1) r8=0x14dda8 r9=0xfffb (as i32 65531) called-from=0x14117784d
      stack: 0x14117784d<-TEXT 0x142bf3cce<-TEXT 0x142ef4541<-TEXT 0x143ad68a0(?) 0x14117c9e0<-TEXT 0x14117ca35<-TEXT 0x140331540<-TEXT 0x142ef4541<-TEXT 0x141177613<-TEXT 0x143271f04(?) 0x143271f04(?) 0x141b28059<-TEXT 0x141b3f300<-TEXT 0x140e0b2a0<-TEXT 0x143d87000(vm) 0x141b3f010<-TEXT *****
20:40:12.603 ***** WATCH #3: 0x141177e80 ENTERED on tid 754312 while dispatching opcode 0x0010 rcx=0x501167c8 [0x43387f80] rdx=0x2 (as i32 2) r8=0x14dda8 r9=0xfffb (as i32 65531) called-from=0x14117784d
      stack: 0x14117784d<-TEXT 0x142bf3cce<-TEXT 0x142ef4541<-TEXT 0x143ad68a0(?) 0x14117c9e0<-TEXT 0x14117ca35<-TEXT 0x140331540<-TEXT 0x142ef4541<-TEXT 0x141177613<-TEXT 0x143271f04(?) 0x143271f04(?) 0x141b28059<-TEXT 0x141b3f300<-TEXT 0x140e0b2a0<-TEXT 0x143d87000(vm) 0x141b3f010<-TEXT *****
20:40:13.007 ***** SESSION re-armed the create-character flag on a later login result - the handshake zeroes it on every success, so this has to run per login, not once per launch *****
20:40:13.007 ***** WATCH #4: 0x141177e80 ENTERED on tid 754312 while dispatching opcode 0x0010 rcx=0x501167c8 [0x43387f80] rdx=0x0 (as i32 0) r8=0x14e628 r9=0x14e6f0 (as i32 1369840) called-from=0x141177e5a
      stack: 0x141177e5a<-TEXT 0x141177e40<-TEXT 0x143aca790(?) 0x141177e40<-TEXT 0x141177000<-TEXT 0x143d87000(vm) 0x1415d3946<-TEXT 0x143d87000(vm) 0x1415d33aa<-TEXT 0x142c8d6eb<-TEXT *****
20:40:13.015 ***** WATCH #5: 0x141177e80 ENTERED on tid 754312 while dispatching opcode 0x0010 rcx=0x501167c8 [0x43387f80] rdx=0x1 (as i32 1) r8=0x14e0f8 r9=0xfffb (as i32 65531) called-from=0x141177e5a
      stack: 0x141177e5a<-TEXT 0x141177e40<-TEXT 0x143aca790(?) 0x141177e40<-TEXT 0x141177000<-TEXT 0x143d87000(vm) 0x1415d3946<-TEXT 0x143d87000(vm) 0x1415d33aa<-TEXT 0x142c8d6eb<-TEXT *****
20:40:13.020 ***** WATCH #6: 0x141177e80 ENTERED on tid 754312 while dispatching opcode 0x0010 rcx=0x501167c8 [0x43387f80] rdx=0x2 (as i32 2) r8=0x14e0f8 r9=0xfffb (as i32 65531) called-from=0x141177e5a
      stack: 0x141177e5a<-TEXT 0x141177e40<-TEXT 0x143aca790(?) 0x141177e40<-TEXT 0x141177000<-TEXT 0x143d87000(vm) 0x1415d3946<-TEXT 0x143d87000(vm) 0x1415d33aa<-TEXT 0x142c8d6eb<-TEXT *****
20:40:13.025 ***** SELECTFILL: called FUN_141177e40(0x501167c8) after 0x0010 - the select UI existed before the list was decoded, so its three slots were built EMPTY; they are now refilled from the decoded list. THIS IS A CLIENT PATCH: it is the call the mode-5 login handler makes and the mode-2 handler does not (research/charselect-avatar-fade-race.md sec 8) *****
20:40:13.025     6 opcode=0x0010 elapsed_us=18607.8 ret=1 flag=1->1 state=2->2
20:40:14.057 ***** SESSION obj=0x6098898 +0x2270=0x00 +0x227c=0x00 world=0 channel=1 -> no dialog (flag bit 2 clear) *****
20:40:15.703     7 opcode=0x0011 elapsed_us=2017.8 ret=1 flag=1->1 state=2->2
20:40:16.506 ***** WATCH #1: 0x1415db360 ENTERED on tid 754312 while dispatching opcode 0x01A0 rcx=0x609b3f0 [0x00000000] rdx=0x0 (as i32 0) r8=0x0 r9=0x14341a294 (as i32 1128374932) called-from=0x144ec8f72
      stack: 0x144ec8f72(vm) 0x1415d0266<-TEXT 0x1415d0266<-TEXT 0x1415d0266<-TEXT 0x1415d0266<-TEXT 0x1406ed625<-TEXT 0x141601433<-TEXT *****
20:40:16.512     8 opcode=0x01A0 elapsed_us=802092.7 ret=838904120 flag=1->1 state=2->2
20:40:16.513     9 opcode=0x0484 elapsed_us=361.1 ret=1 flag=1->1 state=2->2
20:40:16.514    10 opcode=0x0484 elapsed_us=223.8 ret=1 flag=1->1 state=2->2
20:40:16.514    11 opcode=0x0484 elapsed_us=210.9 ret=1 flag=1->1 state=2->2
20:40:16.515    12 opcode=0x0484 elapsed_us=254.7 ret=1 flag=1->1 state=2->2
20:40:16.515    13 opcode=0x0484 elapsed_us=236.4 ret=1 flag=1->1 state=2->2
20:40:16.515    14 opcode=0x0070 elapsed_us=142.9 ret=1 flag=1->1 state=2->2
20:40:16.516    15 opcode=0x0070 elapsed_us=119.8 ret=1 flag=1->1 state=2->2
20:40:16.516    16 opcode=0x0070 elapsed_us=101.8 ret=1 flag=1->1 state=2->2
20:40:16.516    17 opcode=0x0070 elapsed_us=104.0 ret=1 flag=1->1 state=2->2
20:40:16.517    18 opcode=0x0070 elapsed_us=102.2 ret=1 flag=1->1 state=2->2
20:40:16.517    19 opcode=0x0070 elapsed_us=99.6 ret=1 flag=1->1 state=2->2
20:40:16.517    20 opcode=0x0070 elapsed_us=115.0 ret=1 flag=1->1 state=2->2
20:40:16.518    21 opcode=0x0070 elapsed_us=99.4 ret=1 flag=1->1 state=2->2
20:40:16.518    22 opcode=0x0070 elapsed_us=99.6 ret=1 flag=1->1 state=2->2
20:40:16.518    23 opcode=0x0070 elapsed_us=101.9 ret=1 flag=1->1 state=2->2
20:40:16.518    24 opcode=0x0070 elapsed_us=99.8 ret=1 flag=1->1 state=2->2
20:40:16.519    25 opcode=0x0070 elapsed_us=100.0 ret=1 flag=1->1 state=2->2
20:40:16.519    26 opcode=0x0070 elapsed_us=99.5 ret=1 flag=1->1 state=2->2
20:40:16.519    27 opcode=0x0070 elapsed_us=102.5 ret=1 flag=1->1 state=2->2
20:40:16.520    28 opcode=0x0070 elapsed_us=100.6 ret=1 flag=1->1 state=2->2
20:40:16.520    29 opcode=0x0070 elapsed_us=100.1 ret=1 flag=1->1 state=2->2
20:40:16.520    30 opcode=0x0070 elapsed_us=100.2 ret=1 flag=1->1 state=2->2
20:40:16.521    31 opcode=0x0070 elapsed_us=100.3 ret=1 flag=1->1 state=2->2
20:40:16.521    32 opcode=0x0070 elapsed_us=99.6 ret=1 flag=1->1 state=2->2
20:40:16.521    33 opcode=0x0070 elapsed_us=100.9 ret=1 flag=1->1 state=2->2
20:40:16.521    34 opcode=0x0070 elapsed_us=99.9 ret=1 flag=1->1 state=2->2
20:40:16.522    35 opcode=0x0070 elapsed_us=101.1 ret=1 flag=1->1 state=2->2
20:40:16.522    36 opcode=0x0070 elapsed_us=100.7 ret=1 flag=1->1 state=2->2
20:40:16.522    37 opcode=0x0070 elapsed_us=101.0 ret=1 flag=1->1 state=2->2
20:40:16.523    38 opcode=0x0070 elapsed_us=101.3 ret=1 flag=1->1 state=2->2
20:40:16.523    39 opcode=0x0070 elapsed_us=100.5 ret=1 flag=1->1 state=2->2
20:40:16.523    40 opcode=0x0070 elapsed_us=99.7 ret=1 flag=1->1 state=2->2
20:40:16.524    41 opcode=0x007C elapsed_us=131.7 ret=1 flag=1->1 state=2->2
20:40:17.062 ***** SESSION obj=0x6098898 +0x2270=0x00 +0x227c=0x00 world=0 channel=0 -> no dialog (flag bit 2 clear) *****
20:40:20.069 ***** SESSION obj=0x6098898 +0x2270=0x00 +0x227c=0x00 world=0 channel=0 -> no dialog (flag bit 2 clear) *****
20:40:23.077 ***** SESSION obj=0x6098898 +0x2270=0x00 +0x227c=0x00 world=0 channel=0 -> no dialog (flag bit 2 clear) *****
20:40:23.472    42 opcode=0x03C6 elapsed_us=1086.7 ret=1 flag=1->1 state=2->2
20:40:23.482    43 opcode=0x03D2 elapsed_us=117.4 ret=1 flag=1->1 state=2->2
20:40:23.483    44 opcode=0x03C6 elapsed_us=1020.8 ret=1 flag=1->1 state=2->2
20:40:23.483    45 opcode=0x03D2 elapsed_us=72.9 ret=1 flag=1->1 state=2->2
20:40:23.484    46 opcode=0x03C6 elapsed_us=385.4 ret=1 flag=1->1 state=2->2
20:40:23.484    47 opcode=0x03D2 elapsed_us=55.6 ret=1 flag=1->1 state=2->2
20:40:23.485    48 opcode=0x03C6 elapsed_us=351.0 ret=1 flag=1->1 state=2->2
20:40:23.485    49 opcode=0x03D2 elapsed_us=42.0 ret=1 flag=1->1 state=2->2
20:40:23.486    50 opcode=0x03C6 elapsed_us=291.3 ret=1 flag=1->1 state=2->2
20:40:23.486    51 opcode=0x03D2 elapsed_us=42.0 ret=1 flag=1->1 state=2->2
20:40:23.487    52 opcode=0x03C6 elapsed_us=336.2 ret=1 flag=1->1 state=2->2
20:40:23.487    53 opcode=0x03D2 elapsed_us=41.3 ret=1 flag=1->1 state=2->2
20:40:23.487    54 opcode=0x03C6 elapsed_us=285.4 ret=1 flag=1->1 state=2->2
20:40:23.487    55 opcode=0x03D2 elapsed_us=40.9 ret=1 flag=1->1 state=2->2
20:40:23.488    56 opcode=0x03C6 elapsed_us=279.9 ret=1 flag=1->1 state=2->2
20:40:23.488    57 opcode=0x03D2 elapsed_us=40.9 ret=1 flag=1->1 state=2->2
20:40:23.489    58 opcode=0x03C6 elapsed_us=734.6 ret=1 flag=1->1 state=2->2
20:40:23.489    59 opcode=0x03D2 elapsed_us=42.9 ret=1 flag=1->1 state=2->2
20:40:23.490    60 opcode=0x03C6 elapsed_us=284.4 ret=1 flag=1->1 state=2->2
20:40:23.490    61 opcode=0x03D2 elapsed_us=40.9 ret=1 flag=1->1 state=2->2
20:40:23.491    62 opcode=0x03C6 elapsed_us=280.7 ret=1 flag=1->1 state=2->2
20:40:23.491    63 opcode=0x03D2 elapsed_us=40.5 ret=1 flag=1->1 state=2->2
20:40:23.491    64 opcode=0x03C6 elapsed_us=283.2 ret=1 flag=1->1 state=2->2
20:40:23.492    65 opcode=0x03D2 elapsed_us=41.0 ret=1 flag=1->1 state=2->2
20:40:23.492    66 opcode=0x03C6 elapsed_us=310.8 ret=1 flag=1->1 state=2->2
20:40:23.492    67 opcode=0x03D2 elapsed_us=40.9 ret=1 flag=1->1 state=2->2
20:40:23.493    68 opcode=0x03C6 elapsed_us=279.8 ret=1 flag=1->1 state=2->2
20:40:23.493    69 opcode=0x03D2 elapsed_us=40.8 ret=1 flag=1->1 state=2->2
20:40:23.494    70 opcode=0x03C6 elapsed_us=279.9 ret=1 flag=1->1 state=2->2
20:40:23.494    71 opcode=0x03D2 elapsed_us=40.7 ret=1 flag=1->1 state=2->2
20:40:23.494    72 opcode=0x03C6 elapsed_us=281.5 ret=1 flag=1->1 state=2->2
20:40:23.495    73 opcode=0x03D2 elapsed_us=40.6 ret=1 flag=1->1 state=2->2
20:40:23.495    74 opcode=0x03C6 elapsed_us=289.7 ret=1 flag=1->1 state=2->2
20:40:23.495    75 opcode=0x03D2 elapsed_us=40.0 ret=1 flag=1->1 state=2->2
20:40:23.496    76 opcode=0x03C6 elapsed_us=282.1 ret=1 flag=1->1 state=2->2
20:40:23.496    77 opcode=0x03D2 elapsed_us=40.4 ret=1 flag=1->1 state=2->2
20:40:23.496    78 opcode=0x03C6 elapsed_us=285.7 ret=1 flag=1->1 state=2->2
20:40:23.497    79 opcode=0x03D2 elapsed_us=40.2 ret=1 flag=1->1 state=2->2
20:40:23.497    80 opcode=0x03C6 elapsed_us=283.2 ret=1 flag=1->1 state=2->2
20:40:23.497    81 opcode=0x03D2 elapsed_us=66.1 ret=1 flag=1->1 state=2->2
20:40:23.498    82 opcode=0x03C6 elapsed_us=355.8 ret=1 flag=1->1 state=2->2
20:40:23.498    83 opcode=0x03D2 elapsed_us=58.6 ret=1 flag=1->1 state=2->2
20:40:23.499    84 opcode=0x03C6 elapsed_us=328.0 ret=1 flag=1->1 state=2->2
20:40:23.499    85 opcode=0x03D2 elapsed_us=43.0 ret=1 flag=1->1 state=2->2
20:40:23.500    86 opcode=0x03C6 elapsed_us=289.4 ret=1 flag=1->1 state=2->2
20:40:23.500    87 opcode=0x03D2 elapsed_us=42.2 ret=1 flag=1->1 state=2->2
20:40:23.500    88 opcode=0x03C6 elapsed_us=291.9 ret=1 flag=1->1 state=2->2
20:40:23.501    89 opcode=0x03D2 elapsed_us=40.6 ret=1 flag=1->1 state=2->2
20:40:23.501    90 opcode=0x03C6 elapsed_us=285.6 ret=1 flag=1->1 state=2->2
20:40:23.501    91 opcode=0x03D2 elapsed_us=42.2 ret=1 flag=1->1 state=2->2
20:40:23.502    92 opcode=0x03C6 elapsed_us=294.1 ret=1 flag=1->1 state=2->2
20:40:23.502    93 opcode=0x03D2 elapsed_us=40.4 ret=1 flag=1->1 state=2->2
20:40:23.503    94 opcode=0x03C6 elapsed_us=293.8 ret=1 flag=1->1 state=2->2
20:40:23.503    95 opcode=0x03D2 elapsed_us=41.0 ret=1 flag=1->1 state=2->2
20:40:23.503    96 opcode=0x03C6 elapsed_us=298.1 ret=1 flag=1->1 state=2->2
20:40:23.504    97 opcode=0x03D2 elapsed_us=40.6 ret=1 flag=1->1 state=2->2
20:40:23.504    98 opcode=0x03C6 elapsed_us=300.7 ret=1 flag=1->1 state=2->2
20:40:23.504    99 opcode=0x03D2 elapsed_us=40.6 ret=1 flag=1->1 state=2->2
20:40:23.505   100 opcode=0x03C6 elapsed_us=890.6 ret=1 flag=1->1 state=2->2
20:40:23.506   101 opcode=0x03D2 elapsed_us=41.7 ret=1 flag=1->1 state=2->2
20:40:23.507   102 opcode=0x03C6 elapsed_us=798.7 ret=1 flag=1->1 state=2->2
20:40:23.507   103 opcode=0x03D2 elapsed_us=41.1 ret=1 flag=1->1 state=2->2
20:40:23.508   104 opcode=0x03C6 elapsed_us=376.8 ret=1 flag=1->1 state=2->2
20:40:23.508   105 opcode=0x03D2 elapsed_us=40.6 ret=1 flag=1->1 state=2->2
20:40:23.508   106 opcode=0x03C6 elapsed_us=319.0 ret=1 flag=1->1 state=2->2
20:40:23.509   107 opcode=0x03D2 elapsed_us=40.8 ret=1 flag=1->1 state=2->2
20:40:23.509   108 opcode=0x03C6 elapsed_us=315.0 ret=1 flag=1->1 state=2->2
20:40:23.509   109 opcode=0x03D2 elapsed_us=40.8 ret=1 flag=1->1 state=2->2
20:40:23.510   110 opcode=0x03C6 elapsed_us=296.8 ret=1 flag=1->1 state=2->2
20:40:23.510   111 opcode=0x03D2 elapsed_us=40.4 ret=1 flag=1->1 state=2->2
20:40:23.511   112 opcode=0x03C6 elapsed_us=319.6 ret=1 flag=1->1 state=2->2
20:40:23.511   113 opcode=0x03D2 elapsed_us=40.4 ret=1 flag=1->1 state=2->2
20:40:23.511   114 opcode=0x03C6 elapsed_us=281.4 ret=1 flag=1->1 state=2->2
20:40:23.512   115 opcode=0x03D2 elapsed_us=40.6 ret=1 flag=1->1 state=2->2
20:40:23.512   116 opcode=0x03C6 elapsed_us=279.2 ret=1 flag=1->1 state=2->2
20:40:23.512   117 opcode=0x03D2 elapsed_us=40.3 ret=1 flag=1->1 state=2->2
20:40:23.513   118 opcode=0x03C6 elapsed_us=350.5 ret=1 flag=1->1 state=2->2
20:40:23.513   119 opcode=0x03D2 elapsed_us=53.6 ret=1 flag=1->1 state=2->2
20:40:23.514   120 opcode=0x03C6 elapsed_us=363.5 ret=1 flag=1->1 state=2->2
20:40:23.514   121 opcode=0x03D2 elapsed_us=58.5 ret=1 flag=1->1 state=2->2
20:40:23.515   122 opcode=0x03C6 elapsed_us=400.4 ret=1 flag=1->1 state=2->2
20:40:23.515   123 opcode=0x03D2 elapsed_us=51.3 ret=1 flag=1->1 state=2->2
20:40:23.516   124 opcode=0x03C6 elapsed_us=340.0 ret=1 flag=1->1 state=2->2
20:40:23.516   125 opcode=0x03D2 elapsed_us=42.5 ret=1 flag=1->1 state=2->2
20:40:23.516   126 opcode=0x03C6 elapsed_us=281.6 ret=1 flag=1->1 state=2->2
20:40:23.517   127 opcode=0x03D2 elapsed_us=40.9 ret=1 flag=1->1 state=2->2
20:40:23.517   128 opcode=0x03C6 elapsed_us=283.2 ret=1 flag=1->1 state=2->2
20:40:23.517   129 opcode=0x03D2 elapsed_us=41.7 ret=1 flag=1->1 state=2->2
20:40:23.518   130 opcode=0x03C6 elapsed_us=308.4 ret=1 flag=1->1 state=2->2
20:40:23.518   131 opcode=0x03D2 elapsed_us=41.1 ret=1 flag=1->1 state=2->2
20:40:23.519   132 opcode=0x03C6 elapsed_us=283.6 ret=1 flag=1->1 state=2->2
20:40:23.519   133 opcode=0x03D2 elapsed_us=40.7 ret=1 flag=1->1 state=2->2
20:40:23.519   134 opcode=0x03C6 elapsed_us=279.8 ret=1 flag=1->1 state=2->2
20:40:23.520   135 opcode=0x03D2 elapsed_us=41.0 ret=1 flag=1->1 state=2->2
20:40:23.520   136 opcode=0x03C6 elapsed_us=282.2 ret=1 flag=1->1 state=2->2
20:40:23.520   137 opcode=0x03D2 elapsed_us=40.5 ret=1 flag=1->1 state=2->2
20:40:23.521   138 opcode=0x03C6 elapsed_us=286.6 ret=1 flag=1->1 state=2->2
20:40:23.521   139 opcode=0x03D2 elapsed_us=40.2 ret=1 flag=1->1 state=2->2
20:40:23.531   140 opcode=0x03E4 elapsed_us=83.6 ret=1 flag=1->1 state=2->2
20:40:23.532   141 opcode=0x03E4 elapsed_us=35.0 ret=1 flag=1->1 state=2->2
20:40:23.532   142 opcode=0x03E4 elapsed_us=32.8 ret=1 flag=1->1 state=2->2
20:40:23.532   143 opcode=0x03E4 elapsed_us=33.8 ret=1 flag=1->1 state=2->2
20:40:23.532   144 opcode=0x03E4 elapsed_us=32.7 ret=1 flag=1->1 state=2->2
20:40:23.533   145 opcode=0x03E4 elapsed_us=33.5 ret=1 flag=1->1 state=2->2
20:40:23.533   146 opcode=0x03E4 elapsed_us=32.1 ret=1 flag=1->1 state=2->2
20:40:23.533   147 opcode=0x03E4 elapsed_us=31.5 ret=1 flag=1->1 state=2->2
20:40:23.533   148 opcode=0x03E4 elapsed_us=31.9 ret=1 flag=1->1 state=2->2
20:40:23.533   149 opcode=0x03E4 elapsed_us=32.3 ret=1 flag=1->1 state=2->2
20:40:23.534   150 opcode=0x03E4 elapsed_us=32.5 ret=1 flag=1->1 state=2->2
20:40:23.534   151 opcode=0x03E4 elapsed_us=32.3 ret=1 flag=1->1 state=2->2
20:40:23.534   152 opcode=0x03E4 elapsed_us=31.5 ret=1 flag=1->1 state=2->2
20:40:23.534   153 opcode=0x03E4 elapsed_us=31.5 ret=1 flag=1->1 state=2->2
20:40:23.535   154 opcode=0x03E4 elapsed_us=31.8 ret=1 flag=1->1 state=2->2
20:40:23.535   155 opcode=0x03E4 elapsed_us=32.0 ret=1 flag=1->1 state=2->2
20:40:23.535   156 opcode=0x03E4 elapsed_us=31.8 ret=1 flag=1->1 state=2->2
20:40:23.535   157 opcode=0x03E4 elapsed_us=31.4 ret=1 flag=1->1 state=2->2
20:40:23.536   158 opcode=0x03E4 elapsed_us=31.5 ret=1 flag=1->1 state=2->2
20:40:23.536   159 opcode=0x03E4 elapsed_us=31.3 ret=1 flag=1->1 state=2->2
20:40:23.536   160 opcode=0x03E4 elapsed_us=31.9 ret=1 flag=1->1 state=2->2
20:40:23.536   161 opcode=0x03E4 elapsed_us=31.9 ret=1 flag=1->1 state=2->2
20:40:23.536   162 opcode=0x03E4 elapsed_us=31.3 ret=1 flag=1->1 state=2->2
20:40:23.537   163 opcode=0x03E4 elapsed_us=31.0 ret=1 flag=1->1 state=2->2
20:40:23.537   164 opcode=0x03E4 elapsed_us=31.2 ret=1 flag=1->1 state=2->2
20:40:23.537   165 opcode=0x03E4 elapsed_us=31.2 ret=1 flag=1->1 state=2->2
20:40:23.537   166 opcode=0x03E4 elapsed_us=31.1 ret=1 flag=1->1 state=2->2
20:40:23.538   167 opcode=0x03E4 elapsed_us=31.1 ret=1 flag=1->1 state=2->2
20:40:23.538   168 opcode=0x03E4 elapsed_us=30.8 ret=1 flag=1->1 state=2->2
20:40:23.538   169 opcode=0x03E4 elapsed_us=31.0 ret=1 flag=1->1 state=2->2
20:40:23.538   170 opcode=0x03E4 elapsed_us=31.3 ret=1 flag=1->1 state=2->2
20:40:23.538   171 opcode=0x03E4 elapsed_us=32.1 ret=1 flag=1->1 state=2->2
20:40:23.539   172 opcode=0x03E4 elapsed_us=31.4 ret=1 flag=1->1 state=2->2
20:40:23.539   173 opcode=0x03E4 elapsed_us=31.6 ret=1 flag=1->1 state=2->2
20:40:23.539   174 opcode=0x03E4 elapsed_us=32.3 ret=1 flag=1->1 state=2->2
20:40:23.539   175 opcode=0x03E4 elapsed_us=31.3 ret=1 flag=1->1 state=2->2
20:40:23.540   176 opcode=0x03E4 elapsed_us=31.3 ret=1 flag=1->1 state=2->2
20:40:23.540   177 opcode=0x03E4 elapsed_us=47.2 ret=1 flag=1->1 state=2->2
20:40:23.540   178 opcode=0x03E4 elapsed_us=38.1 ret=1 flag=1->1 state=2->2
20:40:23.540   179 opcode=0x03E4 elapsed_us=34.9 ret=1 flag=1->1 state=2->2
20:40:23.541   180 opcode=0x03E4 elapsed_us=32.7 ret=1 flag=1->1 state=2->2
20:40:23.541   181 opcode=0x03E4 elapsed_us=32.1 ret=1 flag=1->1 state=2->2
20:40:23.541   182 opcode=0x03E4 elapsed_us=31.8 ret=1 flag=1->1 state=2->2
20:40:23.541   183 opcode=0x03E4 elapsed_us=31.4 ret=1 flag=1->1 state=2->2
20:40:23.542   184 opcode=0x03E4 elapsed_us=31.2 ret=1 flag=1->1 state=2->2
20:40:23.542   185 opcode=0x03E4 elapsed_us=31.3 ret=1 flag=1->1 state=2->2
20:40:23.542   186 opcode=0x03E4 elapsed_us=31.2 ret=1 flag=1->1 state=2->2
20:40:23.542   187 opcode=0x03E4 elapsed_us=31.5 ret=1 flag=1->1 state=2->2
20:40:23.542   188 opcode=0x03E4 elapsed_us=31.8 ret=1 flag=1->1 state=2->2
20:40:24.562   189 opcode=0x03E4 elapsed_us=96.5 ret=1 flag=1->1 state=2->2
20:40:24.562   190 opcode=0x03E4 elapsed_us=35.3 ret=1 flag=1->1 state=2->2
20:40:24.563   191 opcode=0x03E4 elapsed_us=51.2 ret=1 flag=1->1 state=2->2
20:40:24.563   192 opcode=0x03E4 elapsed_us=34.6 ret=1 flag=1->1 state=2->2
20:40:24.563   193 opcode=0x03E4 elapsed_us=33.1 ret=1 flag=1->1 state=2->2
20:40:24.564   194 opcode=0x03E4 elapsed_us=32.8 ret=1 flag=1->1 state=2->2
20:40:24.564   195 opcode=0x03E4 elapsed_us=33.6 ret=1 flag=1->1 state=2->2
20:40:24.564   196 opcode=0x03E4 elapsed_us=41.1 ret=1 flag=1->1 state=2->2
20:40:24.564   197 opcode=0x03E4 elapsed_us=37.7 ret=1 flag=1->1 state=2->2
20:40:24.565   198 opcode=0x03E4 elapsed_us=35.5 ret=1 flag=1->1 state=2->2
20:40:24.565   199 opcode=0x03E4 elapsed_us=50.2 ret=1 flag=1->1 state=2->2
20:40:24.565   200 opcode=0x03E4 elapsed_us=41.3 ret=1 flag=1->1 state=2->2
20:40:24.566   201 opcode=0x03E4 elapsed_us=42.0 ret=1 flag=1->1 state=2->2
20:40:24.566   202 opcode=0x03E4 elapsed_us=38.8 ret=1 flag=1->1 state=2->2
20:40:24.566   203 opcode=0x03E4 elapsed_us=39.2 ret=1 flag=1->1 state=2->2
20:40:24.567   204 opcode=0x03E4 elapsed_us=35.9 ret=1 flag=1->1 state=2->2
20:40:24.567   205 opcode=0x03E4 elapsed_us=37.3 ret=1 flag=1->1 state=2->2
20:40:24.567   206 opcode=0x03E4 elapsed_us=32.7 ret=1 flag=1->1 state=2->2
20:40:24.567   207 opcode=0x03E4 elapsed_us=31.9 ret=1 flag=1->1 state=2->2
20:40:24.568   208 opcode=0x03E4 elapsed_us=33.0 ret=1 flag=1->1 state=2->2
20:40:24.568   209 opcode=0x03E4 elapsed_us=33.0 ret=1 flag=1->1 state=2->2
20:40:24.568   210 opcode=0x03E4 elapsed_us=39.3 ret=1 flag=1->1 state=2->2
20:40:24.568   211 opcode=0x03E4 elapsed_us=35.0 ret=1 flag=1->1 state=2->2
20:40:24.569   212 opcode=0x03E4 elapsed_us=32.7 ret=1 flag=1->1 state=2->2
20:40:24.569   213 opcode=0x03E4 elapsed_us=32.3 ret=1 flag=1->1 state=2->2
20:40:24.569   214 opcode=0x03E4 elapsed_us=32.8 ret=1 flag=1->1 state=2->2
20:40:24.569   215 opcode=0x03E4 elapsed_us=32.5 ret=1 flag=1->1 state=2->2
20:40:24.570   216 opcode=0x03E4 elapsed_us=39.6 ret=1 flag=1->1 state=2->2
20:40:24.570   217 opcode=0x03E4 elapsed_us=48.3 ret=1 flag=1->1 state=2->2
20:40:24.570   218 opcode=0x03E4 elapsed_us=49.2 ret=1 flag=1->1 state=2->2
20:40:24.571   219 opcode=0x03E4 elapsed_us=43.9 ret=1 flag=1->1 state=2->2
20:40:24.571   220 opcode=0x03E4 elapsed_us=38.5 ret=1 flag=1->1 state=2->2
20:40:24.571   221 opcode=0x03E4 elapsed_us=36.3 ret=1 flag=1->1 state=2->2
20:40:24.572   222 opcode=0x03E4 elapsed_us=33.9 ret=1 flag=1->1 state=2->2
20:40:24.572   223 opcode=0x03E4 elapsed_us=33.7 ret=1 flag=1->1 state=2->2
20:40:24.572   224 opcode=0x03E4 elapsed_us=33.5 ret=1 flag=1->1 state=2->2
20:40:24.572   225 opcode=0x03E4 elapsed_us=32.4 ret=1 flag=1->1 state=2->2
20:40:24.573   226 opcode=0x03E4 elapsed_us=33.4 ret=1 flag=1->1 state=2->2
20:40:24.573   227 opcode=0x03E4 elapsed_us=32.6 ret=1 flag=1->1 state=2->2
20:40:24.573   228 opcode=0x03E4 elapsed_us=33.1 ret=1 flag=1->1 state=2->2
20:40:24.573   229 opcode=0x03E4 elapsed_us=32.4 ret=1 flag=1->1 state=2->2
20:40:24.574   230 opcode=0x03E4 elapsed_us=33.2 ret=1 flag=1->1 state=2->2
20:40:24.574   231 opcode=0x03E4 elapsed_us=33.9 ret=1 flag=1->1 state=2->2
20:40:24.574   232 opcode=0x03E4 elapsed_us=40.9 ret=1 flag=1->1 state=2->2
20:40:24.575   233 opcode=0x03E4 elapsed_us=37.5 ret=1 flag=1->1 state=2->2
20:40:24.575   234 opcode=0x03E4 elapsed_us=39.8 ret=1 flag=1->1 state=2->2
20:40:24.575   235 opcode=0x03E4 elapsed_us=40.3 ret=1 flag=1->1 state=2->2
20:40:24.575   236 opcode=0x03E4 elapsed_us=37.1 ret=1 flag=1->1 state=2->2
20:40:24.576   237 opcode=0x03E4 elapsed_us=35.7 ret=1 flag=1->1 state=2->2
20:40:25.642   238 opcode=0x03E4 elapsed_us=128.4 ret=1 flag=1->1 state=2->2
20:40:25.643   239 opcode=0x03E4 elapsed_us=99.6 ret=1 flag=1->1 state=2->2
20:40:25.643   240 opcode=0x03E4 elapsed_us=55.9 ret=1 flag=1->1 state=2->2
20:40:25.643   241 opcode=0x03E4 elapsed_us=43.7 ret=1 flag=1->1 state=2->2
20:40:25.644   242 opcode=0x03E4 elapsed_us=41.8 ret=1 flag=1->1 state=2->2
20:40:25.644   243 opcode=0x03E4 elapsed_us=47.6 ret=1 flag=1->1 state=2->2
20:40:25.644   244 opcode=0x03E4 elapsed_us=42.9 ret=1 flag=1->1 state=2->2
20:40:25.645   245 opcode=0x03E4 elapsed_us=47.2 ret=1 flag=1->1 state=2->2
20:40:25.645   246 opcode=0x03E4 elapsed_us=39.8 ret=1 flag=1->1 state=2->2
20:40:25.645   247 opcode=0x03E4 elapsed_us=35.9 ret=1 flag=1->1 state=2->2
20:40:25.645   248 opcode=0x03E4 elapsed_us=34.1 ret=1 flag=1->1 state=2->2
20:40:25.646   249 opcode=0x03E4 elapsed_us=33.6 ret=1 flag=1->1 state=2->2
20:40:25.646   250 opcode=0x03E4 elapsed_us=33.8 ret=1 flag=1->1 state=2->2
20:40:25.646   251 opcode=0x03E4 elapsed_us=33.4 ret=1 flag=1->1 state=2->2
20:40:25.646   252 opcode=0x03E4 elapsed_us=32.5 ret=1 flag=1->1 state=2->2
20:40:25.647   253 opcode=0x03E4 elapsed_us=32.2 ret=1 flag=1->1 state=2->2
20:40:25.647   254 opcode=0x03E4 elapsed_us=34.1 ret=1 flag=1->1 state=2->2
20:40:25.647   255 opcode=0x03E4 elapsed_us=33.1 ret=1 flag=1->1 state=2->2
20:40:25.647   256 opcode=0x03E4 elapsed_us=32.7 ret=1 flag=1->1 state=2->2
20:40:25.648   257 opcode=0x03E4 elapsed_us=33.5 ret=1 flag=1->1 state=2->2
20:40:25.648   258 opcode=0x03E4 elapsed_us=33.2 ret=1 flag=1->1 state=2->2
20:40:25.648   259 opcode=0x03E4 elapsed_us=38.9 ret=1 flag=1->1 state=2->2
20:40:25.648   260 opcode=0x03E4 elapsed_us=35.0 ret=1 flag=1->1 state=2->2
20:40:25.649   261 opcode=0x03E4 elapsed_us=32.9 ret=1 flag=1->1 state=2->2
20:40:25.649   262 opcode=0x03E4 elapsed_us=32.6 ret=1 flag=1->1 state=2->2
20:40:25.649   263 opcode=0x03E4 elapsed_us=31.8 ret=1 flag=1->1 state=2->2
20:40:25.649   264 opcode=0x03E4 elapsed_us=31.1 ret=1 flag=1->1 state=2->2
20:40:25.649   265 opcode=0x03E4 elapsed_us=31.2 ret=1 flag=1->1 state=2->2
20:40:25.650   266 opcode=0x03E4 elapsed_us=31.1 ret=1 flag=1->1 state=2->2
20:40:25.650   267 opcode=0x03E4 elapsed_us=32.3 ret=1 flag=1->1 state=2->2
20:40:25.650   268 opcode=0x03E4 elapsed_us=32.0 ret=1 flag=1->1 state=2->2
20:40:25.650   269 opcode=0x03E4 elapsed_us=31.5 ret=1 flag=1->1 state=2->2
20:40:25.651   270 opcode=0x03E4 elapsed_us=48.8 ret=1 flag=1->1 state=2->2
20:40:25.651   271 opcode=0x03E4 elapsed_us=39.4 ret=1 flag=1->1 state=2->2
20:40:25.651   272 opcode=0x03E4 elapsed_us=37.0 ret=1 flag=1->1 state=2->2
20:40:25.652   273 opcode=0x03E4 elapsed_us=33.9 ret=1 flag=1->1 state=2->2
20:40:25.652   274 opcode=0x03E4 elapsed_us=38.7 ret=1 flag=1->1 state=2->2
20:40:25.652   275 opcode=0x03E4 elapsed_us=46.9 ret=1 flag=1->1 state=2->2
20:40:25.653   276 opcode=0x03E4 elapsed_us=42.7 ret=1 flag=1->1 state=2->2
20:40:25.653   277 opcode=0x03E4 elapsed_us=38.6 ret=1 flag=1->1 state=2->2
20:40:25.653   278 opcode=0x03E4 elapsed_us=34.9 ret=1 flag=1->1 state=2->2
20:40:25.653   279 opcode=0x03E4 elapsed_us=34.9 ret=1 flag=1->1 state=2->2
20:40:25.654   280 opcode=0x03E4 elapsed_us=32.1 ret=1 flag=1->1 state=2->2
20:40:25.654   281 opcode=0x03E4 elapsed_us=32.5 ret=1 flag=1->1 state=2->2
20:40:25.654   282 opcode=0x03E4 elapsed_us=31.7 ret=1 flag=1->1 state=2->2
20:40:25.654   283 opcode=0x03E4 elapsed_us=32.6 ret=1 flag=1->1 state=2->2
20:40:25.655   284 opcode=0x03E4 elapsed_us=32.1 ret=1 flag=1->1 state=2->2
20:40:25.655   285 opcode=0x03E4 elapsed_us=31.6 ret=1 flag=1->1 state=2->2
20:40:25.655   286 opcode=0x03E4 elapsed_us=39.0 ret=1 flag=1->1 state=2->2
20:40:26.084 ***** SESSION obj=0x6098898 +0x2270=0x00 +0x227c=0x00 world=0 channel=0 -> no dialog (flag bit 2 clear) *****
20:40:26.452   287 opcode=0x03E4 elapsed_us=93.1 ret=1 flag=1->1 state=2->2
20:40:26.722   288 opcode=0x03E4 elapsed_us=85.6 ret=1 flag=1->1 state=2->2
20:40:26.723   289 opcode=0x03E4 elapsed_us=49.6 ret=1 flag=1->1 state=2->2
20:40:26.723   290 opcode=0x03E4 elapsed_us=40.4 ret=1 flag=1->1 state=2->2
20:40:26.723   291 opcode=0x03E4 elapsed_us=34.9 ret=1 flag=1->1 state=2->2
20:40:26.723   292 opcode=0x03E4 elapsed_us=33.8 ret=1 flag=1->1 state=2->2
20:40:26.724   293 opcode=0x03E4 elapsed_us=34.2 ret=1 flag=1->1 state=2->2
20:40:26.724   294 opcode=0x03E4 elapsed_us=33.0 ret=1 flag=1->1 state=2->2
20:40:26.724   295 opcode=0x03E4 elapsed_us=32.3 ret=1 flag=1->1 state=2->2
20:40:26.724   296 opcode=0x03E4 elapsed_us=33.1 ret=1 flag=1->1 state=2->2
20:40:26.725   297 opcode=0x03E4 elapsed_us=40.2 ret=1 flag=1->1 state=2->2
20:40:26.725   298 opcode=0x03E4 elapsed_us=36.0 ret=1 flag=1->1 state=2->2
20:40:26.725   299 opcode=0x03E4 elapsed_us=33.1 ret=1 flag=1->1 state=2->2
20:40:26.725   300 opcode=0x03E4 elapsed_us=32.2 ret=1 flag=1->1 state=2->2
20:40:26.726   301 opcode=0x03E4 elapsed_us=47.4 ret=1 flag=1->1 state=2->2
20:40:26.726   302 opcode=0x03E4 elapsed_us=38.6 ret=1 flag=1->1 state=2->2
20:40:26.726   303 opcode=0x03E4 elapsed_us=35.0 ret=1 flag=1->1 state=2->2
20:40:26.727   304 opcode=0x03E4 elapsed_us=33.5 ret=1 flag=1->1 state=2->2
20:40:26.727   305 opcode=0x03E4 elapsed_us=37.3 ret=1 flag=1->1 state=2->2
20:40:26.727   306 opcode=0x03E4 elapsed_us=34.2 ret=1 flag=1->1 state=2->2
20:40:26.727   307 opcode=0x03E4 elapsed_us=33.8 ret=1 flag=1->1 state=2->2
20:40:26.728   308 opcode=0x03E4 elapsed_us=33.0 ret=1 flag=1->1 state=2->2
20:40:26.728   309 opcode=0x03E4 elapsed_us=33.9 ret=1 flag=1->1 state=2->2
20:40:26.728   310 opcode=0x03E4 elapsed_us=33.5 ret=1 flag=1->1 state=2->2
20:40:26.728   311 opcode=0x03E4 elapsed_us=35.5 ret=1 flag=1->1 state=2->2
20:40:26.729   312 opcode=0x03E4 elapsed_us=33.2 ret=1 flag=1->1 state=2->2
20:40:26.729   313 opcode=0x03E4 elapsed_us=40.9 ret=1 flag=1->1 state=2->2
20:40:26.729   314 opcode=0x03E4 elapsed_us=34.6 ret=1 flag=1->1 state=2->2
20:40:26.729   315 opcode=0x03E4 elapsed_us=33.8 ret=1 flag=1->1 state=2->2
20:40:26.730   316 opcode=0x03E4 elapsed_us=34.3 ret=1 flag=1->1 state=2->2
20:40:26.730   317 opcode=0x03E4 elapsed_us=32.9 ret=1 flag=1->1 state=2->2
20:40:26.730   318 opcode=0x03E4 elapsed_us=32.6 ret=1 flag=1->1 state=2->2
20:40:26.730   319 opcode=0x03E4 elapsed_us=38.2 ret=1 flag=1->1 state=2->2
20:40:26.731   320 opcode=0x03E4 elapsed_us=39.0 ret=1 flag=1->1 state=2->2
20:40:26.731   321 opcode=0x03E4 elapsed_us=35.6 ret=1 flag=1->1 state=2->2
20:40:26.731   322 opcode=0x03E4 elapsed_us=39.2 ret=1 flag=1->1 state=2->2
20:40:26.732   323 opcode=0x03E4 elapsed_us=39.5 ret=1 flag=1->1 state=2->2
20:40:26.734   324 opcode=0x03E4 elapsed_us=60.6 ret=1 flag=1->1 state=2->2
20:40:26.735   325 opcode=0x03E4 elapsed_us=41.4 ret=1 flag=1->1 state=2->2
20:40:26.735   326 opcode=0x03E4 elapsed_us=37.3 ret=1 flag=1->1 state=2->2
20:40:26.735   327 opcode=0x03E4 elapsed_us=42.9 ret=1 flag=1->1 state=2->2
20:40:26.736   328 opcode=0x03E4 elapsed_us=37.4 ret=1 flag=1->1 state=2->2
20:40:26.736   329 opcode=0x03E4 elapsed_us=34.4 ret=1 flag=1->1 state=2->2
20:40:26.736   330 opcode=0x03E4 elapsed_us=45.4 ret=1 flag=1->1 state=2->2
20:40:26.737   331 opcode=0x03E4 elapsed_us=39.6 ret=1 flag=1->1 state=2->2
20:40:26.737   332 opcode=0x03E4 elapsed_us=36.1 ret=1 flag=1->1 state=2->2
20:40:26.737   333 opcode=0x03E4 elapsed_us=32.8 ret=1 flag=1->1 state=2->2
20:40:26.737   334 opcode=0x03E4 elapsed_us=33.9 ret=1 flag=1->1 state=2->2
20:40:26.738   335 opcode=0x03E4 elapsed_us=32.1 ret=1 flag=1->1 state=2->2
20:40:27.533   336 opcode=0x03E4 elapsed_us=97.9 ret=1 flag=1->1 state=2->2
20:40:27.803   337 opcode=0x03E4 elapsed_us=92.3 ret=1 flag=1->1 state=2->2
20:40:27.803   338 opcode=0x03E4 elapsed_us=52.1 ret=1 flag=1->1 state=2->2
20:40:27.803   339 opcode=0x03E4 elapsed_us=38.9 ret=1 flag=1->1 state=2->2
20:40:27.804   340 opcode=0x03E4 elapsed_us=34.5 ret=1 flag=1->1 state=2->2
20:40:27.804   341 opcode=0x03E4 elapsed_us=33.5 ret=1 flag=1->1 state=2->2
20:40:27.804   342 opcode=0x03E4 elapsed_us=34.4 ret=1 flag=1->1 state=2->2
20:40:27.804   343 opcode=0x03E4 elapsed_us=32.1 ret=1 flag=1->1 state=2->2
20:40:27.804   344 opcode=0x03E4 elapsed_us=33.0 ret=1 flag=1->1 state=2->2
20:40:27.805   345 opcode=0x03E4 elapsed_us=48.3 ret=1 flag=1->1 state=2->2
20:40:27.805   346 opcode=0x03E4 elapsed_us=42.9 ret=1 flag=1->1 state=2->2
20:40:27.805   347 opcode=0x03E4 elapsed_us=42.6 ret=1 flag=1->1 state=2->2
20:40:27.806   348 opcode=0x03E4 elapsed_us=39.1 ret=1 flag=1->1 state=2->2
20:40:27.806   349 opcode=0x03E4 elapsed_us=34.7 ret=1 flag=1->1 state=2->2
20:40:27.806   350 opcode=0x03E4 elapsed_us=32.6 ret=1 flag=1->1 state=2->2
20:40:27.806   351 opcode=0x03E4 elapsed_us=32.4 ret=1 flag=1->1 state=2->2
20:40:27.807   352 opcode=0x03E4 elapsed_us=38.7 ret=1 flag=1->1 state=2->2
20:40:27.807   353 opcode=0x03E4 elapsed_us=34.8 ret=1 flag=1->1 state=2->2
20:40:27.807   354 opcode=0x03E4 elapsed_us=32.5 ret=1 flag=1->1 state=2->2
20:40:27.807   355 opcode=0x03E4 elapsed_us=32.6 ret=1 flag=1->1 state=2->2
20:40:27.808   356 opcode=0x03E4 elapsed_us=39.1 ret=1 flag=1->1 state=2->2
20:40:27.808   357 opcode=0x03E4 elapsed_us=34.7 ret=1 flag=1->1 state=2->2
20:40:27.808   358 opcode=0x03E4 elapsed_us=32.8 ret=1 flag=1->1 state=2->2
20:40:27.808   359 opcode=0x03E4 elapsed_us=32.5 ret=1 flag=1->1 state=2->2
20:40:27.809   360 opcode=0x03E4 elapsed_us=31.8 ret=1 flag=1->1 state=2->2
20:40:27.809   361 opcode=0x03E4 elapsed_us=31.5 ret=1 flag=1->1 state=2->2
20:40:27.809   362 opcode=0x03E4 elapsed_us=31.3 ret=1 flag=1->1 state=2->2
20:40:27.809   363 opcode=0x03E4 elapsed_us=31.1 ret=1 flag=1->1 state=2->2
20:40:27.809   364 opcode=0x03E4 elapsed_us=30.9 ret=1 flag=1->1 state=2->2
20:40:27.810   365 opcode=0x03E4 elapsed_us=31.1 ret=1 flag=1->1 state=2->2
20:40:27.810   366 opcode=0x03E4 elapsed_us=31.2 ret=1 flag=1->1 state=2->2
20:40:27.810   367 opcode=0x03E4 elapsed_us=31.1 ret=1 flag=1->1 state=2->2
20:40:27.810   368 opcode=0x03E4 elapsed_us=31.0 ret=1 flag=1->1 state=2->2
20:40:27.811   369 opcode=0x03E4 elapsed_us=32.0 ret=1 flag=1->1 state=2->2
20:40:27.811   370 opcode=0x03E4 elapsed_us=31.3 ret=1 flag=1->1 state=2->2
20:40:27.811   371 opcode=0x03E4 elapsed_us=31.4 ret=1 flag=1->1 state=2->2
20:40:27.811   372 opcode=0x03E4 elapsed_us=47.0 ret=1 flag=1->1 state=2->2
20:40:27.812   373 opcode=0x03E4 elapsed_us=38.2 ret=1 flag=1->1 state=2->2
20:40:27.812   374 opcode=0x03E4 elapsed_us=34.7 ret=1 flag=1->1 state=2->2
20:40:27.812   375 opcode=0x03E4 elapsed_us=33.8 ret=1 flag=1->1 state=2->2
20:40:27.812   376 opcode=0x03E4 elapsed_us=32.1 ret=1 flag=1->1 state=2->2
20:40:27.813   377 opcode=0x03E4 elapsed_us=32.1 ret=1 flag=1->1 state=2->2
20:40:27.813   378 opcode=0x03E4 elapsed_us=31.5 ret=1 flag=1->1 state=2->2
20:40:27.813   379 opcode=0x03E4 elapsed_us=31.1 ret=1 flag=1->1 state=2->2
20:40:27.813   380 opcode=0x03E4 elapsed_us=31.0 ret=1 flag=1->1 state=2->2
20:40:27.813   381 opcode=0x03E4 elapsed_us=31.4 ret=1 flag=1->1 state=2->2
20:40:27.814   382 opcode=0x03E4 elapsed_us=31.4 ret=1 flag=1->1 state=2->2
20:40:27.814   383 opcode=0x03E4 elapsed_us=31.2 ret=1 flag=1->1 state=2->2
20:40:27.814   384 opcode=0x03E4 elapsed_us=31.7 ret=1 flag=1->1 state=2->2
20:40:28.613   385 opcode=0x03E4 elapsed_us=93.8 ret=1 flag=1->1 state=2->2
20:40:28.882   386 opcode=0x03E4 elapsed_us=88.9 ret=1 flag=1->1 state=2->2
20:40:28.882   387 opcode=0x03E4 elapsed_us=35.6 ret=1 flag=1->1 state=2->2
20:40:28.883   388 opcode=0x03E4 elapsed_us=33.0 ret=1 flag=1->1 state=2->2
20:40:28.883   389 opcode=0x03E4 elapsed_us=34.7 ret=1 flag=1->1 state=2->2
20:40:28.883   390 opcode=0x03E4 elapsed_us=39.4 ret=1 flag=1->1 state=2->2
20:40:28.883   391 opcode=0x03E4 elapsed_us=47.4 ret=1 flag=1->1 state=2->2
20:40:28.884   392 opcode=0x03E4 elapsed_us=41.7 ret=1 flag=1->1 state=2->2
20:40:28.884   393 opcode=0x03E4 elapsed_us=39.9 ret=1 flag=1->1 state=2->2
20:40:28.884   394 opcode=0x03E4 elapsed_us=39.0 ret=1 flag=1->1 state=2->2
20:40:28.885   395 opcode=0x03E4 elapsed_us=38.6 ret=1 flag=1->1 state=2->2
20:40:28.885   396 opcode=0x03E4 elapsed_us=34.5 ret=1 flag=1->1 state=2->2
20:40:28.885   397 opcode=0x03E4 elapsed_us=33.3 ret=1 flag=1->1 state=2->2
20:40:28.885   398 opcode=0x03E4 elapsed_us=31.8 ret=1 flag=1->1 state=2->2
20:40:28.886   399 opcode=0x03E4 elapsed_us=31.6 ret=1 flag=1->1 state=2->2
20:40:28.886   400 opcode=0x03E4 elapsed_us=31.5 ret=1 flag=1->1 state=2->2
20:40:28.886   401 opcode=0x03E4 elapsed_us=30.8 ret=1 flag=1->1 state=2->2
20:40:28.886   402 opcode=0x03E4 elapsed_us=31.1 ret=1 flag=1->1 state=2->2
20:40:28.886   403 opcode=0x03E4 elapsed_us=32.2 ret=1 flag=1->1 state=2->2
20:40:28.887   404 opcode=0x03E4 elapsed_us=31.1 ret=1 flag=1->1 state=2->2
20:40:28.887   405 opcode=0x03E4 elapsed_us=38.6 ret=1 flag=1->1 state=2->2
20:40:28.887   406 opcode=0x03E4 elapsed_us=34.8 ret=1 flag=1->1 state=2->2
20:40:28.887   407 opcode=0x03E4 elapsed_us=32.4 ret=1 flag=1->1 state=2->2
20:40:28.888   408 opcode=0x03E4 elapsed_us=31.6 ret=1 flag=1->1 state=2->2
20:40:28.888   409 opcode=0x03E4 elapsed_us=32.5 ret=1 flag=1->1 state=2->2
20:40:28.888   410 opcode=0x03E4 elapsed_us=31.6 ret=1 flag=1->1 state=2->2
20:40:28.888   411 opcode=0x03E4 elapsed_us=31.6 ret=1 flag=1->1 state=2->2
20:40:28.889   412 opcode=0x03E4 elapsed_us=32.4 ret=1 flag=1->1 state=2->2
20:40:28.889   413 opcode=0x03E4 elapsed_us=31.6 ret=1 flag=1->1 state=2->2
20:40:28.889   414 opcode=0x03E4 elapsed_us=31.1 ret=1 flag=1->1 state=2->2
20:40:28.889   415 opcode=0x03E4 elapsed_us=33.1 ret=1 flag=1->1 state=2->2
20:40:28.889   416 opcode=0x03E4 elapsed_us=31.5 ret=1 flag=1->1 state=2->2
20:40:28.890   417 opcode=0x03E4 elapsed_us=31.0 ret=1 flag=1->1 state=2->2
20:40:28.890   418 opcode=0x03E4 elapsed_us=31.3 ret=1 flag=1->1 state=2->2
20:40:28.890   419 opcode=0x03E4 elapsed_us=31.1 ret=1 flag=1->1 state=2->2
20:40:28.890   420 opcode=0x03E4 elapsed_us=31.7 ret=1 flag=1->1 state=2->2
20:40:28.891   421 opcode=0x03E4 elapsed_us=32.1 ret=1 flag=1->1 state=2->2
20:40:28.891   422 opcode=0x03E4 elapsed_us=31.5 ret=1 flag=1->1 state=2->2
20:40:28.891   423 opcode=0x03E4 elapsed_us=31.7 ret=1 flag=1->1 state=2->2
20:40:28.891   424 opcode=0x03E4 elapsed_us=32.3 ret=1 flag=1->1 state=2->2
20:40:28.892   425 opcode=0x03E4 elapsed_us=31.3 ret=1 flag=1->1 state=2->2
20:40:28.892   426 opcode=0x03E4 elapsed_us=31.1 ret=1 flag=1->1 state=2->2
20:40:28.892   427 opcode=0x03E4 elapsed_us=30.9 ret=1 flag=1->1 state=2->2
20:40:28.892   428 opcode=0x03E4 elapsed_us=31.0 ret=1 flag=1->1 state=2->2
20:40:28.892   429 opcode=0x03E4 elapsed_us=31.5 ret=1 flag=1->1 state=2->2
20:40:28.893   430 opcode=0x03E4 elapsed_us=31.1 ret=1 flag=1->1 state=2->2
20:40:28.893   431 opcode=0x03E4 elapsed_us=31.1 ret=1 flag=1->1 state=2->2
20:40:28.893   432 opcode=0x03E4 elapsed_us=31.7 ret=1 flag=1->1 state=2->2
20:40:28.893   433 opcode=0x03E4 elapsed_us=32.0 ret=1 flag=1->1 state=2->2
20:40:29.088 ***** SESSION obj=0x6098898 +0x2270=0x00 +0x227c=0x00 world=0 channel=0 -> no dialog (flag bit 2 clear) *****
20:40:29.432   434 opcode=0x03E4 elapsed_us=107.4 ret=1 flag=1->1 state=2->2
20:40:29.783   435 opcode=0x03E4 elapsed_us=98.3 ret=1 flag=1->1 state=2->2
20:40:29.963   436 opcode=0x03E4 elapsed_us=84.1 ret=1 flag=1->1 state=2->2
20:40:29.963   437 opcode=0x03E4 elapsed_us=50.1 ret=1 flag=1->1 state=2->2
20:40:29.963   438 opcode=0x03E4 elapsed_us=38.6 ret=1 flag=1->1 state=2->2
20:40:29.963   439 opcode=0x03E4 elapsed_us=33.8 ret=1 flag=1->1 state=2->2
20:40:29.964   440 opcode=0x03E4 elapsed_us=32.5 ret=1 flag=1->1 state=2->2
20:40:29.973   441 opcode=0x03E4 elapsed_us=39.4 ret=1 flag=1->1 state=2->2
20:40:29.973   442 opcode=0x03E4 elapsed_us=34.7 ret=1 flag=1->1 state=2->2
20:40:29.973   443 opcode=0x03E4 elapsed_us=33.5 ret=1 flag=1->1 state=2->2
20:40:29.974   444 opcode=0x03E4 elapsed_us=32.3 ret=1 flag=1->1 state=2->2
20:40:29.974   445 opcode=0x03E4 elapsed_us=32.4 ret=1 flag=1->1 state=2->2
20:40:29.974   446 opcode=0x03E4 elapsed_us=32.3 ret=1 flag=1->1 state=2->2
20:40:29.974   447 opcode=0x03E4 elapsed_us=31.6 ret=1 flag=1->1 state=2->2
20:40:29.975   448 opcode=0x03E4 elapsed_us=31.6 ret=1 flag=1->1 state=2->2
20:40:29.975   449 opcode=0x03E4 elapsed_us=33.4 ret=1 flag=1->1 state=2->2
20:40:29.975   450 opcode=0x03E4 elapsed_us=31.5 ret=1 flag=1->1 state=2->2
20:40:29.975   451 opcode=0x03E4 elapsed_us=31.5 ret=1 flag=1->1 state=2->2
20:40:29.975   452 opcode=0x03E4 elapsed_us=31.4 ret=1 flag=1->1 state=2->2
20:40:29.976   453 opcode=0x03E4 elapsed_us=31.5 ret=1 flag=1->1 state=2->2
20:40:29.976   454 opcode=0x03E4 elapsed_us=31.8 ret=1 flag=1->1 state=2->2
20:40:29.976   455 opcode=0x03E4 elapsed_us=31.9 ret=1 flag=1->1 state=2->2
20:40:29.976   456 opcode=0x03E4 elapsed_us=32.3 ret=1 flag=1->1 state=2->2
20:40:29.977   457 opcode=0x03E4 elapsed_us=30.8 ret=1 flag=1->1 state=2->2
20:40:29.977   458 opcode=0x03E4 elapsed_us=34.6 ret=1 flag=1->1 state=2->2
20:40:29.977   459 opcode=0x03E4 elapsed_us=31.8 ret=1 flag=1->1 state=2->2
20:40:29.977   460 opcode=0x03E4 elapsed_us=31.9 ret=1 flag=1->1 state=2->2
20:40:29.977   461 opcode=0x03E4 elapsed_us=32.4 ret=1 flag=1->1 state=2->2
20:40:29.978   462 opcode=0x03E4 elapsed_us=31.1 ret=1 flag=1->1 state=2->2
20:40:29.978   463 opcode=0x03E4 elapsed_us=31.5 ret=1 flag=1->1 state=2->2
20:40:29.978   464 opcode=0x03E4 elapsed_us=31.1 ret=1 flag=1->1 state=2->2
20:40:29.978   465 opcode=0x03E4 elapsed_us=31.6 ret=1 flag=1->1 state=2->2
20:40:29.979   466 opcode=0x03E4 elapsed_us=31.6 ret=1 flag=1->1 state=2->2
20:40:29.979   467 opcode=0x03E4 elapsed_us=34.7 ret=1 flag=1->1 state=2->2
20:40:29.979   468 opcode=0x03E4 elapsed_us=31.2 ret=1 flag=1->1 state=2->2
20:40:29.979   469 opcode=0x03E4 elapsed_us=31.3 ret=1 flag=1->1 state=2->2
20:40:29.979   470 opcode=0x03E4 elapsed_us=31.4 ret=1 flag=1->1 state=2->2
20:40:29.980   471 opcode=0x03E4 elapsed_us=31.2 ret=1 flag=1->1 state=2->2
20:40:29.980   472 opcode=0x03E4 elapsed_us=31.9 ret=1 flag=1->1 state=2->2
20:40:29.980   473 opcode=0x03E4 elapsed_us=31.1 ret=1 flag=1->1 state=2->2
20:40:29.980   474 opcode=0x03E4 elapsed_us=31.0 ret=1 flag=1->1 state=2->2
20:40:29.981   475 opcode=0x03E4 elapsed_us=31.3 ret=1 flag=1->1 state=2->2
20:40:29.981   476 opcode=0x03E4 elapsed_us=31.6 ret=1 flag=1->1 state=2->2
20:40:29.981   477 opcode=0x03E4 elapsed_us=32.1 ret=1 flag=1->1 state=2->2
20:40:29.981   478 opcode=0x03E4 elapsed_us=31.5 ret=1 flag=1->1 state=2->2
20:40:29.981   479 opcode=0x03E4 elapsed_us=31.9 ret=1 flag=1->1 state=2->2
20:40:29.982   480 opcode=0x03E4 elapsed_us=31.3 ret=1 flag=1->1 state=2->2
20:40:29.982   481 opcode=0x03E4 elapsed_us=32.3 ret=1 flag=1->1 state=2->2
20:40:29.982   482 opcode=0x03E4 elapsed_us=31.5 ret=1 flag=1->1 state=2->2
20:40:30.503   483 opcode=0x03E4 elapsed_us=89.4 ret=1 flag=1->1 state=2->2
20:40:30.863   484 opcode=0x03E4 elapsed_us=99.5 ret=1 flag=1->1 state=2->2
20:40:30.893   485 opcode=0x03E4 elapsed_us=101.5 ret=1 flag=1->1 state=2->2
20:40:31.043   486 opcode=0x03E4 elapsed_us=96.3 ret=1 flag=1->1 state=2->2
20:40:31.043   487 opcode=0x03E4 elapsed_us=60.2 ret=1 flag=1->1 state=2->2
20:40:31.043   488 opcode=0x03E4 elapsed_us=47.9 ret=1 flag=1->1 state=2->2
20:40:31.044   489 opcode=0x03E4 elapsed_us=42.0 ret=1 flag=1->1 state=2->2
20:40:31.044   490 opcode=0x03E4 elapsed_us=37.0 ret=1 flag=1->1 state=2->2
20:40:31.044   491 opcode=0x03E4 elapsed_us=34.1 ret=1 flag=1->1 state=2->2
20:40:31.044   492 opcode=0x03E4 elapsed_us=32.5 ret=1 flag=1->1 state=2->2
20:40:31.045   493 opcode=0x03E4 elapsed_us=38.2 ret=1 flag=1->1 state=2->2
20:40:31.045   494 opcode=0x03E4 elapsed_us=35.1 ret=1 flag=1->1 state=2->2
20:40:31.045   495 opcode=0x03E4 elapsed_us=33.0 ret=1 flag=1->1 state=2->2
20:40:31.045   496 opcode=0x03E4 elapsed_us=32.9 ret=1 flag=1->1 state=2->2
20:40:31.046   497 opcode=0x03E4 elapsed_us=32.1 ret=1 flag=1->1 state=2->2
20:40:31.046   498 opcode=0x03E4 elapsed_us=31.2 ret=1 flag=1->1 state=2->2
20:40:31.046   499 opcode=0x03E4 elapsed_us=32.9 ret=1 flag=1->1 state=2->2
20:40:31.046   500 opcode=0x03E4 elapsed_us=31.2 ret=1 flag=1->1 state=2->2
20:40:31.047   501 opcode=0x03E4 elapsed_us=47.7 ret=1 flag=1->1 state=2->2
20:40:31.047   502 opcode=0x03E4 elapsed_us=43.9 ret=1 flag=1->1 state=2->2
20:40:31.047   503 opcode=0x03E4 elapsed_us=40.9 ret=1 flag=1->1 state=2->2
20:40:31.048   504 opcode=0x03E4 elapsed_us=38.6 ret=1 flag=1->1 state=2->2
20:40:31.048   505 opcode=0x03E4 elapsed_us=39.5 ret=1 flag=1->1 state=2->2
20:40:31.048   506 opcode=0x03E4 elapsed_us=38.6 ret=1 flag=1->1 state=2->2
20:40:31.048   507 opcode=0x03E4 elapsed_us=38.1 ret=1 flag=1->1 state=2->2
20:40:31.049   508 opcode=0x03E4 elapsed_us=39.1 ret=1 flag=1->1 state=2->2
20:40:31.049   509 opcode=0x03E4 elapsed_us=35.5 ret=1 flag=1->1 state=2->2
20:40:31.049   510 opcode=0x03E4 elapsed_us=34.1 ret=1 flag=1->1 state=2->2
20:40:31.049   511 opcode=0x03E4 elapsed_us=33.5 ret=1 flag=1->1 state=2->2
20:40:31.050   512 opcode=0x03E4 elapsed_us=32.4 ret=1 flag=1->1 state=2->2
20:40:31.050   513 opcode=0x03E4 elapsed_us=33.4 ret=1 flag=1->1 state=2->2
20:40:31.050   514 opcode=0x03E4 elapsed_us=32.6 ret=1 flag=1->1 state=2->2
20:40:31.050   515 opcode=0x03E4 elapsed_us=33.8 ret=1 flag=1->1 state=2->2
20:40:31.051   516 opcode=0x03E4 elapsed_us=32.5 ret=1 flag=1->1 state=2->2
20:40:31.051   517 opcode=0x03E4 elapsed_us=32.4 ret=1 flag=1->1 state=2->2
20:40:31.051   518 opcode=0x03E4 elapsed_us=32.4 ret=1 flag=1->1 state=2->2
20:40:31.051   519 opcode=0x03E4 elapsed_us=31.8 ret=1 flag=1->1 state=2->2
20:40:31.052   520 opcode=0x03E4 elapsed_us=38.6 ret=1 flag=1->1 state=2->2
20:40:31.052   521 opcode=0x03E4 elapsed_us=34.8 ret=1 flag=1->1 state=2->2
20:40:31.052   522 opcode=0x03E4 elapsed_us=33.2 ret=1 flag=1->1 state=2->2
20:40:31.052   523 opcode=0x03E4 elapsed_us=34.1 ret=1 flag=1->1 state=2->2
20:40:31.053   524 opcode=0x03E4 elapsed_us=32.6 ret=1 flag=1->1 state=2->2
20:40:31.053   525 opcode=0x03E4 elapsed_us=31.5 ret=1 flag=1->1 state=2->2
20:40:31.053   526 opcode=0x03E4 elapsed_us=33.0 ret=1 flag=1->1 state=2->2
20:40:31.053   527 opcode=0x03E4 elapsed_us=31.5 ret=1 flag=1->1 state=2->2
20:40:31.054   528 opcode=0x03E4 elapsed_us=31.5 ret=1 flag=1->1 state=2->2
20:40:31.054   529 opcode=0x03E4 elapsed_us=31.9 ret=1 flag=1->1 state=2->2
20:40:31.054   530 opcode=0x03E4 elapsed_us=32.6 ret=1 flag=1->1 state=2->2
20:40:31.054   531 opcode=0x03E4 elapsed_us=31.4 ret=1 flag=1->1 state=2->2
20:40:31.493   532 opcode=0x03E4 elapsed_us=103.0 ret=1 flag=1->1 state=2->2
20:40:31.583   533 opcode=0x03E4 elapsed_us=97.1 ret=1 flag=1->1 state=2->2
20:40:31.973   534 opcode=0x03E4 elapsed_us=101.1 ret=1 flag=1->1 state=2->2
20:40:32.097 ***** SESSION obj=0x6098898 +0x2270=0x00 +0x227c=0x00 world=0 channel=0 -> no dialog (flag bit 2 clear) *****
20:40:32.123   535 opcode=0x03E4 elapsed_us=85.2 ret=1 flag=1->1 state=2->2
20:40:32.123   536 opcode=0x03E4 elapsed_us=55.0 ret=1 flag=1->1 state=2->2
20:40:32.123   537 opcode=0x03E4 elapsed_us=42.8 ret=1 flag=1->1 state=2->2
20:40:32.124   538 opcode=0x03E4 elapsed_us=35.6 ret=1 flag=1->1 state=2->2
20:40:32.124   539 opcode=0x03E4 elapsed_us=34.5 ret=1 flag=1->1 state=2->2
20:40:32.124   540 opcode=0x03E4 elapsed_us=33.0 ret=1 flag=1->1 state=2->2
20:40:32.124   541 opcode=0x03E4 elapsed_us=32.6 ret=1 flag=1->1 state=2->2
20:40:32.125   542 opcode=0x03E4 elapsed_us=39.3 ret=1 flag=1->1 state=2->2
20:40:32.125   543 opcode=0x03E4 elapsed_us=34.6 ret=1 flag=1->1 state=2->2
20:40:32.125   544 opcode=0x03E4 elapsed_us=32.6 ret=1 flag=1->1 state=2->2
20:40:32.125   545 opcode=0x03E4 elapsed_us=31.9 ret=1 flag=1->1 state=2->2
20:40:32.126   546 opcode=0x03E4 elapsed_us=31.5 ret=1 flag=1->1 state=2->2
20:40:32.126   547 opcode=0x03E4 elapsed_us=32.2 ret=1 flag=1->1 state=2->2
20:40:32.126   548 opcode=0x03E4 elapsed_us=32.7 ret=1 flag=1->1 state=2->2
20:40:32.126   549 opcode=0x03E4 elapsed_us=31.5 ret=1 flag=1->1 state=2->2
20:40:32.127   550 opcode=0x03E4 elapsed_us=31.0 ret=1 flag=1->1 state=2->2
20:40:32.127   551 opcode=0x03E4 elapsed_us=38.6 ret=1 flag=1->1 state=2->2
20:40:32.127   552 opcode=0x03E4 elapsed_us=34.7 ret=1 flag=1->1 state=2->2
20:40:32.127   553 opcode=0x03E4 elapsed_us=32.8 ret=1 flag=1->1 state=2->2
20:40:32.128   554 opcode=0x03E4 elapsed_us=32.1 ret=1 flag=1->1 state=2->2
20:40:32.128   555 opcode=0x03E4 elapsed_us=32.2 ret=1 flag=1->1 state=2->2
20:40:32.128   556 opcode=0x03E4 elapsed_us=31.2 ret=1 flag=1->1 state=2->2
20:40:32.128   557 opcode=0x03E4 elapsed_us=31.2 ret=1 flag=1->1 state=2->2
20:40:32.128   558 opcode=0x03E4 elapsed_us=31.1 ret=1 flag=1->1 state=2->2
20:40:32.129   559 opcode=0x03E4 elapsed_us=33.1 ret=1 flag=1->1 state=2->2
20:40:32.129   560 opcode=0x03E4 elapsed_us=31.2 ret=1 flag=1->1 state=2->2
20:40:32.129   561 opcode=0x03E4 elapsed_us=30.7 ret=1 flag=1->1 state=2->2
20:40:32.129   562 opcode=0x03E4 elapsed_us=30.9 ret=1 flag=1->1 state=2->2
20:40:32.130   563 opcode=0x03E4 elapsed_us=30.8 ret=1 flag=1->1 state=2->2
20:40:32.130   564 opcode=0x03E4 elapsed_us=31.3 ret=1 flag=1->1 state=2->2
20:40:32.130   565 opcode=0x03E4 elapsed_us=32.1 ret=1 flag=1->1 state=2->2
20:40:32.130   566 opcode=0x03E4 elapsed_us=31.2 ret=1 flag=1->1 state=2->2
20:40:32.130   567 opcode=0x03E4 elapsed_us=31.2 ret=1 flag=1->1 state=2->2
20:40:32.131   568 opcode=0x03E4 elapsed_us=32.8 ret=1 flag=1->1 state=2->2
20:40:32.131   569 opcode=0x03E4 elapsed_us=31.9 ret=1 flag=1->1 state=2->2
20:40:32.131   570 opcode=0x03E4 elapsed_us=31.6 ret=1 flag=1->1 state=2->2
20:40:32.131   571 opcode=0x03E4 elapsed_us=31.3 ret=1 flag=1->1 state=2->2
20:40:32.132   572 opcode=0x03E4 elapsed_us=31.2 ret=1 flag=1->1 state=2->2
20:40:32.132   573 opcode=0x03E4 elapsed_us=31.4 ret=1 flag=1->1 state=2->2
20:40:32.132   574 opcode=0x03E4 elapsed_us=30.8 ret=1 flag=1->1 state=2->2
20:40:32.132   575 opcode=0x03E4 elapsed_us=31.2 ret=1 flag=1->1 state=2->2
20:40:32.132   576 opcode=0x03E4 elapsed_us=32.7 ret=1 flag=1->1 state=2->2
20:40:32.133   577 opcode=0x03E4 elapsed_us=31.0 ret=1 flag=1->1 state=2->2
20:40:32.133   578 opcode=0x03E4 elapsed_us=31.3 ret=1 flag=1->1 state=2->2
20:40:32.133   579 opcode=0x03E4 elapsed_us=31.2 ret=1 flag=1->1 state=2->2
20:40:32.133   580 opcode=0x03E4 elapsed_us=31.4 ret=1 flag=1->1 state=2->2
20:40:32.134   581 opcode=0x03E4 elapsed_us=31.4 ret=1 flag=1->1 state=2->2
20:40:32.393   582 opcode=0x03E4 elapsed_us=89.4 ret=1 flag=1->1 state=2->2
20:40:32.753   583 opcode=0x03E4 elapsed_us=89.4 ret=1 flag=1->1 state=2->2
20:40:33.053   584 opcode=0x03E4 elapsed_us=98.2 ret=1 flag=1->1 state=2->2
20:40:33.204   585 opcode=0x03E4 elapsed_us=86.7 ret=1 flag=1->1 state=2->2
20:40:33.204   586 opcode=0x03E4 elapsed_us=58.2 ret=1 flag=1->1 state=2->2
20:40:33.204   587 opcode=0x03E4 elapsed_us=42.8 ret=1 flag=1->1 state=2->2
20:40:33.204   588 opcode=0x03E4 elapsed_us=35.4 ret=1 flag=1->1 state=2->2
20:40:33.205   589 opcode=0x03E4 elapsed_us=49.0 ret=1 flag=1->1 state=2->2
20:40:33.205   590 opcode=0x03E4 elapsed_us=42.7 ret=1 flag=1->1 state=2->2
20:40:33.205   591 opcode=0x03E4 elapsed_us=41.5 ret=1 flag=1->1 state=2->2
20:40:33.206   592 opcode=0x03E4 elapsed_us=39.5 ret=1 flag=1->1 state=2->2
20:40:33.206   593 opcode=0x03E4 elapsed_us=39.7 ret=1 flag=1->1 state=2->2
20:40:33.206   594 opcode=0x03E4 elapsed_us=32.7 ret=1 flag=1->1 state=2->2
20:40:33.206   595 opcode=0x03E4 elapsed_us=43.3 ret=1 flag=1->1 state=2->2
20:40:33.207   596 opcode=0x03E4 elapsed_us=36.9 ret=1 flag=1->1 state=2->2
20:40:33.207   597 opcode=0x03E4 elapsed_us=33.5 ret=1 flag=1->1 state=2->2
20:40:33.207   598 opcode=0x03E4 elapsed_us=32.1 ret=1 flag=1->1 state=2->2
20:40:33.207   599 opcode=0x03E4 elapsed_us=33.7 ret=1 flag=1->1 state=2->2
20:40:33.208   600 opcode=0x03E4 elapsed_us=31.5 ret=1 flag=1->1 state=2->2
20:40:33.208   601 opcode=0x03E4 elapsed_us=31.4 ret=1 flag=1->1 state=2->2
20:40:33.208   602 opcode=0x03E4 elapsed_us=32.8 ret=1 flag=1->1 state=2->2
20:40:33.208   603 opcode=0x03E4 elapsed_us=31.0 ret=1 flag=1->1 state=2->2
20:40:33.208   604 opcode=0x03E4 elapsed_us=31.9 ret=1 flag=1->1 state=2->2
20:40:33.209   605 opcode=0x03E4 elapsed_us=31.2 ret=1 flag=1->1 state=2->2
20:40:33.209   606 opcode=0x03E4 elapsed_us=31.3 ret=1 flag=1->1 state=2->2
20:40:33.209   607 opcode=0x03E4 elapsed_us=30.8 ret=1 flag=1->1 state=2->2
20:40:33.209   608 opcode=0x03E4 elapsed_us=31.0 ret=1 flag=1->1 state=2->2
20:40:33.210   609 opcode=0x03E4 elapsed_us=31.6 ret=1 flag=1->1 state=2->2
20:40:33.210   610 opcode=0x03E4 elapsed_us=30.7 ret=1 flag=1->1 state=2->2
20:40:33.210   611 opcode=0x03E4 elapsed_us=31.0 ret=1 flag=1->1 state=2->2
20:40:33.210   612 opcode=0x03E4 elapsed_us=31.5 ret=1 flag=1->1 state=2->2
20:40:33.210   613 opcode=0x03E4 elapsed_us=31.3 ret=1 flag=1->1 state=2->2
20:40:33.211   614 opcode=0x03E4 elapsed_us=30.9 ret=1 flag=1->1 state=2->2
20:40:33.211   615 opcode=0x03E4 elapsed_us=31.1 ret=1 flag=1->1 state=2->2
20:40:33.211   616 opcode=0x03E4 elapsed_us=31.0 ret=1 flag=1->1 state=2->2
20:40:33.211   617 opcode=0x03E4 elapsed_us=30.9 ret=1 flag=1->1 state=2->2
20:40:33.212   618 opcode=0x03E4 elapsed_us=32.1 ret=1 flag=1->1 state=2->2
20:40:33.212   619 opcode=0x03E4 elapsed_us=31.1 ret=1 flag=1->1 state=2->2
20:40:33.212   620 opcode=0x03E4 elapsed_us=32.3 ret=1 flag=1->1 state=2->2
20:40:33.212   621 opcode=0x03E4 elapsed_us=31.2 ret=1 flag=1->1 state=2->2
20:40:33.212   622 opcode=0x03E4 elapsed_us=31.5 ret=1 flag=1->1 state=2->2
20:40:33.213   623 opcode=0x03E4 elapsed_us=31.1 ret=1 flag=1->1 state=2->2
20:40:33.213   624 opcode=0x03E4 elapsed_us=31.5 ret=1 flag=1->1 state=2->2
20:40:33.213   625 opcode=0x03E4 elapsed_us=31.1 ret=1 flag=1->1 state=2->2
20:40:33.213   626 opcode=0x03E4 elapsed_us=31.0 ret=1 flag=1->1 state=2->2
20:40:33.214   627 opcode=0x03E4 elapsed_us=46.6 ret=1 flag=1->1 state=2->2
20:40:33.214   628 opcode=0x03E4 elapsed_us=41.4 ret=1 flag=1->1 state=2->2
20:40:33.214   629 opcode=0x03E4 elapsed_us=39.8 ret=1 flag=1->1 state=2->2
20:40:33.215   630 opcode=0x03E4 elapsed_us=47.8 ret=1 flag=1->1 state=2->2
20:40:33.384   631 opcode=0x03E4 elapsed_us=101.3 ret=1 flag=1->1 state=2->2
20:40:33.474   632 opcode=0x03E4 elapsed_us=99.1 ret=1 flag=1->1 state=2->2
20:40:34.133   633 opcode=0x03E4 elapsed_us=98.0 ret=1 flag=1->1 state=2->2
20:40:34.284   634 opcode=0x03E4 elapsed_us=85.1 ret=1 flag=1->1 state=2->2
20:40:34.284   635 opcode=0x03E4 elapsed_us=55.1 ret=1 flag=1->1 state=2->2
20:40:34.284   636 opcode=0x03E4 elapsed_us=42.7 ret=1 flag=1->1 state=2->2
20:40:34.284   637 opcode=0x03E4 elapsed_us=36.9 ret=1 flag=1->1 state=2->2
20:40:34.285   638 opcode=0x03E4 elapsed_us=48.5 ret=1 flag=1->1 state=2->2
20:40:34.285   639 opcode=0x03E4 elapsed_us=42.9 ret=1 flag=1->1 state=2->2
20:40:34.285   640 opcode=0x03E4 elapsed_us=39.7 ret=1 flag=1->1 state=2->2
20:40:34.286   641 opcode=0x03E4 elapsed_us=38.8 ret=1 flag=1->1 state=2->2
20:40:34.286   642 opcode=0x03E4 elapsed_us=47.8 ret=1 flag=1->1 state=2->2
20:40:34.286   643 opcode=0x03E4 elapsed_us=40.1 ret=1 flag=1->1 state=2->2
20:40:34.286   644 opcode=0x03E4 elapsed_us=34.8 ret=1 flag=1->1 state=2->2
20:40:34.287   645 opcode=0x03E4 elapsed_us=32.7 ret=1 flag=1->1 state=2->2
20:40:34.287   646 opcode=0x03E4 elapsed_us=31.5 ret=1 flag=1->1 state=2->2
20:40:34.287   647 opcode=0x03E4 elapsed_us=31.6 ret=1 flag=1->1 state=2->2
20:40:34.287   648 opcode=0x03E4 elapsed_us=31.5 ret=1 flag=1->1 state=2->2
20:40:34.288   649 opcode=0x03E4 elapsed_us=31.9 ret=1 flag=1->1 state=2->2
20:40:34.288   650 opcode=0x03E4 elapsed_us=31.1 ret=1 flag=1->1 state=2->2
20:40:34.288   651 opcode=0x03E4 elapsed_us=31.3 ret=1 flag=1->1 state=2->2
20:40:34.288   652 opcode=0x03E4 elapsed_us=31.3 ret=1 flag=1->1 state=2->2
20:40:34.289   653 opcode=0x03E4 elapsed_us=31.5 ret=1 flag=1->1 state=2->2
20:40:34.289   654 opcode=0x03E4 elapsed_us=31.1 ret=1 flag=1->1 state=2->2
20:40:34.289   655 opcode=0x03E4 elapsed_us=31.2 ret=1 flag=1->1 state=2->2
20:40:34.289   656 opcode=0x03E4 elapsed_us=30.9 ret=1 flag=1->1 state=2->2
20:40:34.289   657 opcode=0x03E4 elapsed_us=31.0 ret=1 flag=1->1 state=2->2
20:40:34.290   658 opcode=0x03E4 elapsed_us=32.1 ret=1 flag=1->1 state=2->2
20:40:34.290   659 opcode=0x03E4 elapsed_us=31.0 ret=1 flag=1->1 state=2->2
20:40:34.290   660 opcode=0x03E4 elapsed_us=31.6 ret=1 flag=1->1 state=2->2
20:40:34.290   661 opcode=0x03E4 elapsed_us=31.5 ret=1 flag=1->1 state=2->2
20:40:34.291   662 opcode=0x03E4 elapsed_us=31.3 ret=1 flag=1->1 state=2->2
20:40:34.291   663 opcode=0x03E4 elapsed_us=31.3 ret=1 flag=1->1 state=2->2
20:40:34.291   664 opcode=0x03E4 elapsed_us=47.4 ret=1 flag=1->1 state=2->2
20:40:34.291   665 opcode=0x03E4 elapsed_us=31.7 ret=1 flag=1->1 state=2->2
20:40:34.291   666 opcode=0x03E4 elapsed_us=31.0 ret=1 flag=1->1 state=2->2
20:40:34.292   667 opcode=0x03E4 elapsed_us=31.2 ret=1 flag=1->1 state=2->2
20:40:34.292   668 opcode=0x03E4 elapsed_us=31.5 ret=1 flag=1->1 state=2->2
20:40:34.292   669 opcode=0x03E4 elapsed_us=33.0 ret=1 flag=1->1 state=2->2
20:40:34.292   670 opcode=0x03E4 elapsed_us=31.7 ret=1 flag=1->1 state=2->2
20:40:34.293   671 opcode=0x03E4 elapsed_us=33.1 ret=1 flag=1->1 state=2->2
20:40:34.293   672 opcode=0x03E4 elapsed_us=31.5 ret=1 flag=1->1 state=2->2
20:40:34.293   673 opcode=0x03E4 elapsed_us=31.6 ret=1 flag=1->1 state=2->2
20:40:34.293   674 opcode=0x03E4 elapsed_us=31.5 ret=1 flag=1->1 state=2->2
20:40:34.293   675 opcode=0x03E4 elapsed_us=30.9 ret=1 flag=1->1 state=2->2
20:40:34.294   676 opcode=0x03E4 elapsed_us=31.0 ret=1 flag=1->1 state=2->2
20:40:34.294   677 opcode=0x03E4 elapsed_us=31.2 ret=1 flag=1->1 state=2->2
20:40:34.294   678 opcode=0x03E4 elapsed_us=31.4 ret=1 flag=1->1 state=2->2
20:40:34.294   679 opcode=0x03E4 elapsed_us=32.2 ret=1 flag=1->1 state=2->2
20:40:34.463   680 opcode=0x03E4 elapsed_us=97.5 ret=1 flag=1->1 state=2->2
20:40:34.553   681 opcode=0x03E4 elapsed_us=116.7 ret=1 flag=1->1 state=2->2
20:40:35.104 ***** SESSION obj=0x6098898 +0x2270=0x00 +0x227c=0x00 world=0 channel=0 -> no dialog (flag bit 2 clear) *****
20:40:35.214   682 opcode=0x03E4 elapsed_us=116.1 ret=1 flag=1->1 state=2->2
20:40:35.364   683 opcode=0x03E4 elapsed_us=95.8 ret=1 flag=1->1 state=2->2
20:40:35.364   684 opcode=0x03E4 elapsed_us=58.6 ret=1 flag=1->1 state=2->2
20:40:35.364   685 opcode=0x03E4 elapsed_us=46.8 ret=1 flag=1->1 state=2->2
20:40:35.364   686 opcode=0x03E4 elapsed_us=44.6 ret=1 flag=1->1 state=2->2
20:40:35.365   687 opcode=0x03E4 elapsed_us=41.4 ret=1 flag=1->1 state=2->2
20:40:35.365   688 opcode=0x03E4 elapsed_us=36.4 ret=1 flag=1->1 state=2->2
20:40:35.365   689 opcode=0x03E4 elapsed_us=33.3 ret=1 flag=1->1 state=2->2
20:40:35.366   690 opcode=0x03E4 elapsed_us=34.0 ret=1 flag=1->1 state=2->2
20:40:35.366   691 opcode=0x03E4 elapsed_us=33.2 ret=1 flag=1->1 state=2->2
20:40:35.366   692 opcode=0x03E4 elapsed_us=31.8 ret=1 flag=1->1 state=2->2
20:40:35.366   693 opcode=0x03E4 elapsed_us=32.4 ret=1 flag=1->1 state=2->2
20:40:35.366   694 opcode=0x03E4 elapsed_us=31.3 ret=1 flag=1->1 state=2->2
20:40:35.367   695 opcode=0x03E4 elapsed_us=31.7 ret=1 flag=1->1 state=2->2
20:40:35.367   696 opcode=0x03E4 elapsed_us=32.8 ret=1 flag=1->1 state=2->2
20:40:35.367   697 opcode=0x03E4 elapsed_us=31.8 ret=1 flag=1->1 state=2->2
20:40:35.367   698 opcode=0x03E4 elapsed_us=32.6 ret=1 flag=1->1 state=2->2
20:40:35.368   699 opcode=0x03E4 elapsed_us=33.2 ret=1 flag=1->1 state=2->2
20:40:35.368   700 opcode=0x03E4 elapsed_us=31.7 ret=1 flag=1->1 state=2->2
20:40:35.368   701 opcode=0x03E4 elapsed_us=33.0 ret=1 flag=1->1 state=2->2
20:40:35.368   702 opcode=0x03E4 elapsed_us=32.5 ret=1 flag=1->1 state=2->2
20:40:35.369   703 opcode=0x03E4 elapsed_us=32.3 ret=1 flag=1->1 state=2->2
20:40:35.369   704 opcode=0x03E4 elapsed_us=32.2 ret=1 flag=1->1 state=2->2
20:40:35.369   705 opcode=0x03E4 elapsed_us=32.2 ret=1 flag=1->1 state=2->2
20:40:35.369   706 opcode=0x03E4 elapsed_us=39.3 ret=1 flag=1->1 state=2->2
20:40:35.370   707 opcode=0x03E4 elapsed_us=35.3 ret=1 flag=1->1 state=2->2
20:40:35.370   708 opcode=0x03E4 elapsed_us=33.3 ret=1 flag=1->1 state=2->2
20:40:35.370   709 opcode=0x03E4 elapsed_us=37.5 ret=1 flag=1->1 state=2->2
20:40:35.370   710 opcode=0x03E4 elapsed_us=33.5 ret=1 flag=1->1 state=2->2
20:40:35.371   711 opcode=0x03E4 elapsed_us=33.3 ret=1 flag=1->1 state=2->2
20:40:35.371   712 opcode=0x03E4 elapsed_us=33.2 ret=1 flag=1->1 state=2->2
20:40:35.371   713 opcode=0x03E4 elapsed_us=33.4 ret=1 flag=1->1 state=2->2
20:40:35.371   714 opcode=0x03E4 elapsed_us=33.1 ret=1 flag=1->1 state=2->2
20:40:35.372   715 opcode=0x03E4 elapsed_us=32.3 ret=1 flag=1->1 state=2->2
20:40:35.372   716 opcode=0x03E4 elapsed_us=32.7 ret=1 flag=1->1 state=2->2
20:40:35.372   717 opcode=0x03E4 elapsed_us=32.4 ret=1 flag=1->1 state=2->2
20:40:35.372   718 opcode=0x03E4 elapsed_us=40.5 ret=1 flag=1->1 state=2->2
20:40:35.373   719 opcode=0x03E4 elapsed_us=36.5 ret=1 flag=1->1 state=2->2
20:40:35.373   720 opcode=0x03E4 elapsed_us=39.8 ret=1 flag=1->1 state=2->2
20:40:35.373   721 opcode=0x03E4 elapsed_us=36.3 ret=1 flag=1->1 state=2->2
20:40:35.374   722 opcode=0x03E4 elapsed_us=35.4 ret=1 flag=1->1 state=2->2
20:40:35.374   723 opcode=0x03E4 elapsed_us=34.2 ret=1 flag=1->1 state=2->2
20:40:35.374   724 opcode=0x03E4 elapsed_us=33.1 ret=1 flag=1->1 state=2->2
20:40:35.374   725 opcode=0x03E4 elapsed_us=33.1 ret=1 flag=1->1 state=2->2
20:40:35.375   726 opcode=0x03E4 elapsed_us=39.5 ret=1 flag=1->1 state=2->2
20:40:35.378   727 opcode=0x03E4 elapsed_us=40.3 ret=1 flag=1->1 state=2->2
20:40:35.379   728 opcode=0x03E4 elapsed_us=36.3 ret=1 flag=1->1 state=2->2
20:40:35.544   729 opcode=0x03E4 elapsed_us=94.6 ret=1 flag=1->1 state=2->2
20:40:35.633   730 opcode=0x03E4 elapsed_us=104.7 ret=1 flag=1->1 state=2->2
20:40:36.293   731 opcode=0x03E4 elapsed_us=99.1 ret=1 flag=1->1 state=2->2
20:40:36.444   732 opcode=0x03E4 elapsed_us=95.1 ret=1 flag=1->1 state=2->2
20:40:36.444   733 opcode=0x03E4 elapsed_us=39.7 ret=1 flag=1->1 state=2->2
20:40:36.444   734 opcode=0x03E4 elapsed_us=35.3 ret=1 flag=1->1 state=2->2
20:40:36.445   735 opcode=0x03E4 elapsed_us=39.2 ret=1 flag=1->1 state=2->2
20:40:36.445   736 opcode=0x03E4 elapsed_us=34.8 ret=1 flag=1->1 state=2->2
20:40:36.445   737 opcode=0x03E4 elapsed_us=32.7 ret=1 flag=1->1 state=2->2
20:40:36.446   738 opcode=0x03E4 elapsed_us=39.0 ret=1 flag=1->1 state=2->2
20:40:36.446   739 opcode=0x03E4 elapsed_us=35.1 ret=1 flag=1->1 state=2->2
20:40:36.446   740 opcode=0x03E4 elapsed_us=33.7 ret=1 flag=1->1 state=2->2
20:40:36.446   741 opcode=0x03E4 elapsed_us=33.0 ret=1 flag=1->1 state=2->2
20:40:36.446   742 opcode=0x03E4 elapsed_us=32.6 ret=1 flag=1->1 state=2->2
20:40:36.447   743 opcode=0x03E4 elapsed_us=31.3 ret=1 flag=1->1 state=2->2
20:40:36.447   744 opcode=0x03E4 elapsed_us=32.6 ret=1 flag=1->1 state=2->2
20:40:36.447   745 opcode=0x03E4 elapsed_us=31.5 ret=1 flag=1->1 state=2->2
20:40:36.447   746 opcode=0x03E4 elapsed_us=31.1 ret=1 flag=1->1 state=2->2
20:40:36.448   747 opcode=0x03E4 elapsed_us=32.3 ret=1 flag=1->1 state=2->2
20:40:36.448   748 opcode=0x03E4 elapsed_us=31.4 ret=1 flag=1->1 state=2->2
20:40:36.448   749 opcode=0x03E4 elapsed_us=31.4 ret=1 flag=1->1 state=2->2
20:40:36.448   750 opcode=0x03E4 elapsed_us=30.9 ret=1 flag=1->1 state=2->2
20:40:36.448   751 opcode=0x03E4 elapsed_us=31.2 ret=1 flag=1->1 state=2->2
20:40:36.449   752 opcode=0x03E4 elapsed_us=31.8 ret=1 flag=1->1 state=2->2
20:40:36.449   753 opcode=0x03E4 elapsed_us=30.9 ret=1 flag=1->1 state=2->2
20:40:36.449   754 opcode=0x03E4 elapsed_us=31.0 ret=1 flag=1->1 state=2->2
20:40:36.449   755 opcode=0x03E4 elapsed_us=30.9 ret=1 flag=1->1 state=2->2
20:40:36.450   756 opcode=0x03E4 elapsed_us=32.2 ret=1 flag=1->1 state=2->2
20:40:36.450   757 opcode=0x03E4 elapsed_us=31.4 ret=1 flag=1->1 state=2->2
20:40:36.450   758 opcode=0x03E4 elapsed_us=30.9 ret=1 flag=1->1 state=2->2
20:40:36.450   759 opcode=0x03E4 elapsed_us=30.8 ret=1 flag=1->1 state=2->2
20:40:36.450   760 opcode=0x03E4 elapsed_us=31.7 ret=1 flag=1->1 state=2->2
20:40:36.451   761 opcode=0x03E4 elapsed_us=38.8 ret=1 flag=1->1 state=2->2
20:40:36.451   762 opcode=0x03E4 elapsed_us=34.9 ret=1 flag=1->1 state=2->2
20:40:36.451   763 opcode=0x03E4 elapsed_us=33.0 ret=1 flag=1->1 state=2->2
20:40:36.451   764 opcode=0x03E4 elapsed_us=31.6 ret=1 flag=1->1 state=2->2
20:40:36.452   765 opcode=0x03E4 elapsed_us=32.2 ret=1 flag=1->1 state=2->2
20:40:36.452   766 opcode=0x03E4 elapsed_us=32.2 ret=1 flag=1->1 state=2->2
20:40:36.452   767 opcode=0x03E4 elapsed_us=32.8 ret=1 flag=1->1 state=2->2
20:40:36.452   768 opcode=0x03E4 elapsed_us=31.3 ret=1 flag=1->1 state=2->2
20:40:36.453   769 opcode=0x03E4 elapsed_us=31.8 ret=1 flag=1->1 state=2->2
20:40:36.453   770 opcode=0x03E4 elapsed_us=31.1 ret=1 flag=1->1 state=2->2
20:40:36.453   771 opcode=0x03E4 elapsed_us=31.4 ret=1 flag=1->1 state=2->2
20:40:36.453   772 opcode=0x03E4 elapsed_us=31.4 ret=1 flag=1->1 state=2->2
20:40:36.454   773 opcode=0x03E4 elapsed_us=31.5 ret=1 flag=1->1 state=2->2
20:40:36.454   774 opcode=0x03E4 elapsed_us=38.6 ret=1 flag=1->1 state=2->2
20:40:36.454   775 opcode=0x03E4 elapsed_us=34.2 ret=1 flag=1->1 state=2->2
20:40:36.454   776 opcode=0x03E4 elapsed_us=32.9 ret=1 flag=1->1 state=2->2
20:40:36.455   777 opcode=0x03E4 elapsed_us=33.1 ret=1 flag=1->1 state=2->2
20:40:36.624   778 opcode=0x03E4 elapsed_us=102.6 ret=1 flag=1->1 state=2->2
20:40:36.714   779 opcode=0x03E4 elapsed_us=102.1 ret=1 flag=1->1 state=2->2
20:40:37.374   780 opcode=0x03E4 elapsed_us=101.5 ret=1 flag=1->1 state=2->2
20:40:37.524   781 opcode=0x03E4 elapsed_us=103.5 ret=1 flag=1->1 state=2->2
20:40:37.525   782 opcode=0x03E4 elapsed_us=48.8 ret=1 flag=1->1 state=2->2
20:40:37.525   783 opcode=0x03E4 elapsed_us=46.8 ret=1 flag=1->1 state=2->2
20:40:37.525   784 opcode=0x03E4 elapsed_us=35.4 ret=1 flag=1->1 state=2->2
20:40:37.526   785 opcode=0x03E4 elapsed_us=32.6 ret=1 flag=1->1 state=2->2
20:40:37.526   786 opcode=0x03E4 elapsed_us=31.8 ret=1 flag=1->1 state=2->2
20:40:37.526   787 opcode=0x03E4 elapsed_us=32.6 ret=1 flag=1->1 state=2->2
20:40:37.526   788 opcode=0x03E4 elapsed_us=32.9 ret=1 flag=1->1 state=2->2
20:40:37.527   789 opcode=0x03E4 elapsed_us=32.0 ret=1 flag=1->1 state=2->2
20:40:37.527   790 opcode=0x03E4 elapsed_us=32.0 ret=1 flag=1->1 state=2->2
20:40:37.527   791 opcode=0x03E4 elapsed_us=32.4 ret=1 flag=1->1 state=2->2
20:40:37.527   792 opcode=0x03E4 elapsed_us=31.5 ret=1 flag=1->1 state=2->2
20:40:37.527   793 opcode=0x03E4 elapsed_us=31.8 ret=1 flag=1->1 state=2->2
20:40:37.528   794 opcode=0x03E4 elapsed_us=31.9 ret=1 flag=1->1 state=2->2
20:40:37.528   795 opcode=0x03E4 elapsed_us=31.4 ret=1 flag=1->1 state=2->2
20:40:37.528   796 opcode=0x03E4 elapsed_us=31.2 ret=1 flag=1->1 state=2->2
20:40:37.528   797 opcode=0x03E4 elapsed_us=31.9 ret=1 flag=1->1 state=2->2
20:40:37.529   798 opcode=0x03E4 elapsed_us=31.8 ret=1 flag=1->1 state=2->2
20:40:37.529   799 opcode=0x03E4 elapsed_us=31.6 ret=1 flag=1->1 state=2->2
20:40:37.529   800 opcode=0x03E4 elapsed_us=39.2 ret=1 flag=1->1 state=2->2
20:40:37.529   801 opcode=0x03E4 elapsed_us=35.5 ret=1 flag=1->1 state=2->2
20:40:37.530   802 opcode=0x03E4 elapsed_us=39.1 ret=1 flag=1->1 state=2->2
20:40:37.530   803 opcode=0x03E4 elapsed_us=46.8 ret=1 flag=1->1 state=2->2
20:40:37.530   804 opcode=0x03E4 elapsed_us=37.2 ret=1 flag=1->1 state=2->2
20:40:37.530   805 opcode=0x03E4 elapsed_us=34.5 ret=1 flag=1->1 state=2->2
20:40:37.531   806 opcode=0x03E4 elapsed_us=33.2 ret=1 flag=1->1 state=2->2
20:40:37.531   807 opcode=0x03E4 elapsed_us=43.0 ret=1 flag=1->1 state=2->2
20:40:37.531   808 opcode=0x03E4 elapsed_us=34.9 ret=1 flag=1->1 state=2->2
20:40:37.531   809 opcode=0x03E4 elapsed_us=33.6 ret=1 flag=1->1 state=2->2
20:40:37.532   810 opcode=0x03E4 elapsed_us=33.9 ret=1 flag=1->1 state=2->2
20:40:37.532   811 opcode=0x03E4 elapsed_us=35.9 ret=1 flag=1->1 state=2->2
20:40:37.532   812 opcode=0x03E4 elapsed_us=32.8 ret=1 flag=1->1 state=2->2
20:40:37.532   813 opcode=0x03E4 elapsed_us=33.0 ret=1 flag=1->1 state=2->2
20:40:37.533   814 opcode=0x03E4 elapsed_us=33.1 ret=1 flag=1->1 state=2->2
20:40:37.533   815 opcode=0x03E4 elapsed_us=39.1 ret=1 flag=1->1 state=2->2
20:40:37.533   816 opcode=0x03E4 elapsed_us=35.3 ret=1 flag=1->1 state=2->2
20:40:37.534   817 opcode=0x03E4 elapsed_us=33.4 ret=1 flag=1->1 state=2->2
20:40:37.534   818 opcode=0x03E4 elapsed_us=39.0 ret=1 flag=1->1 state=2->2
20:40:37.534   819 opcode=0x03E4 elapsed_us=35.1 ret=1 flag=1->1 state=2->2
20:40:37.535   820 opcode=0x03E4 elapsed_us=39.6 ret=1 flag=1->1 state=2->2
20:40:37.535   821 opcode=0x03E4 elapsed_us=35.9 ret=1 flag=1->1 state=2->2
20:40:37.535   822 opcode=0x03E4 elapsed_us=34.7 ret=1 flag=1->1 state=2->2
20:40:37.536   823 opcode=0x03E4 elapsed_us=38.3 ret=1 flag=1->1 state=2->2
20:40:37.536   824 opcode=0x03E4 elapsed_us=34.9 ret=1 flag=1->1 state=2->2
20:40:37.536   825 opcode=0x03E4 elapsed_us=34.7 ret=1 flag=1->1 state=2->2
20:40:37.536   826 opcode=0x03E4 elapsed_us=33.4 ret=1 flag=1->1 state=2->2
20:40:37.705   827 opcode=0x03E4 elapsed_us=114.2 ret=1 flag=1->1 state=2->2
20:40:37.803   828 opcode=0x03E4 elapsed_us=136.1 ret=1 flag=1->1 state=2->2
20:40:38.114 ***** SESSION obj=0x6098898 +0x2270=0x00 +0x227c=0x00 world=0 channel=0 -> no dialog (flag bit 2 clear) *****
20:40:38.444   829 opcode=0x03E4 elapsed_us=117.8 ret=1 flag=1->1 state=2->2
20:40:38.454   830 opcode=0x03E4 elapsed_us=96.7 ret=1 flag=1->1 state=2->2
20:40:38.604   831 opcode=0x03E4 elapsed_us=96.2 ret=1 flag=1->1 state=2->2
20:40:38.605   832 opcode=0x03E4 elapsed_us=70.5 ret=1 flag=1->1 state=2->2
20:40:38.605   833 opcode=0x03E4 elapsed_us=39.2 ret=1 flag=1->1 state=2->2
20:40:38.605   834 opcode=0x03E4 elapsed_us=34.9 ret=1 flag=1->1 state=2->2
20:40:38.606   835 opcode=0x03E4 elapsed_us=33.6 ret=1 flag=1->1 state=2->2
20:40:38.606   836 opcode=0x03E4 elapsed_us=33.2 ret=1 flag=1->1 state=2->2
20:40:38.606   837 opcode=0x03E4 elapsed_us=33.5 ret=1 flag=1->1 state=2->2
20:40:38.606   838 opcode=0x03E4 elapsed_us=32.7 ret=1 flag=1->1 state=2->2
20:40:38.607   839 opcode=0x03E4 elapsed_us=32.1 ret=1 flag=1->1 state=2->2
20:40:38.607   840 opcode=0x03E4 elapsed_us=32.9 ret=1 flag=1->1 state=2->2
20:40:38.607   841 opcode=0x03E4 elapsed_us=34.5 ret=1 flag=1->1 state=2->2
20:40:38.607   842 opcode=0x03E4 elapsed_us=32.0 ret=1 flag=1->1 state=2->2
20:40:38.608   843 opcode=0x03E4 elapsed_us=32.1 ret=1 flag=1->1 state=2->2
20:40:38.608   844 opcode=0x03E4 elapsed_us=31.6 ret=1 flag=1->1 state=2->2
20:40:38.608   845 opcode=0x03E4 elapsed_us=33.0 ret=1 flag=1->1 state=2->2
20:40:38.608   846 opcode=0x03E4 elapsed_us=31.6 ret=1 flag=1->1 state=2->2
20:40:38.609   847 opcode=0x03E4 elapsed_us=32.3 ret=1 flag=1->1 state=2->2
20:40:38.609   848 opcode=0x03E4 elapsed_us=31.4 ret=1 flag=1->1 state=2->2
20:40:38.609   849 opcode=0x03E4 elapsed_us=32.4 ret=1 flag=1->1 state=2->2
20:40:38.609   850 opcode=0x03E4 elapsed_us=32.3 ret=1 flag=1->1 state=2->2
20:40:38.610   851 opcode=0x03E4 elapsed_us=32.2 ret=1 flag=1->1 state=2->2
20:40:38.610   852 opcode=0x03E4 elapsed_us=32.3 ret=1 flag=1->1 state=2->2
20:40:38.610   853 opcode=0x03E4 elapsed_us=32.6 ret=1 flag=1->1 state=2->2
20:40:38.614   854 opcode=0x03E4 elapsed_us=44.5 ret=1 flag=1->1 state=2->2
20:40:38.615   855 opcode=0x03E4 elapsed_us=38.6 ret=1 flag=1->1 state=2->2
20:40:38.615   856 opcode=0x03E4 elapsed_us=34.6 ret=1 flag=1->1 state=2->2
20:40:38.615   857 opcode=0x03E4 elapsed_us=32.7 ret=1 flag=1->1 state=2->2
20:40:38.615   858 opcode=0x03E4 elapsed_us=33.5 ret=1 flag=1->1 state=2->2
20:40:38.616   859 opcode=0x03E4 elapsed_us=33.6 ret=1 flag=1->1 state=2->2
20:40:38.616   860 opcode=0x03E4 elapsed_us=31.8 ret=1 flag=1->1 state=2->2
20:40:38.616   861 opcode=0x03E4 elapsed_us=31.6 ret=1 flag=1->1 state=2->2
20:40:38.616   862 opcode=0x03E4 elapsed_us=32.2 ret=1 flag=1->1 state=2->2
20:40:38.616   863 opcode=0x03E4 elapsed_us=31.1 ret=1 flag=1->1 state=2->2
20:40:38.617   864 opcode=0x03E4 elapsed_us=31.1 ret=1 flag=1->1 state=2->2
20:40:38.617   865 opcode=0x03E4 elapsed_us=30.9 ret=1 flag=1->1 state=2->2
20:40:38.617   866 opcode=0x03E4 elapsed_us=31.2 ret=1 flag=1->1 state=2->2
20:40:38.617   867 opcode=0x03E4 elapsed_us=31.4 ret=1 flag=1->1 state=2->2
20:40:38.618   868 opcode=0x03E4 elapsed_us=31.2 ret=1 flag=1->1 state=2->2
20:40:38.618   869 opcode=0x03E4 elapsed_us=31.4 ret=1 flag=1->1 state=2->2
20:40:38.618   870 opcode=0x03E4 elapsed_us=31.7 ret=1 flag=1->1 state=2->2
20:40:38.618   871 opcode=0x03E4 elapsed_us=32.8 ret=1 flag=1->1 state=2->2
20:40:38.618   872 opcode=0x03E4 elapsed_us=30.9 ret=1 flag=1->1 state=2->2
20:40:38.619   873 opcode=0x03E4 elapsed_us=31.0 ret=1 flag=1->1 state=2->2
20:40:38.619   874 opcode=0x03E4 elapsed_us=31.2 ret=1 flag=1->1 state=2->2
20:40:38.619   875 opcode=0x03E4 elapsed_us=31.3 ret=1 flag=1->1 state=2->2
20:40:38.724   876 opcode=0x0277 elapsed_us=653.4 ret=1 flag=1->1 state=2->2
20:40:38.725   877 opcode=0x0070 elapsed_us=221.3 ret=1 flag=1->1 state=2->2
20:40:38.725   878 opcode=0x0070 elapsed_us=145.4 ret=1 flag=1->1 state=2->2
20:40:38.726   879 opcode=0x03E4 elapsed_us=51.1 ret=1 flag=1->1 state=2->2
20:40:38.784   880 opcode=0x03E4 elapsed_us=101.8 ret=1 flag=1->1 state=2->2
20:40:39.504   881 opcode=0x03E4 elapsed_us=102.4 ret=1 flag=1->1 state=2->2
20:40:39.534   882 opcode=0x03E4 elapsed_us=97.5 ret=1 flag=1->1 state=2->2
20:40:39.684   883 opcode=0x03E4 elapsed_us=94.0 ret=1 flag=1->1 state=2->2
20:40:39.685   884 opcode=0x03E4 elapsed_us=65.0 ret=1 flag=1->1 state=2->2
20:40:39.685   885 opcode=0x03E4 elapsed_us=53.5 ret=1 flag=1->1 state=2->2
20:40:39.685   886 opcode=0x03E4 elapsed_us=36.3 ret=1 flag=1->1 state=2->2
20:40:39.686   887 opcode=0x03E4 elapsed_us=34.0 ret=1 flag=1->1 state=2->2
20:40:39.686   888 opcode=0x03E4 elapsed_us=34.1 ret=1 flag=1->1 state=2->2
20:40:39.686   889 opcode=0x03E4 elapsed_us=40.0 ret=1 flag=1->1 state=2->2
20:40:39.686   890 opcode=0x03E4 elapsed_us=35.5 ret=1 flag=1->1 state=2->2
20:40:39.687   891 opcode=0x03E4 elapsed_us=35.0 ret=1 flag=1->1 state=2->2
20:40:39.687   892 opcode=0x03E4 elapsed_us=32.5 ret=1 flag=1->1 state=2->2
20:40:39.687   893 opcode=0x03E4 elapsed_us=38.9 ret=1 flag=1->1 state=2->2
20:40:39.688   894 opcode=0x03E4 elapsed_us=35.3 ret=1 flag=1->1 state=2->2
20:40:39.688   895 opcode=0x03E4 elapsed_us=32.9 ret=1 flag=1->1 state=2->2
20:40:39.688   896 opcode=0x03E4 elapsed_us=31.9 ret=1 flag=1->1 state=2->2
20:40:39.688   897 opcode=0x03E4 elapsed_us=31.4 ret=1 flag=1->1 state=2->2
20:40:39.688   898 opcode=0x03E4 elapsed_us=31.8 ret=1 flag=1->1 state=2->2
20:40:39.689   899 opcode=0x03E4 elapsed_us=32.4 ret=1 flag=1->1 state=2->2
20:40:39.689   900 opcode=0x03E4 elapsed_us=34.0 ret=1 flag=1->1 state=2->2
20:40:39.689   901 opcode=0x03E4 elapsed_us=39.3 ret=1 flag=1->1 state=2->2
20:40:39.689   902 opcode=0x03E4 elapsed_us=34.9 ret=1 flag=1->1 state=2->2
20:40:39.690   903 opcode=0x03E4 elapsed_us=38.4 ret=1 flag=1->1 state=2->2
20:40:39.690   904 opcode=0x03E4 elapsed_us=35.0 ret=1 flag=1->1 state=2->2
20:40:39.690   905 opcode=0x03E4 elapsed_us=33.9 ret=1 flag=1->1 state=2->2
20:40:39.690   906 opcode=0x03E4 elapsed_us=33.0 ret=1 flag=1->1 state=2->2
20:40:39.691   907 opcode=0x03E4 elapsed_us=31.5 ret=1 flag=1->1 state=2->2
20:40:39.691   908 opcode=0x03E4 elapsed_us=32.7 ret=1 flag=1->1 state=2->2
20:40:39.691   909 opcode=0x03E4 elapsed_us=39.1 ret=1 flag=1->1 state=2->2
20:40:39.692   910 opcode=0x03E4 elapsed_us=34.9 ret=1 flag=1->1 state=2->2
20:40:39.692   911 opcode=0x03E4 elapsed_us=33.9 ret=1 flag=1->1 state=2->2
20:40:39.692   912 opcode=0x03E4 elapsed_us=33.1 ret=1 flag=1->1 state=2->2
20:40:39.692   913 opcode=0x03E4 elapsed_us=34.6 ret=1 flag=1->1 state=2->2
20:40:39.693   914 opcode=0x03E4 elapsed_us=33.2 ret=1 flag=1->1 state=2->2
20:40:39.693   915 opcode=0x03E4 elapsed_us=32.8 ret=1 flag=1->1 state=2->2
20:40:39.693   916 opcode=0x03E4 elapsed_us=32.5 ret=1 flag=1->1 state=2->2
20:40:39.693   917 opcode=0x03E4 elapsed_us=33.9 ret=1 flag=1->1 state=2->2
20:40:39.694   918 opcode=0x03E4 elapsed_us=32.9 ret=1 flag=1->1 state=2->2
20:40:39.694   919 opcode=0x03E4 elapsed_us=33.5 ret=1 flag=1->1 state=2->2
20:40:39.694   920 opcode=0x03E4 elapsed_us=33.0 ret=1 flag=1->1 state=2->2
20:40:39.694   921 opcode=0x03E4 elapsed_us=32.7 ret=1 flag=1->1 state=2->2
20:40:39.695   922 opcode=0x03E4 elapsed_us=47.7 ret=1 flag=1->1 state=2->2
20:40:39.695   923 opcode=0x03E4 elapsed_us=43.5 ret=1 flag=1->1 state=2->2
20:40:39.695   924 opcode=0x03E4 elapsed_us=38.8 ret=1 flag=1->1 state=2->2
20:40:39.696   925 opcode=0x03E4 elapsed_us=34.8 ret=1 flag=1->1 state=2->2
20:40:39.696   926 opcode=0x03E4 elapsed_us=39.1 ret=1 flag=1->1 state=2->2
20:40:39.696   927 opcode=0x03E4 elapsed_us=44.3 ret=1 flag=1->1 state=2->2
20:40:39.805   928 opcode=0x03E4 elapsed_us=97.5 ret=1 flag=1->1 state=2->2
20:40:39.864   929 opcode=0x03E4 elapsed_us=99.2 ret=1 flag=1->1 state=2->2
20:40:40.045   930 opcode=0x03E4 elapsed_us=85.1 ret=1 flag=1->1 state=2->2
20:40:40.486 ***** WATCH #2: 0x1415db360 ENTERED on tid 754312 while dispatching opcode 0x03E4 rcx=0x1585302f rdx=0x7530 (as i32 30000) r8=0x7539 r9=0x10f524b5 (as i32 284501173) called-from=0x144ee814f
      stack: 0x144ee814f(vm) 0x143d14364(?) 0x143d87000(vm) 0x144e5ef38(vm) 0x143add050(?) 0x143dea15c(vm) 0x14336e254(?) 0x143dea15c(vm) 0x143dea15c(vm) 0x142c4336b<-TEXT 0x143dea15c(vm) *****
20:40:40.614   931 opcode=0x03E4 elapsed_us=98.4 ret=1 flag=1->1 state=2->2
20:40:40.765   932 opcode=0x03E4 elapsed_us=107.2 ret=1 flag=1->1 state=2->2
20:40:40.765   933 opcode=0x03E4 elapsed_us=49.0 ret=1 flag=1->1 state=2->2
20:40:40.765   934 opcode=0x03E4 elapsed_us=34.7 ret=1 flag=1->1 state=2->2
20:40:40.765   935 opcode=0x03E4 elapsed_us=33.2 ret=1 flag=1->1 state=2->2
20:40:40.766   936 opcode=0x03E4 elapsed_us=32.4 ret=1 flag=1->1 state=2->2
20:40:40.766   937 opcode=0x03E4 elapsed_us=31.5 ret=1 flag=1->1 state=2->2
20:40:40.766   938 opcode=0x03E4 elapsed_us=32.0 ret=1 flag=1->1 state=2->2
20:40:40.766   939 opcode=0x03E4 elapsed_us=32.0 ret=1 flag=1->1 state=2->2
20:40:40.767   940 opcode=0x03E4 elapsed_us=32.6 ret=1 flag=1->1 state=2->2
20:40:40.767   941 opcode=0x03E4 elapsed_us=31.5 ret=1 flag=1->1 state=2->2
20:40:40.767   942 opcode=0x03E4 elapsed_us=31.3 ret=1 flag=1->1 state=2->2
20:40:40.767   943 opcode=0x03E4 elapsed_us=32.4 ret=1 flag=1->1 state=2->2
20:40:40.767   944 opcode=0x03E4 elapsed_us=31.6 ret=1 flag=1->1 state=2->2
20:40:40.768   945 opcode=0x03E4 elapsed_us=32.3 ret=1 flag=1->1 state=2->2
20:40:40.768   946 opcode=0x03E4 elapsed_us=33.4 ret=1 flag=1->1 state=2->2
20:40:40.768   947 opcode=0x03E4 elapsed_us=31.5 ret=1 flag=1->1 state=2->2
20:40:40.768   948 opcode=0x03E4 elapsed_us=32.3 ret=1 flag=1->1 state=2->2
20:40:40.769   949 opcode=0x03E4 elapsed_us=32.1 ret=1 flag=1->1 state=2->2
20:40:40.769   950 opcode=0x03E4 elapsed_us=32.5 ret=1 flag=1->1 state=2->2
20:40:40.769   951 opcode=0x03E4 elapsed_us=32.8 ret=1 flag=1->1 state=2->2
20:40:40.769   952 opcode=0x03E4 elapsed_us=33.1 ret=1 flag=1->1 state=2->2
20:40:40.770   953 opcode=0x03E4 elapsed_us=31.8 ret=1 flag=1->1 state=2->2
20:40:40.770   954 opcode=0x03E4 elapsed_us=32.8 ret=1 flag=1->1 state=2->2
20:40:40.770   955 opcode=0x03E4 elapsed_us=31.7 ret=1 flag=1->1 state=2->2
20:40:40.770   956 opcode=0x03E4 elapsed_us=32.9 ret=1 flag=1->1 state=2->2
20:40:40.771   957 opcode=0x03E4 elapsed_us=32.8 ret=1 flag=1->1 state=2->2
20:40:40.771   958 opcode=0x03E4 elapsed_us=32.6 ret=1 flag=1->1 state=2->2
20:40:40.771   959 opcode=0x03E4 elapsed_us=32.9 ret=1 flag=1->1 state=2->2
20:40:40.771   960 opcode=0x03E4 elapsed_us=33.0 ret=1 flag=1->1 state=2->2
20:40:40.774   961 opcode=0x03E4 elapsed_us=39.3 ret=1 flag=1->1 state=2->2
20:40:40.775   962 opcode=0x03E4 elapsed_us=38.4 ret=1 flag=1->1 state=2->2
20:40:40.775   963 opcode=0x03E4 elapsed_us=38.4 ret=1 flag=1->1 state=2->2
20:40:40.775   964 opcode=0x03E4 elapsed_us=35.6 ret=1 flag=1->1 state=2->2
20:40:40.776   965 opcode=0x03E4 elapsed_us=47.1 ret=1 flag=1->1 state=2->2
20:40:40.776   966 opcode=0x03E4 elapsed_us=42.1 ret=1 flag=1->1 state=2->2
20:40:40.776   967 opcode=0x03E4 elapsed_us=39.4 ret=1 flag=1->1 state=2->2
20:40:40.776   968 opcode=0x03E4 elapsed_us=38.5 ret=1 flag=1->1 state=2->2
20:40:40.777   969 opcode=0x03E4 elapsed_us=34.3 ret=1 flag=1->1 state=2->2
20:40:40.777   970 opcode=0x03E4 elapsed_us=32.7 ret=1 flag=1->1 state=2->2
20:40:40.777   971 opcode=0x03E4 elapsed_us=32.0 ret=1 flag=1->1 state=2->2
20:40:40.777   972 opcode=0x03E4 elapsed_us=39.9 ret=1 flag=1->1 state=2->2
20:40:40.778   973 opcode=0x03E4 elapsed_us=39.5 ret=1 flag=1->1 state=2->2
20:40:40.778   974 opcode=0x03E4 elapsed_us=38.2 ret=1 flag=1->1 state=2->2
20:40:40.778   975 opcode=0x03E4 elapsed_us=38.0 ret=1 flag=1->1 state=2->2
20:40:40.779   976 opcode=0x03E4 elapsed_us=38.9 ret=1 flag=1->1 state=2->2
20:40:40.884   977 opcode=0x03E4 elapsed_us=105.8 ret=1 flag=1->1 state=2->2
20:40:40.945   978 opcode=0x03E4 elapsed_us=107.4 ret=1 flag=1->1 state=2->2
20:40:41.086   979 opcode=0x03F0 elapsed_us=39.3 ret=1 flag=1->1 state=2->2
20:40:41.122 ***** SESSION obj=0x6098898 +0x2270=0x00 +0x227c=0x00 world=0 channel=0 -> no dialog (flag bit 2 clear) *****
20:40:41.125   980 opcode=0x03E4 elapsed_us=93.6 ret=1 flag=1->1 state=2->2
20:40:41.517   981 opcode=0x007C elapsed_us=203.7 ret=1 flag=1->1 state=2->2
20:40:41.518   982 opcode=0x03E4 elapsed_us=65.1 ret=1 flag=1->1 state=2->2
20:40:41.695   983 opcode=0x03E4 elapsed_us=96.7 ret=1 flag=1->1 state=2->2
20:40:41.845   984 opcode=0x03E4 elapsed_us=85.6 ret=1 flag=1->1 state=2->2
20:40:41.845   985 opcode=0x03E4 elapsed_us=69.6 ret=1 flag=1->1 state=2->2
20:40:41.845   986 opcode=0x03E4 elapsed_us=42.1 ret=1 flag=1->1 state=2->2
20:40:41.846   987 opcode=0x03E4 elapsed_us=38.4 ret=1 flag=1->1 state=2->2
20:40:41.846   988 opcode=0x03E4 elapsed_us=35.4 ret=1 flag=1->1 state=2->2
20:40:41.846   989 opcode=0x03E4 elapsed_us=33.1 ret=1 flag=1->1 state=2->2
20:40:41.846   990 opcode=0x03E4 elapsed_us=33.2 ret=1 flag=1->1 state=2->2
20:40:41.846   991 opcode=0x03E4 elapsed_us=32.5 ret=1 flag=1->1 state=2->2
20:40:41.847   992 opcode=0x03E4 elapsed_us=31.6 ret=1 flag=1->1 state=2->2
20:40:41.847   993 opcode=0x03E4 elapsed_us=32.3 ret=1 flag=1->1 state=2->2
20:40:41.847   994 opcode=0x03E4 elapsed_us=31.9 ret=1 flag=1->1 state=2->2
20:40:41.847   995 opcode=0x03E4 elapsed_us=31.8 ret=1 flag=1->1 state=2->2
20:40:41.848   996 opcode=0x03E4 elapsed_us=31.1 ret=1 flag=1->1 state=2->2
20:40:41.848   997 opcode=0x03E4 elapsed_us=31.3 ret=1 flag=1->1 state=2->2
20:40:41.848   998 opcode=0x03E4 elapsed_us=32.1 ret=1 flag=1->1 state=2->2
20:40:41.848   999 opcode=0x03E4 elapsed_us=32.6 ret=1 flag=1->1 state=2->2
20:40:41.848  1000 opcode=0x03E4 elapsed_us=31.5 ret=1 flag=1->1 state=2->2
20:40:41.849  1001 opcode=0x03E4 elapsed_us=31.9 ret=1 flag=1->1 state=2->2
20:40:41.849  1002 opcode=0x03E4 elapsed_us=31.4 ret=1 flag=1->1 state=2->2
20:40:41.849  1003 opcode=0x03E4 elapsed_us=31.3 ret=1 flag=1->1 state=2->2
20:40:41.849  1004 opcode=0x03E4 elapsed_us=31.2 ret=1 flag=1->1 state=2->2
20:40:41.850  1005 opcode=0x03E4 elapsed_us=31.7 ret=1 flag=1->1 state=2->2
20:40:41.850  1006 opcode=0x03E4 elapsed_us=31.0 ret=1 flag=1->1 state=2->2
20:40:41.850  1007 opcode=0x03E4 elapsed_us=31.7 ret=1 flag=1->1 state=2->2
20:40:41.850  1008 opcode=0x03E4 elapsed_us=31.0 ret=1 flag=1->1 state=2->2
20:40:41.850  1009 opcode=0x03E4 elapsed_us=31.1 ret=1 flag=1->1 state=2->2
20:40:41.851  1010 opcode=0x03E4 elapsed_us=30.9 ret=1 flag=1->1 state=2->2
20:40:41.851  1011 opcode=0x03E4 elapsed_us=31.0 ret=1 flag=1->1 state=2->2
20:40:41.851  1012 opcode=0x03E4 elapsed_us=31.3 ret=1 flag=1->1 state=2->2
20:40:41.851  1013 opcode=0x03E4 elapsed_us=32.8 ret=1 flag=1->1 state=2->2
20:40:41.852  1014 opcode=0x03E4 elapsed_us=31.1 ret=1 flag=1->1 state=2->2
20:40:41.852  1015 opcode=0x03E4 elapsed_us=32.1 ret=1 flag=1->1 state=2->2
20:40:41.852  1016 opcode=0x03E4 elapsed_us=30.9 ret=1 flag=1->1 state=2->2
20:40:41.852  1017 opcode=0x03E4 elapsed_us=30.9 ret=1 flag=1->1 state=2->2
20:40:41.852  1018 opcode=0x03E4 elapsed_us=31.3 ret=1 flag=1->1 state=2->2
20:40:41.853  1019 opcode=0x03E4 elapsed_us=30.7 ret=1 flag=1->1 state=2->2
20:40:41.853  1020 opcode=0x03E4 elapsed_us=31.6 ret=1 flag=1->1 state=2->2
20:40:41.853  1021 opcode=0x03E4 elapsed_us=30.7 ret=1 flag=1->1 state=2->2
20:40:41.853  1022 opcode=0x03E4 elapsed_us=46.5 ret=1 flag=1->1 state=2->2
20:40:41.854  1023 opcode=0x03E4 elapsed_us=42.2 ret=1 flag=1->1 state=2->2
20:40:41.854  1024 opcode=0x03E4 elapsed_us=39.4 ret=1 flag=1->1 state=2->2
20:40:41.854  1025 opcode=0x03E4 elapsed_us=38.4 ret=1 flag=1->1 state=2->2
20:40:41.855  1026 opcode=0x03E4 elapsed_us=40.5 ret=1 flag=1->1 state=2->2
20:40:41.855  1027 opcode=0x03E4 elapsed_us=47.0 ret=1 flag=1->1 state=2->2
20:40:41.965  1028 opcode=0x03E4 elapsed_us=94.8 ret=1 flag=1->1 state=2->2
20:40:42.025  1029 opcode=0x03E4 elapsed_us=92.8 ret=1 flag=1->1 state=2->2
20:40:42.205  1030 opcode=0x03E4 elapsed_us=112.7 ret=1 flag=1->1 state=2->2
20:40:42.535  1031 opcode=0x03E4 elapsed_us=87.0 ret=1 flag=1->1 state=2->2
20:40:42.775  1032 opcode=0x03E4 elapsed_us=94.0 ret=1 flag=1->1 state=2->2
20:40:42.875  1033 opcode=0x03F0 elapsed_us=34.4 ret=1 flag=1->1 state=2->2
20:40:42.925  1034 opcode=0x03E4 elapsed_us=96.9 ret=1 flag=1->1 state=2->2
20:40:42.925  1035 opcode=0x03E4 elapsed_us=47.5 ret=1 flag=1->1 state=2->2
20:40:42.926  1036 opcode=0x03E4 elapsed_us=35.7 ret=1 flag=1->1 state=2->2
20:40:42.926  1037 opcode=0x03E4 elapsed_us=34.0 ret=1 flag=1->1 state=2->2
20:40:42.926  1038 opcode=0x03E4 elapsed_us=32.5 ret=1 flag=1->1 state=2->2
20:40:42.926  1039 opcode=0x03E4 elapsed_us=31.4 ret=1 flag=1->1 state=2->2
20:40:42.926  1040 opcode=0x03E4 elapsed_us=31.5 ret=1 flag=1->1 state=2->2
20:40:42.927  1041 opcode=0x03E4 elapsed_us=31.3 ret=1 flag=1->1 state=2->2
20:40:42.927  1042 opcode=0x03E4 elapsed_us=31.5 ret=1 flag=1->1 state=2->2
20:40:42.927  1043 opcode=0x03E4 elapsed_us=31.2 ret=1 flag=1->1 state=2->2
20:40:42.927  1044 opcode=0x03E4 elapsed_us=38.5 ret=1 flag=1->1 state=2->2
20:40:42.928  1045 opcode=0x03E4 elapsed_us=35.0 ret=1 flag=1->1 state=2->2
20:40:42.928  1046 opcode=0x03E4 elapsed_us=33.4 ret=1 flag=1->1 state=2->2
20:40:42.928  1047 opcode=0x03E4 elapsed_us=32.4 ret=1 flag=1->1 state=2->2
20:40:42.928  1048 opcode=0x03E4 elapsed_us=32.1 ret=1 flag=1->1 state=2->2
20:40:42.929  1049 opcode=0x03E4 elapsed_us=32.5 ret=1 flag=1->1 state=2->2
20:40:42.929  1050 opcode=0x03E4 elapsed_us=31.4 ret=1 flag=1->1 state=2->2
20:40:42.929  1051 opcode=0x03E4 elapsed_us=31.0 ret=1 flag=1->1 state=2->2
20:40:42.929  1052 opcode=0x03E4 elapsed_us=32.2 ret=1 flag=1->1 state=2->2
20:40:42.930  1053 opcode=0x03E4 elapsed_us=31.4 ret=1 flag=1->1 state=2->2
20:40:42.930  1054 opcode=0x03E4 elapsed_us=31.4 ret=1 flag=1->1 state=2->2
20:40:42.930  1055 opcode=0x03E4 elapsed_us=31.4 ret=1 flag=1->1 state=2->2
20:40:42.930  1056 opcode=0x03E4 elapsed_us=31.3 ret=1 flag=1->1 state=2->2
20:40:42.930  1057 opcode=0x03E4 elapsed_us=31.2 ret=1 flag=1->1 state=2->2
20:40:42.931  1058 opcode=0x03E4 elapsed_us=32.1 ret=1 flag=1->1 state=2->2
20:40:42.931  1059 opcode=0x03E4 elapsed_us=31.3 ret=1 flag=1->1 state=2->2
20:40:42.931  1060 opcode=0x03E4 elapsed_us=31.4 ret=1 flag=1->1 state=2->2
20:40:42.931  1061 opcode=0x03E4 elapsed_us=31.2 ret=1 flag=1->1 state=2->2
20:40:42.932  1062 opcode=0x03E4 elapsed_us=32.4 ret=1 flag=1->1 state=2->2
20:40:42.932  1063 opcode=0x03E4 elapsed_us=31.8 ret=1 flag=1->1 state=2->2
20:40:42.932  1064 opcode=0x03E4 elapsed_us=30.8 ret=1 flag=1->1 state=2->2
20:40:42.932  1065 opcode=0x03E4 elapsed_us=31.2 ret=1 flag=1->1 state=2->2
20:40:42.932  1066 opcode=0x03E4 elapsed_us=31.0 ret=1 flag=1->1 state=2->2
20:40:42.933  1067 opcode=0x03E4 elapsed_us=31.2 ret=1 flag=1->1 state=2->2
20:40:42.933  1068 opcode=0x03E4 elapsed_us=31.1 ret=1 flag=1->1 state=2->2
20:40:42.933  1069 opcode=0x03E4 elapsed_us=31.3 ret=1 flag=1->1 state=2->2
20:40:42.933  1070 opcode=0x03E4 elapsed_us=32.0 ret=1 flag=1->1 state=2->2
20:40:42.934  1071 opcode=0x03E4 elapsed_us=32.1 ret=1 flag=1->1 state=2->2
20:40:42.934  1072 opcode=0x03E4 elapsed_us=31.8 ret=1 flag=1->1 state=2->2
20:40:42.934  1073 opcode=0x03E4 elapsed_us=31.5 ret=1 flag=1->1 state=2->2
20:40:42.934  1074 opcode=0x03E4 elapsed_us=31.4 ret=1 flag=1->1 state=2->2
20:40:42.935  1075 opcode=0x03E4 elapsed_us=30.8 ret=1 flag=1->1 state=2->2
20:40:42.935  1076 opcode=0x03E4 elapsed_us=31.2 ret=1 flag=1->1 state=2->2
20:40:42.935  1077 opcode=0x03E4 elapsed_us=31.7 ret=1 flag=1->1 state=2->2
20:40:43.045  1078 opcode=0x03E4 elapsed_us=99.6 ret=1 flag=1->1 state=2->2
20:40:43.105  1079 opcode=0x03E4 elapsed_us=93.5 ret=1 flag=1->1 state=2->2
20:40:43.196  1080 opcode=0x007C elapsed_us=211.2 ret=1 flag=1->1 state=2->2
20:40:43.286  1081 opcode=0x03E4 elapsed_us=100.6 ret=1 flag=1->1 state=2->2
20:40:43.315  1082 opcode=0x03E4 elapsed_us=91.6 ret=1 flag=1->1 state=2->2
20:40:43.856  1083 opcode=0x03E4 elapsed_us=86.6 ret=1 flag=1->1 state=2->2
20:40:44.006  1084 opcode=0x03E4 elapsed_us=90.8 ret=1 flag=1->1 state=2->2
20:40:44.006  1085 opcode=0x03E4 elapsed_us=51.9 ret=1 flag=1->1 state=2->2
20:40:44.006  1086 opcode=0x03E4 elapsed_us=43.1 ret=1 flag=1->1 state=2->2
20:40:44.007  1087 opcode=0x03E4 elapsed_us=32.5 ret=1 flag=1->1 state=2->2
20:40:44.007  1088 opcode=0x03E4 elapsed_us=32.8 ret=1 flag=1->1 state=2->2
20:40:44.007  1089 opcode=0x03E4 elapsed_us=32.8 ret=1 flag=1->1 state=2->2
20:40:44.007  1090 opcode=0x03E4 elapsed_us=31.0 ret=1 flag=1->1 state=2->2
20:40:44.008  1091 opcode=0x03E4 elapsed_us=32.5 ret=1 flag=1->1 state=2->2
20:40:44.008  1092 opcode=0x03E4 elapsed_us=31.3 ret=1 flag=1->1 state=2->2
20:40:44.008  1093 opcode=0x03E4 elapsed_us=31.1 ret=1 flag=1->1 state=2->2
20:40:44.008  1094 opcode=0x03E4 elapsed_us=30.8 ret=1 flag=1->1 state=2->2
20:40:44.008  1095 opcode=0x03E4 elapsed_us=31.2 ret=1 flag=1->1 state=2->2
20:40:44.009  1096 opcode=0x03E4 elapsed_us=31.1 ret=1 flag=1->1 state=2->2
20:40:44.009  1097 opcode=0x03E4 elapsed_us=31.2 ret=1 flag=1->1 state=2->2
20:40:44.009  1098 opcode=0x03E4 elapsed_us=31.2 ret=1 flag=1->1 state=2->2
20:40:44.009  1099 opcode=0x03E4 elapsed_us=31.0 ret=1 flag=1->1 state=2->2
20:40:44.009  1100 opcode=0x03E4 elapsed_us=31.3 ret=1 flag=1->1 state=2->2
20:40:44.010  1101 opcode=0x03E4 elapsed_us=31.3 ret=1 flag=1->1 state=2->2
20:40:44.010  1102 opcode=0x03E4 elapsed_us=31.3 ret=1 flag=1->1 state=2->2
20:40:44.010  1103 opcode=0x03E4 elapsed_us=30.8 ret=1 flag=1->1 state=2->2
20:40:44.010  1104 opcode=0x03E4 elapsed_us=30.9 ret=1 flag=1->1 state=2->2
20:40:44.011  1105 opcode=0x03E4 elapsed_us=30.8 ret=1 flag=1->1 state=2->2
20:40:44.011  1106 opcode=0x03E4 elapsed_us=31.2 ret=1 flag=1->1 state=2->2
20:40:44.011  1107 opcode=0x03E4 elapsed_us=31.2 ret=1 flag=1->1 state=2->2
20:40:44.011  1108 opcode=0x03E4 elapsed_us=30.8 ret=1 flag=1->1 state=2->2
20:40:44.012  1109 opcode=0x03E4 elapsed_us=47.0 ret=1 flag=1->1 state=2->2
20:40:44.012  1110 opcode=0x03E4 elapsed_us=41.7 ret=1 flag=1->1 state=2->2
20:40:44.012  1111 opcode=0x03E4 elapsed_us=39.2 ret=1 flag=1->1 state=2->2
20:40:44.012  1112 opcode=0x03E4 elapsed_us=46.9 ret=1 flag=1->1 state=2->2
20:40:44.013  1113 opcode=0x03E4 elapsed_us=42.5 ret=1 flag=1->1 state=2->2
20:40:44.013  1114 opcode=0x03E4 elapsed_us=39.7 ret=1 flag=1->1 state=2->2
20:40:44.013  1115 opcode=0x03E4 elapsed_us=40.0 ret=1 flag=1->1 state=2->2
20:40:44.014  1116 opcode=0x03E4 elapsed_us=32.1 ret=1 flag=1->1 state=2->2
20:40:44.014  1117 opcode=0x03E4 elapsed_us=31.7 ret=1 flag=1->1 state=2->2
20:40:44.014  1118 opcode=0x03E4 elapsed_us=31.3 ret=1 flag=1->1 state=2->2
20:40:44.014  1119 opcode=0x03E4 elapsed_us=31.3 ret=1 flag=1->1 state=2->2
20:40:44.014  1120 opcode=0x03E4 elapsed_us=31.4 ret=1 flag=1->1 state=2->2
20:40:44.015  1121 opcode=0x03E4 elapsed_us=31.8 ret=1 flag=1->1 state=2->2
20:40:44.015  1122 opcode=0x03E4 elapsed_us=32.4 ret=1 flag=1->1 state=2->2
20:40:44.015  1123 opcode=0x03E4 elapsed_us=31.1 ret=1 flag=1->1 state=2->2
20:40:44.015  1124 opcode=0x03E4 elapsed_us=32.8 ret=1 flag=1->1 state=2->2
20:40:44.016  1125 opcode=0x03E4 elapsed_us=31.3 ret=1 flag=1->1 state=2->2
20:40:44.016  1126 opcode=0x03E4 elapsed_us=31.2 ret=1 flag=1->1 state=2->2
20:40:44.016  1127 opcode=0x03E4 elapsed_us=31.9 ret=1 flag=1->1 state=2->2
20:40:44.024  1128 opcode=0x03F0 elapsed_us=34.3 ret=1 flag=1->1 state=2->2
20:40:44.126  1129 opcode=0x03E4 elapsed_us=87.8 ret=1 flag=1->1 state=2->2
20:40:44.129 ***** SESSION obj=0x6098898 +0x2270=0x00 +0x227c=0x00 world=0 channel=0 -> no dialog (flag bit 2 clear) *****
20:40:44.186  1130 opcode=0x03E4 elapsed_us=83.5 ret=1 flag=1->1 state=2->2
20:40:44.335  1131 opcode=0x03E4 elapsed_us=99.5 ret=1 flag=1->1 state=2->2
20:40:44.365  1132 opcode=0x03E4 elapsed_us=95.1 ret=1 flag=1->1 state=2->2
20:40:44.366  1133 opcode=0x03E4 elapsed_us=62.1 ret=1 flag=1->1 state=2->2
20:40:44.695  1134 opcode=0x007C elapsed_us=216.6 ret=1 flag=1->1 state=2->2
20:40:44.936  1135 opcode=0x03E4 elapsed_us=89.4 ret=1 flag=1->1 state=2->2
20:40:45.086  1136 opcode=0x03E4 elapsed_us=88.5 ret=1 flag=1->1 state=2->2
20:40:45.086  1137 opcode=0x03E4 elapsed_us=53.8 ret=1 flag=1->1 state=2->2
20:40:45.086  1138 opcode=0x03E4 elapsed_us=42.6 ret=1 flag=1->1 state=2->2
20:40:45.087  1139 opcode=0x03E4 elapsed_us=39.1 ret=1 flag=1->1 state=2->2
20:40:45.087  1140 opcode=0x03E4 elapsed_us=39.2 ret=1 flag=1->1 state=2->2
20:40:45.087  1141 opcode=0x03E4 elapsed_us=38.5 ret=1 flag=1->1 state=2->2
20:40:45.087  1142 opcode=0x03E4 elapsed_us=39.1 ret=1 flag=1->1 state=2->2
20:40:45.088  1143 opcode=0x03E4 elapsed_us=31.4 ret=1 flag=1->1 state=2->2
20:40:45.088  1144 opcode=0x03E4 elapsed_us=31.1 ret=1 flag=1->1 state=2->2
20:40:45.088  1145 opcode=0x03E4 elapsed_us=30.9 ret=1 flag=1->1 state=2->2
20:40:45.088  1146 opcode=0x03E4 elapsed_us=30.8 ret=1 flag=1->1 state=2->2
20:40:45.089  1147 opcode=0x03E4 elapsed_us=30.9 ret=1 flag=1->1 state=2->2
20:40:45.089  1148 opcode=0x03E4 elapsed_us=31.0 ret=1 flag=1->1 state=2->2
20:40:45.089  1149 opcode=0x03E4 elapsed_us=30.9 ret=1 flag=1->1 state=2->2
20:40:45.089  1150 opcode=0x03E4 elapsed_us=30.6 ret=1 flag=1->1 state=2->2
20:40:45.089  1151 opcode=0x03E4 elapsed_us=31.5 ret=1 flag=1->1 state=2->2
20:40:45.090  1152 opcode=0x03E4 elapsed_us=31.9 ret=1 flag=1->1 state=2->2
20:40:45.090  1153 opcode=0x03E4 elapsed_us=31.0 ret=1 flag=1->1 state=2->2
20:40:45.090  1154 opcode=0x03E4 elapsed_us=30.7 ret=1 flag=1->1 state=2->2
20:40:45.090  1155 opcode=0x03E4 elapsed_us=30.8 ret=1 flag=1->1 state=2->2
20:40:45.091  1156 opcode=0x03E4 elapsed_us=32.0 ret=1 flag=1->1 state=2->2
20:40:45.091  1157 opcode=0x03E4 elapsed_us=31.3 ret=1 flag=1->1 state=2->2
20:40:45.091  1158 opcode=0x03E4 elapsed_us=31.1 ret=1 flag=1->1 state=2->2
20:40:45.091  1159 opcode=0x03E4 elapsed_us=31.1 ret=1 flag=1->1 state=2->2
20:40:45.091  1160 opcode=0x03E4 elapsed_us=30.8 ret=1 flag=1->1 state=2->2
20:40:45.092  1161 opcode=0x03E4 elapsed_us=32.2 ret=1 flag=1->1 state=2->2
20:40:45.092  1162 opcode=0x03E4 elapsed_us=30.6 ret=1 flag=1->1 state=2->2
20:40:45.092  1163 opcode=0x03E4 elapsed_us=31.1 ret=1 flag=1->1 state=2->2
20:40:45.092  1164 opcode=0x03E4 elapsed_us=30.3 ret=1 flag=1->1 state=2->2
20:40:45.092  1165 opcode=0x03E4 elapsed_us=30.8 ret=1 flag=1->1 state=2->2
20:40:45.093  1166 opcode=0x03E4 elapsed_us=30.7 ret=1 flag=1->1 state=2->2
20:40:45.093  1167 opcode=0x03E4 elapsed_us=30.8 ret=1 flag=1->1 state=2->2
20:40:45.093  1168 opcode=0x03E4 elapsed_us=30.6 ret=1 flag=1->1 state=2->2
20:40:45.093  1169 opcode=0x03E4 elapsed_us=31.4 ret=1 flag=1->1 state=2->2
20:40:45.094  1170 opcode=0x03E4 elapsed_us=32.1 ret=1 flag=1->1 state=2->2
20:40:45.094  1171 opcode=0x03E4 elapsed_us=31.1 ret=1 flag=1->1 state=2->2
20:40:45.094  1172 opcode=0x03E4 elapsed_us=30.6 ret=1 flag=1->1 state=2->2
20:40:45.094  1173 opcode=0x03E4 elapsed_us=32.8 ret=1 flag=1->1 state=2->2
20:40:45.095  1174 opcode=0x03E4 elapsed_us=31.3 ret=1 flag=1->1 state=2->2
20:40:45.095  1175 opcode=0x03E4 elapsed_us=30.8 ret=1 flag=1->1 state=2->2
20:40:45.095  1176 opcode=0x03E4 elapsed_us=30.6 ret=1 flag=1->1 state=2->2
20:40:45.095  1177 opcode=0x03E4 elapsed_us=30.9 ret=1 flag=1->1 state=2->2
20:40:45.095  1178 opcode=0x03E4 elapsed_us=30.8 ret=1 flag=1->1 state=2->2
20:40:45.096  1179 opcode=0x03E4 elapsed_us=31.4 ret=1 flag=1->1 state=2->2
20:40:45.205  1180 opcode=0x03E4 elapsed_us=87.9 ret=1 flag=1->1 state=2->2
20:40:45.265  1181 opcode=0x03E4 elapsed_us=89.2 ret=1 flag=1->1 state=2->2
20:40:45.385  1182 opcode=0x03E4 elapsed_us=95.9 ret=1 flag=1->1 state=2->2
20:40:45.446  1183 opcode=0x03E4 elapsed_us=98.7 ret=1 flag=1->1 state=2->2
20:40:45.868  1184 opcode=0x046E elapsed_us=1821.9 ret=1 flag=1->1 state=2->2
20:40:45.869  1185 opcode=0x046E elapsed_us=349.0 ret=1 flag=1->1 state=2->2
20:40:45.870  1186 opcode=0x046E elapsed_us=382.8 ret=1 flag=1->1 state=2->2
20:40:45.870  1187 opcode=0x046E elapsed_us=270.5 ret=1 flag=1->1 state=2->2
20:40:45.871  1188 opcode=0x046E elapsed_us=297.7 ret=1 flag=1->1 state=2->2
20:40:45.871  1189 opcode=0x046E elapsed_us=194.6 ret=1 flag=1->1 state=2->2
20:40:45.872  1190 opcode=0x046E elapsed_us=439.6 ret=1 flag=1->1 state=2->2
20:40:45.873  1191 opcode=0x046E elapsed_us=932.9 ret=1 flag=1->1 state=2->2
20:40:45.873  1192 opcode=0x007C elapsed_us=175.9 ret=1 flag=1->1 state=2->2
20:40:45.874  1193 opcode=0x0089 elapsed_us=285.2 ret=1 flag=1->1 state=2->2
20:40:45.874  1194 opcode=0x03D1 elapsed_us=64.7 ret=1 flag=1->1 state=2->2
20:40:46.019  1195 opcode=0x03E4 elapsed_us=110.9 ret=1 flag=1->1 state=2->2
20:40:46.156  1196 opcode=0x03E4 elapsed_us=95.9 ret=1 flag=1->1 state=2->2
20:40:46.156  1197 opcode=0x03E4 elapsed_us=43.3 ret=1 flag=1->1 state=2->2
20:40:46.156  1198 opcode=0x03E4 elapsed_us=40.7 ret=1 flag=1->1 state=2->2
20:40:46.157  1199 opcode=0x03E4 elapsed_us=32.7 ret=1 flag=1->1 state=2->2
20:40:46.157  1200 opcode=0x03E4 elapsed_us=32.0 ret=1 flag=1->1 state=2->2
20:40:46.157  1201 opcode=0x03E4 elapsed_us=32.1 ret=1 flag=1->1 state=2->2
20:40:46.157  1202 opcode=0x03E4 elapsed_us=31.7 ret=1 flag=1->1 state=2->2
20:40:46.157  1203 opcode=0x03E4 elapsed_us=31.4 ret=1 flag=1->1 state=2->2
20:40:46.158  1204 opcode=0x03E4 elapsed_us=31.1 ret=1 flag=1->1 state=2->2
20:40:46.158  1205 opcode=0x03E4 elapsed_us=31.8 ret=1 flag=1->1 state=2->2
20:40:46.158  1206 opcode=0x03E4 elapsed_us=30.7 ret=1 flag=1->1 state=2->2
20:40:46.158  1207 opcode=0x03E4 elapsed_us=31.0 ret=1 flag=1->1 state=2->2
20:40:46.159  1208 opcode=0x03E4 elapsed_us=31.5 ret=1 flag=1->1 state=2->2
20:40:46.159  1209 opcode=0x03E4 elapsed_us=30.9 ret=1 flag=1->1 state=2->2
20:40:46.159  1210 opcode=0x03E4 elapsed_us=30.8 ret=1 flag=1->1 state=2->2
20:40:46.159  1211 opcode=0x03E4 elapsed_us=31.8 ret=1 flag=1->1 state=2->2
20:40:46.159  1212 opcode=0x03E4 elapsed_us=31.1 ret=1 flag=1->1 state=2->2
20:40:46.160  1213 opcode=0x03E4 elapsed_us=31.0 ret=1 flag=1->1 state=2->2
20:40:46.160  1214 opcode=0x03E4 elapsed_us=31.1 ret=1 flag=1->1 state=2->2
20:40:46.160  1215 opcode=0x03E4 elapsed_us=30.8 ret=1 flag=1->1 state=2->2
20:40:46.160  1216 opcode=0x03E4 elapsed_us=31.1 ret=1 flag=1->1 state=2->2
20:40:46.161  1217 opcode=0x03E4 elapsed_us=30.9 ret=1 flag=1->1 state=2->2
20:40:46.161  1218 opcode=0x03E4 elapsed_us=31.1 ret=1 flag=1->1 state=2->2
20:40:46.161  1219 opcode=0x03E4 elapsed_us=30.9 ret=1 flag=1->1 state=2->2
20:40:46.161  1220 opcode=0x03E4 elapsed_us=30.7 ret=1 flag=1->1 state=2->2
20:40:46.161  1221 opcode=0x03E4 elapsed_us=30.9 ret=1 flag=1->1 state=2->2
20:40:46.162  1222 opcode=0x03E4 elapsed_us=30.8 ret=1 flag=1->1 state=2->2
20:40:46.162  1223 opcode=0x03E4 elapsed_us=30.8 ret=1 flag=1->1 state=2->2
20:40:46.162  1224 opcode=0x03E4 elapsed_us=30.8 ret=1 flag=1->1 state=2->2
20:40:46.162  1225 opcode=0x03E4 elapsed_us=30.7 ret=1 flag=1->1 state=2->2
20:40:46.162  1226 opcode=0x03E4 elapsed_us=31.1 ret=1 flag=1->1 state=2->2
20:40:46.163  1227 opcode=0x03E4 elapsed_us=31.0 ret=1 flag=1->1 state=2->2
20:40:46.163  1228 opcode=0x03E4 elapsed_us=31.0 ret=1 flag=1->1 state=2->2
20:40:46.163  1229 opcode=0x03E4 elapsed_us=31.4 ret=1 flag=1->1 state=2->2
20:40:46.163  1230 opcode=0x03E4 elapsed_us=32.1 ret=1 flag=1->1 state=2->2
20:40:46.164  1231 opcode=0x03E4 elapsed_us=30.9 ret=1 flag=1->1 state=2->2
20:40:46.164  1232 opcode=0x03E4 elapsed_us=31.6 ret=1 flag=1->1 state=2->2
20:40:46.164  1233 opcode=0x03E4 elapsed_us=30.6 ret=1 flag=1->1 state=2->2
20:40:46.164  1234 opcode=0x03E4 elapsed_us=30.8 ret=1 flag=1->1 state=2->2
20:40:46.164  1235 opcode=0x03E4 elapsed_us=31.0 ret=1 flag=1->1 state=2->2
20:40:46.165  1236 opcode=0x03E4 elapsed_us=38.6 ret=1 flag=1->1 state=2->2
20:40:46.165  1237 opcode=0x03E4 elapsed_us=34.5 ret=1 flag=1->1 state=2->2
20:40:46.165  1238 opcode=0x03E4 elapsed_us=32.5 ret=1 flag=1->1 state=2->2
20:40:46.165  1239 opcode=0x03E4 elapsed_us=33.8 ret=1 flag=1->1 state=2->2
20:40:46.275  1240 opcode=0x03E4 elapsed_us=92.6 ret=1 flag=1->1 state=2->2
20:40:46.336  1241 opcode=0x03E4 elapsed_us=89.7 ret=1 flag=1->1 state=2->2
20:40:46.526  1242 opcode=0x03E4 elapsed_us=104.7 ret=1 flag=1->1 state=2->2
20:40:47.066  1243 opcode=0x03E4 elapsed_us=99.4 ret=1 flag=1->1 state=2->2
20:40:47.096  1244 opcode=0x03E4 elapsed_us=96.3 ret=1 flag=1->1 state=2->2
20:40:47.134 ***** SESSION obj=0x6098898 +0x2270=0x00 +0x227c=0x00 world=0 channel=0 -> no dialog (flag bit 2 clear) *****
20:40:47.246  1245 opcode=0x03E4 elapsed_us=83.9 ret=1 flag=1->1 state=2->2
20:40:47.246  1246 opcode=0x03E4 elapsed_us=48.1 ret=1 flag=1->1 state=2->2
20:40:47.247  1247 opcode=0x03E4 elapsed_us=42.9 ret=1 flag=1->1 state=2->2
20:40:47.247  1248 opcode=0x03E4 elapsed_us=41.1 ret=1 flag=1->1 state=2->2
20:40:47.247  1249 opcode=0x03E4 elapsed_us=39.3 ret=1 flag=1->1 state=2->2
20:40:47.248  1250 opcode=0x03E4 elapsed_us=39.3 ret=1 flag=1->1 state=2->2
20:40:47.248  1251 opcode=0x03E4 elapsed_us=31.4 ret=1 flag=1->1 state=2->2
20:40:47.248  1252 opcode=0x03E4 elapsed_us=32.1 ret=1 flag=1->1 state=2->2
20:40:47.248  1253 opcode=0x03E4 elapsed_us=31.2 ret=1 flag=1->1 state=2->2
20:40:47.248  1254 opcode=0x03E4 elapsed_us=32.2 ret=1 flag=1->1 state=2->2
20:40:47.249  1255 opcode=0x03E4 elapsed_us=31.6 ret=1 flag=1->1 state=2->2
20:40:47.249  1256 opcode=0x03E4 elapsed_us=32.6 ret=1 flag=1->1 state=2->2
20:40:47.249  1257 opcode=0x03E4 elapsed_us=31.8 ret=1 flag=1->1 state=2->2
20:40:47.249  1258 opcode=0x03E4 elapsed_us=31.1 ret=1 flag=1->1 state=2->2
20:40:47.250  1259 opcode=0x03E4 elapsed_us=30.8 ret=1 flag=1->1 state=2->2
20:40:47.250  1260 opcode=0x03E4 elapsed_us=30.9 ret=1 flag=1->1 state=2->2
20:40:47.250  1261 opcode=0x03E4 elapsed_us=31.2 ret=1 flag=1->1 state=2->2
20:40:47.250  1262 opcode=0x03E4 elapsed_us=30.5 ret=1 flag=1->1 state=2->2
20:40:47.250  1263 opcode=0x03E4 elapsed_us=31.1 ret=1 flag=1->1 state=2->2
20:40:47.251  1264 opcode=0x03E4 elapsed_us=30.5 ret=1 flag=1->1 state=2->2
20:40:47.251  1265 opcode=0x03E4 elapsed_us=31.4 ret=1 flag=1->1 state=2->2
20:40:47.251  1266 opcode=0x03E4 elapsed_us=31.0 ret=1 flag=1->1 state=2->2
20:40:47.251  1267 opcode=0x03E4 elapsed_us=31.1 ret=1 flag=1->1 state=2->2
20:40:47.251  1268 opcode=0x03E4 elapsed_us=30.7 ret=1 flag=1->1 state=2->2
20:40:47.252  1269 opcode=0x03E4 elapsed_us=30.5 ret=1 flag=1->1 state=2->2
20:40:47.252  1270 opcode=0x03E4 elapsed_us=32.3 ret=1 flag=1->1 state=2->2
20:40:47.252  1271 opcode=0x03E4 elapsed_us=31.2 ret=1 flag=1->1 state=2->2
20:40:47.252  1272 opcode=0x03E4 elapsed_us=31.9 ret=1 flag=1->1 state=2->2
20:40:47.253  1273 opcode=0x03E4 elapsed_us=30.7 ret=1 flag=1->1 state=2->2
20:40:47.253  1274 opcode=0x03E4 elapsed_us=30.7 ret=1 flag=1->1 state=2->2
20:40:47.253  1275 opcode=0x03E4 elapsed_us=30.3 ret=1 flag=1->1 state=2->2
20:40:47.253  1276 opcode=0x03E4 elapsed_us=30.8 ret=1 flag=1->1 state=2->2
20:40:47.254  1277 opcode=0x03E4 elapsed_us=30.9 ret=1 flag=1->1 state=2->2
20:40:47.254  1278 opcode=0x03E4 elapsed_us=31.3 ret=1 flag=1->1 state=2->2
20:40:47.254  1279 opcode=0x03E4 elapsed_us=30.7 ret=1 flag=1->1 state=2->2
20:40:47.254  1280 opcode=0x03E4 elapsed_us=31.0 ret=1 flag=1->1 state=2->2
20:40:47.254  1281 opcode=0x03E4 elapsed_us=31.4 ret=1 flag=1->1 state=2->2
20:40:47.255  1282 opcode=0x03E4 elapsed_us=46.9 ret=1 flag=1->1 state=2->2
20:40:47.255  1283 opcode=0x03E4 elapsed_us=47.0 ret=1 flag=1->1 state=2->2
20:40:47.255  1284 opcode=0x03E4 elapsed_us=42.2 ret=1 flag=1->1 state=2->2
20:40:47.256  1285 opcode=0x03E4 elapsed_us=40.2 ret=1 flag=1->1 state=2->2
20:40:47.256  1286 opcode=0x03E4 elapsed_us=46.9 ret=1 flag=1->1 state=2->2
20:40:47.256  1287 opcode=0x03E4 elapsed_us=37.4 ret=1 flag=1->1 state=2->2
20:40:47.256  1288 opcode=0x03E4 elapsed_us=34.5 ret=1 flag=1->1 state=2->2
20:40:47.366  1289 opcode=0x03E4 elapsed_us=85.2 ret=1 flag=1->1 state=2->2
20:40:47.606  1290 opcode=0x03E4 elapsed_us=83.8 ret=1 flag=1->1 state=2->2
20:40:48.146  1291 opcode=0x03E4 elapsed_us=98.5 ret=1 flag=1->1 state=2->2
20:40:48.176  1292 opcode=0x03E4 elapsed_us=95.0 ret=1 flag=1->1 state=2->2
20:40:48.326  1293 opcode=0x03E4 elapsed_us=94.5 ret=1 flag=1->1 state=2->2
20:40:48.326  1294 opcode=0x03E4 elapsed_us=53.0 ret=1 flag=1->1 state=2->2
20:40:48.326  1295 opcode=0x03E4 elapsed_us=54.2 ret=1 flag=1->1 state=2->2
20:40:48.327  1296 opcode=0x03E4 elapsed_us=46.6 ret=1 flag=1->1 state=2->2
20:40:48.327  1297 opcode=0x03E4 elapsed_us=40.5 ret=1 flag=1->1 state=2->2
20:40:48.327  1298 opcode=0x03E4 elapsed_us=39.3 ret=1 flag=1->1 state=2->2
20:40:48.327  1299 opcode=0x03E4 elapsed_us=39.2 ret=1 flag=1->1 state=2->2
20:40:48.328  1300 opcode=0x03E4 elapsed_us=36.2 ret=1 flag=1->1 state=2->2
20:40:48.328  1301 opcode=0x03E4 elapsed_us=33.8 ret=1 flag=1->1 state=2->2
20:40:48.328  1302 opcode=0x03E4 elapsed_us=33.5 ret=1 flag=1->1 state=2->2
20:40:48.328  1303 opcode=0x03E4 elapsed_us=32.0 ret=1 flag=1->1 state=2->2
20:40:48.329  1304 opcode=0x03E4 elapsed_us=31.9 ret=1 flag=1->1 state=2->2
20:40:48.329  1305 opcode=0x03E4 elapsed_us=31.8 ret=1 flag=1->1 state=2->2
20:40:48.329  1306 opcode=0x03E4 elapsed_us=32.3 ret=1 flag=1->1 state=2->2
20:40:48.329  1307 opcode=0x03E4 elapsed_us=31.4 ret=1 flag=1->1 state=2->2
20:40:48.330  1308 opcode=0x03E4 elapsed_us=33.0 ret=1 flag=1->1 state=2->2
20:40:48.330  1309 opcode=0x03E4 elapsed_us=32.0 ret=1 flag=1->1 state=2->2
20:40:48.330  1310 opcode=0x03E4 elapsed_us=31.0 ret=1 flag=1->1 state=2->2
20:40:48.330  1311 opcode=0x03E4 elapsed_us=31.7 ret=1 flag=1->1 state=2->2
20:40:48.330  1312 opcode=0x03E4 elapsed_us=31.0 ret=1 flag=1->1 state=2->2
20:40:48.331  1313 opcode=0x03E4 elapsed_us=31.2 ret=1 flag=1->1 state=2->2
20:40:48.331  1314 opcode=0x03E4 elapsed_us=31.0 ret=1 flag=1->1 state=2->2
20:40:48.331  1315 opcode=0x03E4 elapsed_us=31.2 ret=1 flag=1->1 state=2->2
20:40:48.331  1316 opcode=0x03E4 elapsed_us=30.9 ret=1 flag=1->1 state=2->2
20:40:48.332  1317 opcode=0x03E4 elapsed_us=32.8 ret=1 flag=1->1 state=2->2
20:40:48.332  1318 opcode=0x03E4 elapsed_us=31.1 ret=1 flag=1->1 state=2->2
20:40:48.332  1319 opcode=0x03E4 elapsed_us=31.2 ret=1 flag=1->1 state=2->2
20:40:48.332  1320 opcode=0x03E4 elapsed_us=30.8 ret=1 flag=1->1 state=2->2
20:40:48.332  1321 opcode=0x03E4 elapsed_us=30.8 ret=1 flag=1->1 state=2->2
20:40:48.333  1322 opcode=0x03E4 elapsed_us=30.7 ret=1 flag=1->1 state=2->2
20:40:48.333  1323 opcode=0x03E4 elapsed_us=31.6 ret=1 flag=1->1 state=2->2
20:40:48.333  1324 opcode=0x03E4 elapsed_us=32.3 ret=1 flag=1->1 state=2->2
20:40:48.333  1325 opcode=0x03E4 elapsed_us=31.4 ret=1 flag=1->1 state=2->2
20:40:48.334  1326 opcode=0x03E4 elapsed_us=31.6 ret=1 flag=1->1 state=2->2
20:40:48.334  1327 opcode=0x03E4 elapsed_us=31.3 ret=1 flag=1->1 state=2->2
20:40:48.334  1328 opcode=0x03E4 elapsed_us=31.8 ret=1 flag=1->1 state=2->2
20:40:48.334  1329 opcode=0x03E4 elapsed_us=32.0 ret=1 flag=1->1 state=2->2
20:40:48.335  1330 opcode=0x03E4 elapsed_us=31.4 ret=1 flag=1->1 state=2->2
20:40:48.335  1331 opcode=0x03E4 elapsed_us=38.1 ret=1 flag=1->1 state=2->2
20:40:48.335  1332 opcode=0x03E4 elapsed_us=34.4 ret=1 flag=1->1 state=2->2
20:40:48.335  1333 opcode=0x03E4 elapsed_us=33.9 ret=1 flag=1->1 state=2->2
20:40:48.335  1334 opcode=0x03E4 elapsed_us=33.6 ret=1 flag=1->1 state=2->2
20:40:48.336  1335 opcode=0x03E4 elapsed_us=32.6 ret=1 flag=1->1 state=2->2
20:40:48.336  1336 opcode=0x03E4 elapsed_us=32.4 ret=1 flag=1->1 state=2->2
20:40:48.446  1337 opcode=0x03E4 elapsed_us=86.6 ret=1 flag=1->1 state=2->2
20:40:48.686  1338 opcode=0x03E4 elapsed_us=88.5 ret=1 flag=1->1 state=2->2
20:40:49.226  1339 opcode=0x03E4 elapsed_us=102.7 ret=1 flag=1->1 state=2->2
20:40:49.256  1340 opcode=0x03E4 elapsed_us=105.9 ret=1 flag=1->1 state=2->2
20:40:49.406  1341 opcode=0x03E4 elapsed_us=92.3 ret=1 flag=1->1 state=2->2
20:40:49.406  1342 opcode=0x03E4 elapsed_us=60.2 ret=1 flag=1->1 state=2->2
20:40:49.406  1343 opcode=0x03E4 elapsed_us=47.3 ret=1 flag=1->1 state=2->2
20:40:49.407  1344 opcode=0x03E4 elapsed_us=42.4 ret=1 flag=1->1 state=2->2
20:40:49.407  1345 opcode=0x03E4 elapsed_us=37.1 ret=1 flag=1->1 state=2->2
20:40:49.407  1346 opcode=0x03E4 elapsed_us=34.1 ret=1 flag=1->1 state=2->2
20:40:49.407  1347 opcode=0x03E4 elapsed_us=33.7 ret=1 flag=1->1 state=2->2
20:40:49.408  1348 opcode=0x03E4 elapsed_us=40.8 ret=1 flag=1->1 state=2->2
20:40:49.408  1349 opcode=0x03E4 elapsed_us=36.7 ret=1 flag=1->1 state=2->2
20:40:49.408  1350 opcode=0x03E4 elapsed_us=34.9 ret=1 flag=1->1 state=2->2
20:40:49.408  1351 opcode=0x03E4 elapsed_us=32.9 ret=1 flag=1->1 state=2->2
20:40:49.409  1352 opcode=0x03E4 elapsed_us=32.0 ret=1 flag=1->1 state=2->2
20:40:49.409  1353 opcode=0x03E4 elapsed_us=32.9 ret=1 flag=1->1 state=2->2
20:40:49.409  1354 opcode=0x03E4 elapsed_us=31.9 ret=1 flag=1->1 state=2->2
20:40:49.409  1355 opcode=0x03E4 elapsed_us=32.7 ret=1 flag=1->1 state=2->2
20:40:49.409  1356 opcode=0x03E4 elapsed_us=31.7 ret=1 flag=1->1 state=2->2
20:40:49.410  1357 opcode=0x03E4 elapsed_us=31.4 ret=1 flag=1->1 state=2->2
20:40:49.410  1358 opcode=0x03E4 elapsed_us=31.8 ret=1 flag=1->1 state=2->2
20:40:49.410  1359 opcode=0x03E4 elapsed_us=31.4 ret=1 flag=1->1 state=2->2
20:40:49.410  1360 opcode=0x03E4 elapsed_us=30.8 ret=1 flag=1->1 state=2->2
20:40:49.411  1361 opcode=0x03E4 elapsed_us=31.4 ret=1 flag=1->1 state=2->2
20:40:49.411  1362 opcode=0x03E4 elapsed_us=31.2 ret=1 flag=1->1 state=2->2
20:40:49.411  1363 opcode=0x03E4 elapsed_us=30.9 ret=1 flag=1->1 state=2->2
20:40:49.411  1364 opcode=0x03E4 elapsed_us=31.2 ret=1 flag=1->1 state=2->2
20:40:49.411  1365 opcode=0x03E4 elapsed_us=30.9 ret=1 flag=1->1 state=2->2
20:40:49.412  1366 opcode=0x03E4 elapsed_us=31.3 ret=1 flag=1->1 state=2->2
20:40:49.412  1367 opcode=0x03E4 elapsed_us=31.1 ret=1 flag=1->1 state=2->2
20:40:49.412  1368 opcode=0x03E4 elapsed_us=31.4 ret=1 flag=1->1 state=2->2
20:40:49.412  1369 opcode=0x03E4 elapsed_us=31.0 ret=1 flag=1->1 state=2->2
20:40:49.413  1370 opcode=0x03E4 elapsed_us=32.5 ret=1 flag=1->1 state=2->2
20:40:49.413  1371 opcode=0x03E4 elapsed_us=32.3 ret=1 flag=1->1 state=2->2
20:40:49.413  1372 opcode=0x03E4 elapsed_us=31.3 ret=1 flag=1->1 state=2->2
20:40:49.413  1373 opcode=0x03E4 elapsed_us=32.9 ret=1 flag=1->1 state=2->2
20:40:49.414  1374 opcode=0x03E4 elapsed_us=32.3 ret=1 flag=1->1 state=2->2
20:40:49.414  1375 opcode=0x03E4 elapsed_us=34.8 ret=1 flag=1->1 state=2->2
20:40:49.414  1376 opcode=0x03E4 elapsed_us=31.3 ret=1 flag=1->1 state=2->2
20:40:49.414  1377 opcode=0x03E4 elapsed_us=31.4 ret=1 flag=1->1 state=2->2
20:40:49.414  1378 opcode=0x03E4 elapsed_us=31.4 ret=1 flag=1->1 state=2->2
20:40:49.415  1379 opcode=0x03E4 elapsed_us=31.2 ret=1 flag=1->1 state=2->2
20:40:49.415  1380 opcode=0x03E4 elapsed_us=39.0 ret=1 flag=1->1 state=2->2
20:40:49.415  1381 opcode=0x03E4 elapsed_us=34.7 ret=1 flag=1->1 state=2->2
20:40:49.415  1382 opcode=0x03E4 elapsed_us=33.2 ret=1 flag=1->1 state=2->2
20:40:49.416  1383 opcode=0x03E4 elapsed_us=31.8 ret=1 flag=1->1 state=2->2
20:40:49.416  1384 opcode=0x03E4 elapsed_us=32.3 ret=1 flag=1->1 state=2->2
20:40:49.526  1385 opcode=0x03E4 elapsed_us=98.7 ret=1 flag=1->1 state=2->2
20:40:49.767  1386 opcode=0x03E4 elapsed_us=91.7 ret=1 flag=1->1 state=2->2
20:40:50.142 ***** SESSION obj=0x6098898 +0x2270=0x00 +0x227c=0x00 world=0 channel=0 -> no dialog (flag bit 2 clear) *****
20:40:50.306  1387 opcode=0x03E4 elapsed_us=96.9 ret=1 flag=1->1 state=2->2
20:40:50.336  1388 opcode=0x03E4 elapsed_us=109.8 ret=1 flag=1->1 state=2->2
20:40:50.487  1389 opcode=0x03E4 elapsed_us=92.5 ret=1 flag=1->1 state=2->2
20:40:50.487  1390 opcode=0x03E4 elapsed_us=61.6 ret=1 flag=1->1 state=2->2
20:40:50.487  1391 opcode=0x03E4 elapsed_us=45.6 ret=1 flag=1->1 state=2->2
20:40:50.488  1392 opcode=0x03E4 elapsed_us=47.4 ret=1 flag=1->1 state=2->2
20:40:50.488  1393 opcode=0x03E4 elapsed_us=39.9 ret=1 flag=1->1 state=2->2
20:40:50.488  1394 opcode=0x03E4 elapsed_us=36.2 ret=1 flag=1->1 state=2->2
20:40:50.488  1395 opcode=0x03E4 elapsed_us=33.2 ret=1 flag=1->1 state=2->2
20:40:50.488  1396 opcode=0x03E4 elapsed_us=33.7 ret=1 flag=1->1 state=2->2
20:40:50.489  1397 opcode=0x03E4 elapsed_us=31.8 ret=1 flag=1->1 state=2->2
20:40:50.489  1398 opcode=0x03E4 elapsed_us=31.4 ret=1 flag=1->1 state=2->2
20:40:50.489  1399 opcode=0x03E4 elapsed_us=32.3 ret=1 flag=1->1 state=2->2
20:40:50.489  1400 opcode=0x03E4 elapsed_us=31.2 ret=1 flag=1->1 state=2->2
20:40:50.490  1401 opcode=0x03E4 elapsed_us=32.5 ret=1 flag=1->1 state=2->2
20:40:50.490  1402 opcode=0x03E4 elapsed_us=31.7 ret=1 flag=1->1 state=2->2
20:40:50.490  1403 opcode=0x03E4 elapsed_us=31.6 ret=1 flag=1->1 state=2->2
20:40:50.490  1404 opcode=0x03E4 elapsed_us=32.1 ret=1 flag=1->1 state=2->2
20:40:50.491  1405 opcode=0x03E4 elapsed_us=31.9 ret=1 flag=1->1 state=2->2
20:40:50.491  1406 opcode=0x03E4 elapsed_us=31.9 ret=1 flag=1->1 state=2->2
20:40:50.491  1407 opcode=0x03E4 elapsed_us=32.0 ret=1 flag=1->1 state=2->2
20:40:50.491  1408 opcode=0x03E4 elapsed_us=31.3 ret=1 flag=1->1 state=2->2
20:40:50.491  1409 opcode=0x03E4 elapsed_us=31.7 ret=1 flag=1->1 state=2->2
20:40:50.492  1410 opcode=0x03E4 elapsed_us=31.3 ret=1 flag=1->1 state=2->2
20:40:50.492  1411 opcode=0x03E4 elapsed_us=31.6 ret=1 flag=1->1 state=2->2
20:40:50.492  1412 opcode=0x03E4 elapsed_us=31.2 ret=1 flag=1->1 state=2->2
20:40:50.492  1413 opcode=0x03E4 elapsed_us=47.3 ret=1 flag=1->1 state=2->2
20:40:50.493  1414 opcode=0x03E4 elapsed_us=41.9 ret=1 flag=1->1 state=2->2
20:40:50.493  1415 opcode=0x03E4 elapsed_us=41.1 ret=1 flag=1->1 state=2->2
20:40:50.493  1416 opcode=0x03E4 elapsed_us=34.6 ret=1 flag=1->1 state=2->2
20:40:50.494  1417 opcode=0x03E4 elapsed_us=32.8 ret=1 flag=1->1 state=2->2
20:40:50.494  1418 opcode=0x03E4 elapsed_us=51.8 ret=1 flag=1->1 state=2->2
20:40:50.494  1419 opcode=0x03E4 elapsed_us=37.2 ret=1 flag=1->1 state=2->2
20:40:50.494  1420 opcode=0x03E4 elapsed_us=34.6 ret=1 flag=1->1 state=2->2
20:40:50.495  1421 opcode=0x03E4 elapsed_us=32.6 ret=1 flag=1->1 state=2->2
20:40:50.495  1422 opcode=0x03E4 elapsed_us=31.9 ret=1 flag=1->1 state=2->2
20:40:50.495  1423 opcode=0x03E4 elapsed_us=31.7 ret=1 flag=1->1 state=2->2
20:40:50.495  1424 opcode=0x03E4 elapsed_us=31.9 ret=1 flag=1->1 state=2->2
20:40:50.496  1425 opcode=0x03E4 elapsed_us=32.4 ret=1 flag=1->1 state=2->2
20:40:50.496  1426 opcode=0x03E4 elapsed_us=31.2 ret=1 flag=1->1 state=2->2
20:40:50.496  1427 opcode=0x03E4 elapsed_us=38.5 ret=1 flag=1->1 state=2->2
20:40:50.496  1428 opcode=0x03E4 elapsed_us=34.6 ret=1 flag=1->1 state=2->2
20:40:50.496  1429 opcode=0x03E4 elapsed_us=32.5 ret=1 flag=1->1 state=2->2
20:40:50.497  1430 opcode=0x03E4 elapsed_us=32.1 ret=1 flag=1->1 state=2->2
20:40:50.497  1431 opcode=0x03E4 elapsed_us=31.6 ret=1 flag=1->1 state=2->2
20:40:50.497  1432 opcode=0x03E4 elapsed_us=32.2 ret=1 flag=1->1 state=2->2
20:40:50.516  1433 opcode=0x03E4 elapsed_us=91.9 ret=1 flag=1->1 state=2->2
20:40:50.667  1434 opcode=0x03E4 elapsed_us=104.5 ret=1 flag=1->1 state=2->2
20:40:51.147  1435 opcode=0x03E4 elapsed_us=96.4 ret=1 flag=1->1 state=2->2
20:40:51.387  1436 opcode=0x03E4 elapsed_us=113.1 ret=1 flag=1->1 state=2->2
20:40:51.567  1437 opcode=0x03E4 elapsed_us=86.9 ret=1 flag=1->1 state=2->2
20:40:51.567  1438 opcode=0x03E4 elapsed_us=55.1 ret=1 flag=1->1 state=2->2
20:40:51.567  1439 opcode=0x03E4 elapsed_us=40.9 ret=1 flag=1->1 state=2->2
20:40:51.567  1440 opcode=0x03E4 elapsed_us=36.4 ret=1 flag=1->1 state=2->2
20:40:51.568  1441 opcode=0x03E4 elapsed_us=39.3 ret=1 flag=1->1 state=2->2
20:40:51.568  1442 opcode=0x03E4 elapsed_us=39.9 ret=1 flag=1->1 state=2->2
20:40:51.568  1443 opcode=0x03E4 elapsed_us=39.5 ret=1 flag=1->1 state=2->2
20:40:51.569  1444 opcode=0x03E4 elapsed_us=40.1 ret=1 flag=1->1 state=2->2
20:40:51.569  1445 opcode=0x03E4 elapsed_us=36.1 ret=1 flag=1->1 state=2->2
20:40:51.569  1446 opcode=0x03E4 elapsed_us=33.2 ret=1 flag=1->1 state=2->2
20:40:51.569  1447 opcode=0x03E4 elapsed_us=32.3 ret=1 flag=1->1 state=2->2
20:40:51.570  1448 opcode=0x03E4 elapsed_us=32.1 ret=1 flag=1->1 state=2->2
20:40:51.570  1449 opcode=0x03E4 elapsed_us=31.4 ret=1 flag=1->1 state=2->2
20:40:51.570  1450 opcode=0x03E4 elapsed_us=31.8 ret=1 flag=1->1 state=2->2
20:40:51.570  1451 opcode=0x03E4 elapsed_us=31.3 ret=1 flag=1->1 state=2->2
20:40:51.570  1452 opcode=0x03E4 elapsed_us=32.3 ret=1 flag=1->1 state=2->2
20:40:51.571  1453 opcode=0x03E4 elapsed_us=31.2 ret=1 flag=1->1 state=2->2
20:40:51.571  1454 opcode=0x03E4 elapsed_us=31.9 ret=1 flag=1->1 state=2->2
20:40:51.571  1455 opcode=0x03E4 elapsed_us=32.3 ret=1 flag=1->1 state=2->2
20:40:51.571  1456 opcode=0x03E4 elapsed_us=31.2 ret=1 flag=1->1 state=2->2
20:40:51.572  1457 opcode=0x03E4 elapsed_us=31.4 ret=1 flag=1->1 state=2->2
20:40:51.572  1458 opcode=0x03E4 elapsed_us=31.9 ret=1 flag=1->1 state=2->2
20:40:51.572  1459 opcode=0x03E4 elapsed_us=31.1 ret=1 flag=1->1 state=2->2
20:40:51.572  1460 opcode=0x03E4 elapsed_us=31.1 ret=1 flag=1->1 state=2->2
20:40:51.572  1461 opcode=0x03E4 elapsed_us=31.2 ret=1 flag=1->1 state=2->2
20:40:51.573  1462 opcode=0x03E4 elapsed_us=31.1 ret=1 flag=1->1 state=2->2
20:40:51.573  1463 opcode=0x03E4 elapsed_us=30.7 ret=1 flag=1->1 state=2->2
20:40:51.573  1464 opcode=0x03E4 elapsed_us=31.0 ret=1 flag=1->1 state=2->2
20:40:51.573  1465 opcode=0x03E4 elapsed_us=31.3 ret=1 flag=1->1 state=2->2
20:40:51.574  1466 opcode=0x03E4 elapsed_us=32.6 ret=1 flag=1->1 state=2->2
20:40:51.574  1467 opcode=0x03E4 elapsed_us=38.0 ret=1 flag=1->1 state=2->2
20:40:51.574  1468 opcode=0x03E4 elapsed_us=34.2 ret=1 flag=1->1 state=2->2
20:40:51.574  1469 opcode=0x03E4 elapsed_us=32.8 ret=1 flag=1->1 state=2->2
20:40:51.575  1470 opcode=0x03E4 elapsed_us=32.3 ret=1 flag=1->1 state=2->2
20:40:51.575  1471 opcode=0x03E4 elapsed_us=31.6 ret=1 flag=1->1 state=2->2
20:40:51.575  1472 opcode=0x03E4 elapsed_us=31.6 ret=1 flag=1->1 state=2->2
20:40:51.575  1473 opcode=0x03E4 elapsed_us=32.8 ret=1 flag=1->1 state=2->2
20:40:51.576  1474 opcode=0x03E4 elapsed_us=31.8 ret=1 flag=1->1 state=2->2
20:40:51.576  1475 opcode=0x03E4 elapsed_us=31.2 ret=1 flag=1->1 state=2->2
20:40:51.576  1476 opcode=0x03E4 elapsed_us=31.9 ret=1 flag=1->1 state=2->2
20:40:51.576  1477 opcode=0x03E4 elapsed_us=31.6 ret=1 flag=1->1 state=2->2
20:40:51.576  1478 opcode=0x03E4 elapsed_us=31.2 ret=1 flag=1->1 state=2->2
20:40:51.577  1479 opcode=0x03E4 elapsed_us=32.1 ret=1 flag=1->1 state=2->2
20:40:51.577  1480 opcode=0x03E4 elapsed_us=31.5 ret=1 flag=1->1 state=2->2
20:40:51.597  1481 opcode=0x03E4 elapsed_us=112.4 ret=1 flag=1->1 state=2->2
20:40:51.687  1482 opcode=0x03E4 elapsed_us=104.5 ret=1 flag=1->1 state=2->2
20:40:52.226  1483 opcode=0x03E4 elapsed_us=91.5 ret=1 flag=1->1 state=2->2
20:40:52.407  1484 opcode=0x03E4 elapsed_us=92.2 ret=1 flag=1->1 state=2->2
20:40:52.407  1485 opcode=0x03E4 elapsed_us=58.2 ret=1 flag=1->1 state=2->2
20:40:52.467  1486 opcode=0x03E4 elapsed_us=103.2 ret=1 flag=1->1 state=2->2
20:40:52.647  1487 opcode=0x03E4 elapsed_us=91.7 ret=1 flag=1->1 state=2->2
20:40:52.647  1488 opcode=0x03E4 elapsed_us=55.2 ret=1 flag=1->1 state=2->2
20:40:52.647  1489 opcode=0x03E4 elapsed_us=42.2 ret=1 flag=1->1 state=2->2
20:40:52.648  1490 opcode=0x03E4 elapsed_us=43.5 ret=1 flag=1->1 state=2->2
20:40:52.648  1491 opcode=0x03E4 elapsed_us=37.4 ret=1 flag=1->1 state=2->2
20:40:52.648  1492 opcode=0x03E4 elapsed_us=33.2 ret=1 flag=1->1 state=2->2
20:40:52.648  1493 opcode=0x03E4 elapsed_us=32.2 ret=1 flag=1->1 state=2->2
20:40:52.649  1494 opcode=0x03E4 elapsed_us=32.0 ret=1 flag=1->1 state=2->2
20:40:52.649  1495 opcode=0x03E4 elapsed_us=31.4 ret=1 flag=1->1 state=2->2
20:40:52.649  1496 opcode=0x03E4 elapsed_us=31.4 ret=1 flag=1->1 state=2->2
20:40:52.649  1497 opcode=0x03E4 elapsed_us=31.4 ret=1 flag=1->1 state=2->2
20:40:52.650  1498 opcode=0x03E4 elapsed_us=31.3 ret=1 flag=1->1 state=2->2
20:40:52.650  1499 opcode=0x03E4 elapsed_us=32.1 ret=1 flag=1->1 state=2->2
20:40:52.650  1500 opcode=0x03E4 elapsed_us=31.7 ret=1 flag=1->1 state=2->2
20:40:52.650  1501 opcode=0x03E4 elapsed_us=31.3 ret=1 flag=1->1 state=2->2
20:40:52.651  1502 opcode=0x03E4 elapsed_us=31.3 ret=1 flag=1->1 state=2->2
20:40:52.651  1503 opcode=0x03E4 elapsed_us=31.3 ret=1 flag=1->1 state=2->2
20:40:52.651  1504 opcode=0x03E4 elapsed_us=31.2 ret=1 flag=1->1 state=2->2
20:40:52.651  1505 opcode=0x03E4 elapsed_us=31.1 ret=1 flag=1->1 state=2->2
20:40:52.651  1506 opcode=0x03E4 elapsed_us=30.9 ret=1 flag=1->1 state=2->2
20:40:52.652  1507 opcode=0x03E4 elapsed_us=32.4 ret=1 flag=1->1 state=2->2
20:40:52.652  1508 opcode=0x03E4 elapsed_us=31.4 ret=1 flag=1->1 state=2->2
20:40:52.652  1509 opcode=0x03E4 elapsed_us=31.2 ret=1 flag=1->1 state=2->2
20:40:52.652  1510 opcode=0x03E4 elapsed_us=31.2 ret=1 flag=1->1 state=2->2
20:40:52.653  1511 opcode=0x03E4 elapsed_us=32.6 ret=1 flag=1->1 state=2->2
20:40:52.653  1512 opcode=0x03E4 elapsed_us=31.5 ret=1 flag=1->1 state=2->2
20:40:52.653  1513 opcode=0x03E4 elapsed_us=31.0 ret=1 flag=1->1 state=2->2
20:40:52.653  1514 opcode=0x03E4 elapsed_us=31.3 ret=1 flag=1->1 state=2->2
20:40:52.654  1515 opcode=0x03E4 elapsed_us=38.7 ret=1 flag=1->1 state=2->2
20:40:52.654  1516 opcode=0x03E4 elapsed_us=38.5 ret=1 flag=1->1 state=2->2
20:40:52.654  1517 opcode=0x03E4 elapsed_us=35.1 ret=1 flag=1->1 state=2->2
20:40:52.654  1518 opcode=0x03E4 elapsed_us=32.9 ret=1 flag=1->1 state=2->2
20:40:52.655  1519 opcode=0x03E4 elapsed_us=32.5 ret=1 flag=1->1 state=2->2
20:40:52.655  1520 opcode=0x03E4 elapsed_us=39.2 ret=1 flag=1->1 state=2->2
20:40:52.655  1521 opcode=0x03E4 elapsed_us=34.6 ret=1 flag=1->1 state=2->2
20:40:52.655  1522 opcode=0x03E4 elapsed_us=33.3 ret=1 flag=1->1 state=2->2
20:40:52.656  1523 opcode=0x03E4 elapsed_us=31.9 ret=1 flag=1->1 state=2->2
20:40:52.656  1524 opcode=0x03E4 elapsed_us=31.8 ret=1 flag=1->1 state=2->2
20:40:52.656  1525 opcode=0x03E4 elapsed_us=31.1 ret=1 flag=1->1 state=2->2
20:40:52.656  1526 opcode=0x03E4 elapsed_us=31.0 ret=1 flag=1->1 state=2->2
20:40:52.656  1527 opcode=0x03E4 elapsed_us=31.0 ret=1 flag=1->1 state=2->2
20:40:52.657  1528 opcode=0x03E4 elapsed_us=31.1 ret=1 flag=1->1 state=2->2
20:40:52.657  1529 opcode=0x03E4 elapsed_us=30.9 ret=1 flag=1->1 state=2->2
20:40:52.657  1530 opcode=0x03E4 elapsed_us=31.7 ret=1 flag=1->1 state=2->2
20:40:52.868  1531 opcode=0x03C6 elapsed_us=506.5 ret=1 flag=1->1 state=2->2
20:40:52.868  1532 opcode=0x03D2 elapsed_us=88.1 ret=1 flag=1->1 state=2->2
20:40:52.887  1533 opcode=0x03E4 elapsed_us=98.4 ret=1 flag=1->1 state=2->2
20:40:53.127  1534 opcode=0x03E4 elapsed_us=90.3 ret=1 flag=1->1 state=2->2
20:40:53.148 ***** SESSION obj=0x6098898 +0x2270=0x00 +0x227c=0x00 world=0 channel=0 -> no dialog (flag bit 2 clear) *****
20:40:53.307  1535 opcode=0x03E4 elapsed_us=95.8 ret=1 flag=1->1 state=2->2
20:40:53.487  1536 opcode=0x03E4 elapsed_us=92.2 ret=1 flag=1->1 state=2->2
20:40:53.547  1537 opcode=0x03E4 elapsed_us=87.1 ret=1 flag=1->1 state=2->2
20:40:53.727  1538 opcode=0x03E4 elapsed_us=86.1 ret=1 flag=1->1 state=2->2
20:40:53.728  1539 opcode=0x03E4 elapsed_us=50.8 ret=1 flag=1->1 state=2->2
20:40:53.728  1540 opcode=0x03E4 elapsed_us=46.0 ret=1 flag=1->1 state=2->2
20:40:53.728  1541 opcode=0x03E4 elapsed_us=42.5 ret=1 flag=1->1 state=2->2
20:40:53.729  1542 opcode=0x03E4 elapsed_us=40.9 ret=1 flag=1->1 state=2->2
20:40:53.729  1543 opcode=0x03E4 elapsed_us=33.3 ret=1 flag=1->1 state=2->2
20:40:53.729  1544 opcode=0x03E4 elapsed_us=32.5 ret=1 flag=1->1 state=2->2
20:40:53.729  1545 opcode=0x03E4 elapsed_us=33.8 ret=1 flag=1->1 state=2->2
20:40:53.730  1546 opcode=0x03E4 elapsed_us=38.9 ret=1 flag=1->1 state=2->2
20:40:53.730  1547 opcode=0x03E4 elapsed_us=34.9 ret=1 flag=1->1 state=2->2
20:40:53.730  1548 opcode=0x03E4 elapsed_us=32.9 ret=1 flag=1->1 state=2->2
20:40:53.730  1549 opcode=0x03E4 elapsed_us=33.0 ret=1 flag=1->1 state=2->2
20:40:53.731  1550 opcode=0x03E4 elapsed_us=32.6 ret=1 flag=1->1 state=2->2
20:40:53.731  1551 opcode=0x03E4 elapsed_us=31.9 ret=1 flag=1->1 state=2->2
20:40:53.731  1552 opcode=0x03E4 elapsed_us=31.2 ret=1 flag=1->1 state=2->2
20:40:53.731  1553 opcode=0x03E4 elapsed_us=31.3 ret=1 flag=1->1 state=2->2
20:40:53.731  1554 opcode=0x03E4 elapsed_us=31.3 ret=1 flag=1->1 state=2->2
20:40:53.732  1555 opcode=0x03E4 elapsed_us=31.1 ret=1 flag=1->1 state=2->2
20:40:53.732  1556 opcode=0x03E4 elapsed_us=31.8 ret=1 flag=1->1 state=2->2
20:40:53.732  1557 opcode=0x03E4 elapsed_us=31.2 ret=1 flag=1->1 state=2->2
20:40:53.732  1558 opcode=0x03E4 elapsed_us=31.3 ret=1 flag=1->1 state=2->2
20:40:53.733  1559 opcode=0x03E4 elapsed_us=31.7 ret=1 flag=1->1 state=2->2
20:40:53.733  1560 opcode=0x03E4 elapsed_us=31.6 ret=1 flag=1->1 state=2->2
20:40:53.733  1561 opcode=0x03E4 elapsed_us=30.9 ret=1 flag=1->1 state=2->2
20:40:53.733  1562 opcode=0x03E4 elapsed_us=30.9 ret=1 flag=1->1 state=2->2
20:40:53.733  1563 opcode=0x03E4 elapsed_us=30.9 ret=1 flag=1->1 state=2->2
20:40:53.734  1564 opcode=0x03E4 elapsed_us=54.5 ret=1 flag=1->1 state=2->2
20:40:53.734  1565 opcode=0x03E4 elapsed_us=37.3 ret=1 flag=1->1 state=2->2
20:40:53.734  1566 opcode=0x03E4 elapsed_us=34.3 ret=1 flag=1->1 state=2->2
20:40:53.734  1567 opcode=0x03E4 elapsed_us=33.6 ret=1 flag=1->1 state=2->2
20:40:53.735  1568 opcode=0x03E4 elapsed_us=46.9 ret=1 flag=1->1 state=2->2
20:40:53.735  1569 opcode=0x03E4 elapsed_us=41.6 ret=1 flag=1->1 state=2->2
20:40:53.735  1570 opcode=0x03E4 elapsed_us=46.8 ret=1 flag=1->1 state=2->2
20:40:53.736  1571 opcode=0x03E4 elapsed_us=41.6 ret=1 flag=1->1 state=2->2
20:40:53.736  1572 opcode=0x03E4 elapsed_us=33.2 ret=1 flag=1->1 state=2->2
20:40:53.736  1573 opcode=0x03E4 elapsed_us=35.7 ret=1 flag=1->1 state=2->2
20:40:53.736  1574 opcode=0x03E4 elapsed_us=31.7 ret=1 flag=1->1 state=2->2
20:40:53.737  1575 opcode=0x03E4 elapsed_us=32.8 ret=1 flag=1->1 state=2->2
20:40:53.737  1576 opcode=0x03E4 elapsed_us=32.9 ret=1 flag=1->1 state=2->2
20:40:53.737  1577 opcode=0x03E4 elapsed_us=32.6 ret=1 flag=1->1 state=2->2
20:40:53.737  1578 opcode=0x03E4 elapsed_us=38.2 ret=1 flag=1->1 state=2->2
20:40:53.738  1579 opcode=0x03E4 elapsed_us=36.0 ret=1 flag=1->1 state=2->2
20:40:53.738  1580 opcode=0x03E4 elapsed_us=32.5 ret=1 flag=1->1 state=2->2
20:40:53.738  1581 opcode=0x03E4 elapsed_us=32.3 ret=1 flag=1->1 state=2->2
20:40:53.967  1582 opcode=0x03E4 elapsed_us=98.1 ret=1 flag=1->1 state=2->2
20:40:54.207  1583 opcode=0x03E4 elapsed_us=107.1 ret=1 flag=1->1 state=2->2
20:40:54.267  1584 opcode=0x03E4 elapsed_us=99.7 ret=1 flag=1->1 state=2->2
20:40:54.297  1585 opcode=0x03E4 elapsed_us=80.6 ret=1 flag=1->1 state=2->2
20:40:54.551 ***** SOCKET conn=0x603d818 +0x20=0xffffffffffffffff - closed and cleared by the client (FUN_1415e3b60 ran) *****
20:40:55.153 session: object at 0x0 is now UNREADABLE - values below are stale
20:40:56.147 instance: FindWindowA(class=NULL, title="MapleStory - Microsoft Internet Explorer") -> 0x0 (passed through)
